Workbook

Sheet Start here
B1: ACH-05 Beer's law with a smartphone photometer
B2: Excel version of the card. It does the same calculations as the R script ach05_photometer.R.
B4: How to use this workbook
B5: 1. Go to the 'Enter data' sheet. Type only in the yellow cells with blue text. Grey cells are calculated for you.
B6: 2. Fill the blocks that apply. Leave rows you did not use empty. The grey italic row above each table is an example of the format and is not used.
B7: 3. Open the 'Results' sheet. Everything there is calculated. Yellow cells on that sheet are settings you may change.
B9: What the colours mean
B10: Yellow cell, blue text: you type here.
B11: Grey cell: a formula. Sheets are protected without a password so formulas are not overwritten by accident (Review > Unprotect Sheet).
B13: Assumptions and sources
B14: Absorbance = log10(blank channel value / channel value of the sample). Use the colour channel the dye absorbs (a red dye absorbs green light).
B15: The calibration line uses only standards with absorbance at or below the limit set on the Results sheet (default 0.7), because phone cameras are not linear at high absorbance.
... B20: Compiled by Emmanuel G. Lozano, Department of Biology, College of Arts and Sciences, Pampanga State University. Original material is licensed CC BY-NC 4.0: credit required, non-commercial use only.

Sheet Enter data
A1: Enter your data
A2: Type only in yellow cells. Leave unused rows empty.
A4: 1. Blank (clean water) photo
A5: Channel value
A6: 204
A12: 2. Standards (relative concentration, channel value of each photo)
A13: Relative concentration | B13: Channel value | C13: Absorbance | D13: Conc. used | E13: Absorbance used
A14: 0.4 | B14: 130
C15: =IF(AND(ISNUMBER(A15),ISNUMBER(B15)),LOG10(AVERAGE('Enter data'!$A$7:$A$9)/B15),"") | D15: =IF(ISNUMBER(C15),IF(C15<=Results!$C$5,A15,""),"") | E15: =IF(ISNUMBER(C15),IF(C15<=Results!$C$5,C15,""),"")
C16: =IF(AND(ISNUMBER(A16),ISNUMBER(B16)),LOG10(AVERAGE('Enter data'!$A$7:$A$9)/B16),"") | D16: =IF(ISNUMBER(C16),IF(C16<=Results!$C$5,A16,""),"") | E16: =IF(ISNUMBER(C16),IF(C16<=Results!$C$5,C16,""),"")
C17: =IF(AND(ISNUMBER(A17),ISNUMBER(B17)),LOG10(AVERAGE('Enter data'!$A$7:$A$9)/B17),"") | D17: =IF(ISNUMBER(C17),IF(C17<=Results!$C$5,A17,""),"") | E17: =IF(ISNUMBER(C17),IF(C17<=Results!$C$5,C17,""),"")
C18: =IF(AND(ISNUMBER(A18),ISNUMBER(B18)),LOG10(AVERAGE('Enter data'!$A$7:$A$9)/B18),"") | D18: =IF(ISNUMBER(C18),IF(C18<=Results!$C$5,A18,""),"") | E18: =IF(ISNUMBER(C18),IF(C18<=Results!$C$5,C18,""),"")
C19: =IF(AND(ISNUMBER(A19),ISNUMBER(B19)),LOG10(AVERAGE('Enter data'!$A$7:$A$9)/B19),"") | D19: =IF(ISNUMBER(C19),IF(C19<=Results!$C$5,A19,""),"") | E19: =IF(ISNUMBER(C19),IF(C19<=Results!$C$5,C19,""),"")
C20: =IF(AND(ISNUMBER(A20),ISNUMBER(B20)),LOG10(AVERAGE('Enter data'!$A$7:$A$9)/B20),"") | D20: =IF(ISNUMBER(C20),IF(C20<=Results!$C$5,A20,""),"") | E20: =IF(ISNUMBER(C20),IF(C20<=Results!$C$5,C20,""),"")
C21: =IF(AND(ISNUMBER(A21),ISNUMBER(B21)),LOG10(AVERAGE('Enter data'!$A$7:$A$9)/B21),"") | D21: =IF(ISNUMBER(C21),IF(C21<=Results!$C$5,A21,""),"") | E21: =IF(ISNUMBER(C21),IF(C21<=Results!$C$5,C21,""),"")
C22: =IF(AND(ISNUMBER(A22),ISNUMBER(B22)),LOG10(AVERAGE('Enter data'!$A$7:$A$9)/B22),"") | D22: =IF(ISNUMBER(C22),IF(C22<=Results!$C$5,A22,""),"") | E22: =IF(ISNUMBER(C22),IF(C22<=Results!$C$5,C22,""),"")
C23: =IF(AND(ISNUMBER(A23),ISNUMBER(B23)),LOG10(AVERAGE('Enter data'!$A$7:$A$9)/B23),"") | D23: =IF(ISNUMBER(C23),IF(C23<=Results!$C$5,A23,""),"") | E23: =IF(ISNUMBER(C23),IF(C23<=Results!$C$5,C23,""),"")
C24: =IF(AND(ISNUMBER(A24),ISNUMBER(B24)),LOG10(AVERAGE('Enter data'!$A$7:$A$9)/B24),"") | D24: =IF(ISNUMBER(C24),IF(C24<=Results!$C$5,A24,""),"") | E24: =IF(ISNUMBER(C24),IF(C24<=Results!$C$5,C24,""),"")
A27: 3. Unknown (channel value of each photo)
A28: Channel value | B28: Absorbance
A29: 126
B30: =IF(ISNUMBER(A30),LOG10(AVERAGE('Enter data'!$A$7:$A$9)/A30),"")
B31: =IF(ISNUMBER(A31),LOG10(AVERAGE('Enter data'!$A$7:$A$9)/A31),"")
B32: =IF(ISNUMBER(A32),LOG10(AVERAGE('Enter data'!$A$7:$A$9)/A32),"")
B33: =IF(ISNUMBER(A33),LOG10(AVERAGE('Enter data'!$A$7:$A$9)/A33),"")
B34: =IF(ISNUMBER(A34),LOG10(AVERAGE('Enter data'!$A$7:$A$9)/A34),"")

Sheet Results
B1: Results
B2: Everything on this sheet is calculated. Change only the yellow settings.
B4: Settings
B5: Highest absorbance used for the calibration line | C5: 0.7 | D5: Standards above this are shown but not used.
B7: Calibration line over the linear range (absorbance = intercept + slope x relative concentration)
B8: Points used | C8: =IFERROR(SUMPRODUCT(--ISNUMBER('Enter data'!$D$15:$D$24),--ISNUMBER('Enter data'!$E$15:$E$24)),"") -> 0
B9: Slope (per relative unit) | C9: =IFERROR(SLOPE('Enter data'!$E$15:$E$24,'Enter data'!$D$15:$D$24),"")
B10: Intercept (per relative unit) | C10: =IFERROR(INTERCEPT('Enter data'!$E$15:$E$24,'Enter data'!$D$15:$D$24),"")
B11: R squared | C11: =IFERROR(RSQ('Enter data'!$E$15:$E$24,'Enter data'!$D$15:$D$24),"")
B12: Residual standard deviation | C12: =IFERROR(STEYX('Enter data'!$E$15:$E$24,'Enter data'!$D$15:$D$24),"")
B13: Standard error of the slope | C13: =IFERROR($C$12/SQRT(DEVSQ('Enter data'!$D$15:$D$24)),"")
B14: 95% interval for the slope, lower | C14: =IFERROR($C$9-TINV(0.05,$C$8-2)*$C$13,"")
B15: 95% interval for the slope, upper | C15: =IFERROR($C$9+TINV(0.05,$C$8-2)*$C$13,"")
B17: Unknown
B18: Photos used | C18: =IFERROR(COUNT('Enter data'!$B$30:$B$34),"") -> 0
B19: Mean absorbance | C19: =IFERROR(AVERAGE('Enter data'!$B$30:$B$34),"")
B20: Relative concentration | C20: =IFERROR(($C$19-$C$10)/$C$9,"")
B21: Approximate standard error | C21: =IFERROR($C$12*SQRT(1/$C$18+1/$C$8+($C$20-AVERAGE('Enter data'!$D$15:$D$24))^2/DEVSQ('Enter data'!$D$15:$D$24))/$C$9,"")
B22: 95% interval, lower | C22: =IFERROR($C$20-TINV(0.05,$C$8-2)*$C$21,"")
B23: 95% interval, upper | C23: =IFERROR($C$20+TINV(0.05,$C$8-2)*$C$21,"")
