Workbook

Sheet Start here
B1: ACH-03 Total water hardness by EDTA titration
B2: Excel version of the card. It does the same calculations as the R script ach03_edta_hardness.R.
B4: How to use this workbook
B5: 1. Go to the 'Enter data' sheet. Type only in the yellow cells with blue text. Grey cells are calculated for you.
B6: 2. Fill the blocks that apply. Leave rows you did not use empty. The grey italic row above each table is an example of the format and is not used.
B7: 3. Open the 'Results' sheet. Everything there is calculated. Yellow cells on that sheet are settings you may change.
B9: What the colours mean
B10: Yellow cell, blue text: you type here.
B11: Grey cell: a formula. Sheets are protected without a password so formulas are not overwritten by accident (Review > Unprotect Sheet).
B13: Assumptions and sources
B14: Hardness (mg/L as CaCO3) = M(EDTA) x V(EDTA, mL) x 100.09 x 1000 / V(sample, mL). Classes: soft under 60, moderately hard 60 to 120, hard 120 to 180, very hard 180 and above.
B15: Spike recovery = (hardness of the spiked sample - hardness of the unspiked sample) / amount added x 100. The small dilution from adding the spike is ignored.
... B19: Compiled by Emmanuel G. Lozano, Department of Biology, College of Arts and Sciences, Pampanga State University. Original material is licensed CC BY-NC 4.0: credit required, non-commercial use only.

Sheet Enter data
A1: Enter your data
A2: Type only in yellow cells. Leave unused rows empty.
A4: 1. EDTA volumes (mL) for each water source, one row per titration. Type the source names in the yellow header cells.
A5: Titration | B5: Tap water | C5: Well water | D5: Bottled water | E5: Stream water | F5: Spiked tap water
A6: Titration 1 | B6: 8.5 | C6: 21 | D6: 2.7 | E6: 12.1 | F6: 12.3
A7: Titration 1 | B7: 4.2 | C7: 10.46 | D7: 1.35 | E7: 6.01 | F7: 6.12
A8: Titration 2 | B8: 4.34 | C8: 10.43 | D8: 1.34 | E8: 5.92 | F8: 6.19
A9: Titration 3 | B9: 4.18 | C9: 10.55 | D9: 1.35 | E9: 6.04 | F9: 6.28
A10: Titration 4 | B10: 4.2 | C10: 10.3 | D10: 1.44 | E10: 6.03 | F10: 6.16
A11: Titration 5
A12: Titration 6

Sheet Results
B1: Results
B2: Everything on this sheet is calculated. Change only the yellow settings.
B4: Settings
B5: EDTA molarity (mol/L) | C5: 0.01
B6: Sample volume titrated (mL) | C6: 50
B7: Amount added in the spike (mg/L as CaCO3) | C7: 40 | D7: Concentration increase in the spiked sample.
B9: Hardness by source (mg/L as CaCO3)
B10: Source | C10: n | D10: Mean hardness | E10: SD | F10: 95% CI, lower | G10: 95% CI, upper | H10: Class
B11: =IFERROR('Enter data'!$B$5,"") -> Tap water | C11: =IFERROR(COUNT('Enter data'!$B$7:$B$12),"") -> 4 | D11: =IFERROR(AVERAGE('Enter data'!$B$7:$B$12)*Results!$C$5*100.09*1000/Results!$C$6,"") -> 84.67614 | E11: =IFERROR(STDEV('Enter data'!$B$7:$B$12)*Results!$C$5*100.09*1000/Results!$C$6,"") -> 1.4800691 | F11: =IFERROR(D11-TINV(0.05,C11-1)*E11/SQRT(C11),"") -> 82.32102 | G11: =IFERROR(D11+TINV(0.05,C11-1)*E11/SQRT(C11),"") -> 87.03126 | H11: =IFERROR(IF(D11<60,"soft",IF(D11<120,"moderately hard",IF(D11<180,"hard","very hard"))),"") -> moderately hard
B12: =IFERROR('Enter data'!$C$5,"") -> Well water | C12: =IFERROR(COUNT('Enter data'!$C$7:$C$12),"") -> 4 | D12: =IFERROR(AVERAGE('Enter data'!$C$7:$C$12)*Results!$C$5*100.09*1000/Results!$C$6,"") -> 208.88783 | E12: =IFERROR(STDEV('Enter data'!$C$7:$C$12)*Results!$C$5*100.09*1000/Results!$C$6,"") -> 2.070678 | F12: =IFERROR(D12-TINV(0.05,C12-1)*E12/SQRT(C12),"") -> 205.59292 | G12: =IFERROR(D12+TINV(0.05,C12-1)*E12/SQRT(C12),"") -> 212.18274 | H12: =IFERROR(IF(D12<60,"soft",IF(D12<120,"moderately hard",IF(D12<180,"hard","very hard"))),"") -> very hard
B13: =IFERROR('Enter data'!$D$5,"") -> Bottled water | C13: =IFERROR(COUNT('Enter data'!$D$7:$D$12),"") -> 4 | D13: =IFERROR(AVERAGE('Enter data'!$D$7:$D$12)*Results!$C$5*100.09*1000/Results!$C$6,"") -> 27.42466 | E13: =IFERROR(STDEV('Enter data'!$D$7:$D$12)*Results!$C$5*100.09*1000/Results!$C$6,"") -> 0.93892743 | F13: =IFERROR(D13-TINV(0.05,C13-1)*E13/SQRT(C13),"") -> 25.930617 | G13: =IFERROR(D13+TINV(0.05,C13-1)*E13/SQRT(C13),"") -> 28.918703 | H13: =IFERROR(IF(D13<60,"soft",IF(D13<120,"moderately hard",IF(D13<180,"hard","very hard"))),"") -> soft
B14: =IFERROR('Enter data'!$E$5,"") -> Stream water | C14: =IFERROR(COUNT('Enter data'!$E$7:$E$12),"") -> 4 | D14: =IFERROR(AVERAGE('Enter data'!$E$7:$E$12)*Results!$C$5*100.09*1000/Results!$C$6,"") -> 120.108 | E14: =IFERROR(STDEV('Enter data'!$E$7:$E$12)*Results!$C$5*100.09*1000/Results!$C$6,"") -> 1.096431 | F14: =IFERROR(D14-TINV(0.05,C14-1)*E14/SQRT(C14),"") -> 118.36333 | G14: =IFERROR(D14+TINV(0.05,C14-1)*E14/SQRT(C14),"") -> 121.85267 | H14: =IFERROR(IF(D14<60,"soft",IF(D14<120,"moderately hard",IF(D14<180,"hard","very hard"))),"") -> hard
B15: =IFERROR('Enter data'!$F$5,"") -> Spiked tap water | C15: =IFERROR(COUNT('Enter data'!$F$7:$F$12),"") -> 4 | D15: =IFERROR(AVERAGE('Enter data'!$F$7:$F$12)*Results!$C$5*100.09*1000/Results!$C$6,"") -> 123.86137 | E15: =IFERROR(STDEV('Enter data'!$F$7:$F$12)*Results!$C$5*100.09*1000/Results!$C$6,"") -> 1.3613712 | F15: =IFERROR(D15-TINV(0.05,C15-1)*E15/SQRT(C15),"") -> 121.69513 | G15: =IFERROR(D15+TINV(0.05,C15-1)*E15/SQRT(C15),"") -> 126.02762 | H15: =IFERROR(IF(D15<60,"soft",IF(D15<120,"moderately hard",IF(D15<180,"hard","very hard"))),"") -> hard
B18: Spike recovery (tap water)
B19: Recovery (%) | C19: =IFERROR(100*($D$15-$D$11)/Results!$C$7,"") -> 97.963088 | D19: Roughly 80 to 120 percent is commonly accepted; use your laboratory's own rule.
B20: Standardization check: 10.0 mg CaCO3 titrated with 10.0 mL EDTA gives (mol/L) | C20: =IFERROR((10/100.09)/10,"") -> 0.0099910081
