Workbook

Sheet Start here
B1: ACH-02 Acetic acid in vinegar by titration
B2: Excel version of the card. It does the same calculations as the R script ach02_vinegar_titration.R.
B4: How to use this workbook
B5: 1. Go to the 'Enter data' sheet. Type only in the yellow cells with blue text. Grey cells are calculated for you.
B6: 2. Fill the blocks that apply. Leave rows you did not use empty. The grey italic row above each table is an example of the format and is not used.
B7: 3. Open the 'Results' sheet. Everything there is calculated. Yellow cells on that sheet are settings you may change.
B9: What the colours mean
B10: Yellow cell, blue text: you type here.
B11: Grey cell: a formula. Sheets are protected without a password so formulas are not overwritten by accident (Review > Unprotect Sheet).
B13: Assumptions and sources
B14: NaOH molarity = (KHP mass / 204.22 g/mol) / NaOH volume in litres. Acetic acid (g per 100 mL of vinegar) = M x V(NaOH, L) x 60.05 / (aliquot mL / dilution factor) x 100.
B15: Check whether the label gives percent by volume or by mass; vinegar density is close to 1 g/mL.
... B22: Compiled by Emmanuel G. Lozano, Department of Biology, College of Arts and Sciences, Pampanga State University. Original material is licensed CC BY-NC 4.0: credit required, non-commercial use only.

Sheet Enter data
A1: Enter your data
A2: Type only in yellow cells. Leave unused rows empty.
A4: 1. Standardization of the NaOH
A5: KHP mass (g) | B5: NaOH volume to endpoint (mL) | C5: NaOH molarity
A6: 0.51 | B6: 24.95
C7: =IF(AND(ISNUMBER(A7),ISNUMBER(B7)),(A7/204.22)/(B7/1000),"")
C8: =IF(AND(ISNUMBER(A8),ISNUMBER(B8)),(A8/204.22)/(B8/1000),"")
C9: =IF(AND(ISNUMBER(A9),ISNUMBER(B9)),(A9/204.22)/(B9/1000),"")
C10: =IF(AND(ISNUMBER(A10),ISNUMBER(B10)),(A10/204.22)/(B10/1000),"")
C11: =IF(AND(ISNUMBER(A11),ISNUMBER(B11)),(A11/204.22)/(B11/1000),"")
C12: =IF(AND(ISNUMBER(A12),ISNUMBER(B12)),(A12/204.22)/(B12/1000),"")
A15: 2. Vinegars
A16: Vinegar name | B16: Label strength (g per 100 mL)
A17: Brand A | B17: 5
A23: 3. NaOH volumes for vinegar 1 (one row per titration)
A24: NaOH volume (mL)
A25: 8.3
A34: 4. NaOH volumes for vinegar 2 (one row per titration)
A35: NaOH volume (mL)
A36: 8.3
A45: 5. NaOH volumes for vinegar 3 (one row per titration)
A46: NaOH volume (mL)
A47: 8.3

Sheet Results
B1: Results
B2: Everything on this sheet is calculated. Change only the yellow settings.
B4: Settings
B5: Aliquot titrated (mL) | C5: 10
B6: Dilution factor (10 mL made up to 100 mL = 10) | C6: 10
B8: NaOH standardization
B9: Standardizations used | C9: =IFERROR(COUNT('Enter data'!$C$7:$C$12),"") -> 0
B10: Mean molarity | C10: =IFERROR(AVERAGE('Enter data'!$C$7:$C$12),"")
B11: Standard deviation of the molarity | C11: =IFERROR(STDEV('Enter data'!$C$7:$C$12),"")
B13: Acetic acid in each vinegar (g per 100 mL)
B14: Vinegar | C14: n | D14: Label | E14: Mean | F14: SD | G14: 95% CI, lower | H14: 95% CI, upper | I14: p (mean = label)
B15: =IFERROR(IF('Enter data'!$A$18="","",'Enter data'!$A$18),"") | C15: =IFERROR(COUNT('Enter data'!$A$26:$A$31),"") -> 0 | D15: =IFERROR('Enter data'!$B$18,"") -> 0 | E15: =IFERROR(AVERAGE('Enter data'!$A$26:$A$31)*$C$10/1000*60.05/(Results!$C$5/Results!$C$6)*100,"") | F15: =IFERROR(STDEV('Enter data'!$A$26:$A$31)*$C$10/1000*60.05/(Results!$C$5/Results!$C$6)*100,"") | G15: =IFERROR(E15-TINV(0.05,C15-1)*F15/SQRT(C15),"") | H15: =IFERROR(E15+TINV(0.05,C15-1)*F15/SQRT(C15),"") | I15: =IFERROR(TDIST(ABS((E15-D15)/(F15/SQRT(C15))),C15-1,2),"")
B16: =IFERROR(IF('Enter data'!$A$19="","",'Enter data'!$A$19),"") | C16: =IFERROR(COUNT('Enter data'!$A$37:$A$42),"") -> 0 | D16: =IFERROR('Enter data'!$B$19,"") -> 0 | E16: =IFERROR(AVERAGE('Enter data'!$A$37:$A$42)*$C$10/1000*60.05/(Results!$C$5/Results!$C$6)*100,"") | F16: =IFERROR(STDEV('Enter data'!$A$37:$A$42)*$C$10/1000*60.05/(Results!$C$5/Results!$C$6)*100,"") | G16: =IFERROR(E16-TINV(0.05,C16-1)*F16/SQRT(C16),"") | H16: =IFERROR(E16+TINV(0.05,C16-1)*F16/SQRT(C16),"") | I16: =IFERROR(TDIST(ABS((E16-D16)/(F16/SQRT(C16))),C16-1,2),"")
B17: =IFERROR(IF('Enter data'!$A$20="","",'Enter data'!$A$20),"") | C17: =IFERROR(COUNT('Enter data'!$A$48:$A$53),"") -> 0 | D17: =IFERROR('Enter data'!$B$20,"") -> 0 | E17: =IFERROR(AVERAGE('Enter data'!$A$48:$A$53)*$C$10/1000*60.05/(Results!$C$5/Results!$C$6)*100,"") | F17: =IFERROR(STDEV('Enter data'!$A$48:$A$53)*$C$10/1000*60.05/(Results!$C$5/Results!$C$6)*100,"") | G17: =IFERROR(E17-TINV(0.05,C17-1)*F17/SQRT(C17),"") | H17: =IFERROR(E17+TINV(0.05,C17-1)*F17/SQRT(C17),"") | I17: =IFERROR(TDIST(ABS((E17-D17)/(F17/SQRT(C17))),C17-1,2),"")
