Workbook

Sheet Start here
B1: AP-03 Mammalian kidney: dissection measurements
B2: Excel version of the card. It does the same calculations as the R script ap03_kidney_measurements.R.
B4: How to use this workbook
B5: 1. Go to the 'Enter data' sheet. Type only in the yellow cells with blue text. Grey cells are calculated for you.
B6: 2. Fill the blocks that apply. Leave rows you did not use empty. The grey italic row above each table is an example of the format and is not used.
B7: 3. Open the 'Results' sheet. Everything there is calculated. Yellow cells on that sheet are settings you may change.
B9: What the colours mean
B10: Yellow cell, blue text: you type here.
B11: Grey cell: a formula. Sheets are protected without a password so formulas are not overwritten by accident (Review > Unprotect Sheet).
B13: Assumptions and sources
B14: Cortex-to-medulla ratio = cortex thickness / medulla thickness, measured on the same cut face at mid-height of a pyramid. Report where you measured.
B15: The observer B column is a second person's independent reading of cortex thickness on the same kidney.
... B22: Compiled by Emmanuel G. Lozano, Department of Biology, College of Arts and Sciences, Pampanga State University. Original material is licensed CC BY-NC 4.0: credit required, non-commercial use only.

Sheet Enter data
A1: Enter your data
A2: Type only in yellow cells. Leave unused rows empty.
A4: 1. Kidneys of species 1
A5: Kidney | B5: Mass (g) | C5: Length (mm) | D5: Cortex (mm), observer A | E5: Medulla (mm), observer A | F5: Pyramids | G5: Cortex (mm), observer B | H5: Cortex / medulla | I5: Observer difference (B minus A, mm)
A6: K1 | B6: 75 | C6: 68 | D6: 8 | E6: 16 | F6: 1 | G6: 8.1
A7: K1 | B7: 79 | C7: 66 | D7: 9.6 | E7: 12.2 | F7: 1 | G7: 9.4 | H7: =IF(AND(ISNUMBER(D7),ISNUMBER(E7)),D7/E7,"") -> 0.78688525 | I7: =IF(AND(ISNUMBER(D7),ISNUMBER(G7)),G7-D7,"") -> -0.2
A8: K2 | B8: 73 | C8: 65 | D8: 7.8 | E8: 13 | F8: 1 | G8: 9.5 | H8: =IF(AND(ISNUMBER(D8),ISNUMBER(E8)),D8/E8,"") -> 0.6 | I8: =IF(AND(ISNUMBER(D8),ISNUMBER(G8)),G8-D8,"") -> 1.7
A9: K3 | B9: 72 | C9: 65 | D9: 8.2 | E9: 15.5 | F9: 1 | G9: 7.7 | H9: =IF(AND(ISNUMBER(D9),ISNUMBER(E9)),D9/E9,"") -> 0.52903226 | I9: =IF(AND(ISNUMBER(D9),ISNUMBER(G9)),G9-D9,"") -> -0.5
A10: K4 | B10: 73 | C10: 72 | D10: 7.7 | E10: 16.7 | F10: 1 | G10: 7.6 | H10: =IF(AND(ISNUMBER(D10),ISNUMBER(E10)),D10/E10,"") -> 0.46107784 | I10: =IF(AND(ISNUMBER(D10),ISNUMBER(G10)),G10-D10,"") -> -0.1
A11: K5 | B11: 80 | C11: 66 | D11: 8 | E11: 18.3 | F11: 1 | G11: 7.9 | H11: =IF(AND(ISNUMBER(D11),ISNUMBER(E11)),D11/E11,"") -> 0.43715847 | I11: =IF(AND(ISNUMBER(D11),ISNUMBER(G11)),G11-D11,"") -> -0.1
A12: K6 | B12: 72 | C12: 67 | D12: 8.4 | E12: 18.9 | F12: 1 | G12: 8.9 | H12: =IF(AND(ISNUMBER(D12),ISNUMBER(E12)),D12/E12,"") -> 0.44444444 | I12: =IF(AND(ISNUMBER(D12),ISNUMBER(G12)),G12-D12,"") -> 0.5
H13: =IF(AND(ISNUMBER(D13),ISNUMBER(E13)),D13/E13,"") | I13: =IF(AND(ISNUMBER(D13),ISNUMBER(G13)),G13-D13,"")
H14: =IF(AND(ISNUMBER(D14),ISNUMBER(E14)),D14/E14,"") | I14: =IF(AND(ISNUMBER(D14),ISNUMBER(G14)),G14-D14,"")
H15: =IF(AND(ISNUMBER(D15),ISNUMBER(E15)),D15/E15,"") | I15: =IF(AND(ISNUMBER(D15),ISNUMBER(G15)),G15-D15,"")
H16: =IF(AND(ISNUMBER(D16),ISNUMBER(E16)),D16/E16,"") | I16: =IF(AND(ISNUMBER(D16),ISNUMBER(G16)),G16-D16,"")
H17: =IF(AND(ISNUMBER(D17),ISNUMBER(E17)),D17/E17,"") | I17: =IF(AND(ISNUMBER(D17),ISNUMBER(G17)),G17-D17,"")
H18: =IF(AND(ISNUMBER(D18),ISNUMBER(E18)),D18/E18,"") | I18: =IF(AND(ISNUMBER(D18),ISNUMBER(G18)),G18-D18,"")
A21: 2. Kidneys of species 2
A22: Kidney | B22: Mass (g) | C22: Length (mm) | D22: Cortex (mm), observer A | E22: Medulla (mm), observer A | F22: Pyramids | G22: Cortex (mm), observer B | H22: Cortex / medulla | I22: Observer difference (B minus A, mm)
A23: K1 | B23: 75 | C23: 68 | D23: 8 | E23: 16 | F23: 1 | G23: 8.1
A24: K1 | B24: 149 | C24: 107 | D24: 10.3 | E24: 21.6 | F24: 9 | G24: 10.6 | H24: =IF(AND(ISNUMBER(D24),ISNUMBER(E24)),D24/E24,"") -> 0.47685185 | I24: =IF(AND(ISNUMBER(D24),ISNUMBER(G24)),G24-D24,"") -> 0.3
A25: K2 | B25: 130 | C25: 98 | D25: 8.7 | E25: 23.5 | F25: 9 | G25: 8.8 | H25: =IF(AND(ISNUMBER(D25),ISNUMBER(E25)),D25/E25,"") -> 0.37021277 | I25: =IF(AND(ISNUMBER(D25),ISNUMBER(G25)),G25-D25,"") -> 0.1
A26: K3 | B26: 129 | C26: 105 | D26: 11.6 | E26: 21.3 | F26: 8 | G26: 12.3 | H26: =IF(AND(ISNUMBER(D26),ISNUMBER(E26)),D26/E26,"") -> 0.54460094 | I26: =IF(AND(ISNUMBER(D26),ISNUMBER(G26)),G26-D26,"") -> 0.7
A27: K4 | B27: 151 | C27: 104 | D27: 11.6 | E27: 22.3 | F27: 10 | G27: 11.1 | H27: =IF(AND(ISNUMBER(D27),ISNUMBER(E27)),D27/E27,"") -> 0.52017937 | I27: =IF(AND(ISNUMBER(D27),ISNUMBER(G27)),G27-D27,"") -> -0.5
A28: K5 | B28: 138 | C28: 102 | D28: 11.5 | E28: 22.9 | F28: 8 | G28: 10.3 | H28: =IF(AND(ISNUMBER(D28),ISNUMBER(E28)),D28/E28,"") -> 0.50218341 | I28: =IF(AND(ISNUMBER(D28),ISNUMBER(G28)),G28-D28,"") -> -1.2
A29: K6 | B29: 124 | C29: 105 | D29: 11.6 | E29: 22.7 | F29: 8 | G29: 11.1 | H29: =IF(AND(ISNUMBER(D29),ISNUMBER(E29)),D29/E29,"") -> 0.51101322 | I29: =IF(AND(ISNUMBER(D29),ISNUMBER(G29)),G29-D29,"") -> -0.5
H30: =IF(AND(ISNUMBER(D30),ISNUMBER(E30)),D30/E30,"") | I30: =IF(AND(ISNUMBER(D30),ISNUMBER(G30)),G30-D30,"")
H31: =IF(AND(ISNUMBER(D31),ISNUMBER(E31)),D31/E31,"") | I31: =IF(AND(ISNUMBER(D31),ISNUMBER(G31)),G31-D31,"")
H32: =IF(AND(ISNUMBER(D32),ISNUMBER(E32)),D32/E32,"") | I32: =IF(AND(ISNUMBER(D32),ISNUMBER(G32)),G32-D32,"")
H33: =IF(AND(ISNUMBER(D33),ISNUMBER(E33)),D33/E33,"") | I33: =IF(AND(ISNUMBER(D33),ISNUMBER(G33)),G33-D33,"")
H34: =IF(AND(ISNUMBER(D34),ISNUMBER(E34)),D34/E34,"") | I34: =IF(AND(ISNUMBER(D34),ISNUMBER(G34)),G34-D34,"")
H35: =IF(AND(ISNUMBER(D35),ISNUMBER(E35)),D35/E35,"") | I35: =IF(AND(ISNUMBER(D35),ISNUMBER(G35)),G35-D35,"")
A38: 3. Species names
A39: Species 1 | B39: Species 2
A40: goat | B40: pig

Sheet Results
B1: Results
B2: Everything on this sheet is calculated. Change only the yellow settings.
B4: Cortex-to-medulla ratio
B5: Group | C5: n | D5: Mean | E5: SD | F5: SE | G5: Min | H5: Max
B6: =IFERROR('Enter data'!$A$40,"") -> goat | C6: =IFERROR(COUNT('Enter data'!$H$7:$H$18),"") -> 6 | D6: =IFERROR(AVERAGE('Enter data'!$H$7:$H$18),"") -> 0.54309971 | E6: =IFERROR(STDEV('Enter data'!$H$7:$H$18),"") -> 0.13457408 | F6: =IFERROR(STDEV('Enter data'!$H$7:$H$18)/SQRT(COUNT('Enter data'!$H$7:$H$18)),"") -> 0.054939639 | G6: =IFERROR(MIN('Enter data'!$H$7:$H$18),"") -> 0.43715847 | H6: =IFERROR(MAX('Enter data'!$H$7:$H$18),"") -> 0.78688525
B7: =IFERROR('Enter data'!$B$40,"") -> pig | C7: =IFERROR(COUNT('Enter data'!$H$24:$H$35),"") -> 6 | D7: =IFERROR(AVERAGE('Enter data'!$H$24:$H$35),"") -> 0.48750693 | E7: =IFERROR(STDEV('Enter data'!$H$24:$H$35),"") -> 0.061589951 | F7: =IFERROR(STDEV('Enter data'!$H$24:$H$35)/SQRT(COUNT('Enter data'!$H$24:$H$35)),"") -> 0.025143992 | G7: =IFERROR(MIN('Enter data'!$H$24:$H$35),"") -> 0.37021277 | H7: =IFERROR(MAX('Enter data'!$H$24:$H$35),"") -> 0.54460094
B10: Comparison of the two groups (Welch t test)
B11: Difference in means (group 1 minus group 2) | C11: =IFERROR($D$6-$D$7,"") -> 0.055592785
B12: Standard error of the difference | C12: =IFERROR(SQRT($F$6^2+$F$7^2),"") -> 0.060420065
B13: Degrees of freedom (Welch) | C13: =IFERROR((($E$6^2/$C$6+$E$7^2/$C$7)^2/(($E$6^2/$C$6)^2/($C$6-1)+($E$7^2/$C$7)^2/($C$7-1))),"") -> 7.0065471
B14: p value (two-sided) | C14: =IFERROR(TTEST('Enter data'!$H$7:$H$18,'Enter data'!$H$24:$H$35,2,3),"") -> 0.3880985
B15: 95% interval for the difference, lower | C15: =IFERROR($C$11-TINV(0.05,$C$13)*$C$12,"") -> -0.087277966
B16: 95% interval for the difference, upper | C16: =IFERROR($C$11+TINV(0.05,$C$13)*$C$12,"") -> 0.19846354
B18: Size and pyramids
B19: Species | C19: Mean mass (g) | D19: Mean length (mm) | E19: Median pyramids
B20: =IFERROR('Enter data'!$A$40,"") -> goat | C20: =IFERROR(AVERAGE('Enter data'!$B$7:$B$18),"") -> 74.833333 | D20: =IFERROR(AVERAGE('Enter data'!$C$7:$C$18),"") -> 66.833333 | E20: =IFERROR(MEDIAN('Enter data'!$F$7:$F$18),"") -> 1
B21: =IFERROR('Enter data'!$B$40,"") -> pig | C21: =IFERROR(AVERAGE('Enter data'!$B$24:$B$35),"") -> 136.83333 | D21: =IFERROR(AVERAGE('Enter data'!$C$24:$C$35),"") -> 103.5 | E21: =IFERROR(MEDIAN('Enter data'!$F$24:$F$35),"") -> 8.5
B24: Observer agreement on cortex thickness (both species)
B25: Kidneys read twice | C25: =IFERROR(COUNT('Enter data'!$I$7:$I$18)+COUNT('Enter data'!$I$24:$I$35),"") -> 12
B26: Mean difference (B minus A, mm) | C26: =IFERROR((SUM('Enter data'!$I$7:$I$18)+SUM('Enter data'!$I$24:$I$35))/$C$25,"") -> 0.016666667
B27: Standard deviation of the differences | C27: =IFERROR(STDEV('Enter data'!$I$7:$I$18,'Enter data'!$I$24:$I$35),"") -> 0.73711148
B28: Limit of agreement, lower (mean - 1.96 sd) | C28: =IFERROR($C$26-1.96*$C$27,"") -> -1.4280718
B29: Limit of agreement, upper (mean + 1.96 sd) | C29: =IFERROR($C$26+1.96*$C$27,"") -> 1.4614052
