Workbook

Sheet Start here
B1: AP-06 Reference intervals from a health survey
B2: Excel version of the card. It does the same calculations as the R script ap06_reference_intervals.R.
B4: How to use this workbook
B5: 1. Go to the 'Enter data' sheet. Type only in the yellow cells with blue text. Grey cells are calculated for you.
B6: 2. Fill the blocks that apply. Leave rows you did not use empty. The grey italic row above each table is an example of the format and is not used.
B7: 3. Open the 'Results' sheet. Everything there is calculated. Yellow cells on that sheet are settings you may change.
B9: What the colours mean
B10: Yellow cell, blue text: you type here.
B11: Grey cell: a formula. Sheets are protected without a password so formulas are not overwritten by accident (Review > Unprotect Sheet).
B13: Assumptions and sources
B14: Reference interval = 2.5th to 97.5th percentile of a healthy sample. Use open, de-identified data only. Values are for teaching and are not medical advice.
B15: Regression of the measurement on age and sex uses LINEST with sex coded 1 for male and 0 for female.
... B22: Compiled by Emmanuel G. Lozano, Department of Biology, College of Arts and Sciences, Pampanga State University. Original material is licensed CC BY-NC 4.0: credit required, non-commercial use only.

Sheet Enter data
A1: Enter your data
A2: Type only in yellow cells. Leave unused rows empty.
A4: 1. People (one row per person)
A5: Age (years) | B5: Sex (F or M) | C5: Measurement | D5: Male = 1 (model) | E5: Age (model) | F5: Value (model) | G5: Age group index | H5: Row used
A6: 45 | B6: F | C6: 128
A7: 27 | B7: F | C7: 118 | D7: =IF(AND(ISNUMBER(A7),ISNUMBER(C7)),IF(B7="M",1,0),0) -> 0 | E7: =IF(AND(ISNUMBER(A7),ISNUMBER(C7)),A7,0) -> 27 | F7: =IF(AND(ISNUMBER(A7),ISNUMBER(C7)),C7,0) -> 118 | G7: =IF(AND(ISNUMBER(A7),ISNUMBER(C7)),IF(A7<35,1,IF(A7<50,2,IF(A7<65,3,4))),0) -> 1 | H7: =IF(AND(ISNUMBER(A7),ISNUMBER(C7)),1,0) -> 1
A8: 72 | B8: M | C8: 149 | D8: =IF(AND(ISNUMBER(A8),ISNUMBER(C8)),IF(B8="M",1,0),0) -> 1 | E8: =IF(AND(ISNUMBER(A8),ISNUMBER(C8)),A8,0) -> 72 | F8: =IF(AND(ISNUMBER(A8),ISNUMBER(C8)),C8,0) -> 149 | G8: =IF(AND(ISNUMBER(A8),ISNUMBER(C8)),IF(A8<35,1,IF(A8<50,2,IF(A8<65,3,4))),0) -> 4 | H8: =IF(AND(ISNUMBER(A8),ISNUMBER(C8)),1,0) -> 1
A9: 58 | B9: M | C9: 137 | D9: =IF(AND(ISNUMBER(A9),ISNUMBER(C9)),IF(B9="M",1,0),0) -> 1 | E9: =IF(AND(ISNUMBER(A9),ISNUMBER(C9)),A9,0) -> 58 | F9: =IF(AND(ISNUMBER(A9),ISNUMBER(C9)),C9,0) -> 137 | G9: =IF(AND(ISNUMBER(A9),ISNUMBER(C9)),IF(A9<35,1,IF(A9<50,2,IF(A9<65,3,4))),0) -> 3 | H9: =IF(AND(ISNUMBER(A9),ISNUMBER(C9)),1,0) -> 1
A10: 53 | B10: F | C10: 138 | D10: =IF(AND(ISNUMBER(A10),ISNUMBER(C10)),IF(B10="M",1,0),0) -> 0 | E10: =IF(AND(ISNUMBER(A10),ISNUMBER(C10)),A10,0) -> 53 | F10: =IF(AND(ISNUMBER(A10),ISNUMBER(C10)),C10,0) -> 138 | G10: =IF(AND(ISNUMBER(A10),ISNUMBER(C10)),IF(A10<35,1,IF(A10<50,2,IF(A10<65,3,4))),0) -> 3 | H10: =IF(AND(ISNUMBER(A10),ISNUMBER(C10)),1,0) -> 1
A11: 24 | B11: F | C11: 126 | D11: =IF(AND(ISNUMBER(A11),ISNUMBER(C11)),IF(B11="M",1,0),0) -> 0 | E11: =IF(AND(ISNUMBER(A11),ISNUMBER(C11)),A11,0) -> 24 | F11: =IF(AND(ISNUMBER(A11),ISNUMBER(C11)),C11,0) -> 126 | G11: =IF(AND(ISNUMBER(A11),ISNUMBER(C11)),IF(A11<35,1,IF(A11<50,2,IF(A11<65,3,4))),0) -> 1 | H11: =IF(AND(ISNUMBER(A11),ISNUMBER(C11)),1,0) -> 1
A12: 37 | B12: F | C12: 109 | D12: =IF(AND(ISNUMBER(A12),ISNUMBER(C12)),IF(B12="M",1,0),0) -> 0 | E12: =IF(AND(ISNUMBER(A12),ISNUMBER(C12)),A12,0) -> 37 | F12: =IF(AND(ISNUMBER(A12),ISNUMBER(C12)),C12,0) -> 109 | G12: =IF(AND(ISNUMBER(A12),ISNUMBER(C12)),IF(A12<35,1,IF(A12<50,2,IF(A12<65,3,4))),0) -> 2 | H12: =IF(AND(ISNUMBER(A12),ISNUMBER(C12)),1,0) -> 1
A13: 40 | B13: M | C13: 127 | D13: =IF(AND(ISNUMBER(A13),ISNUMBER(C13)),IF(B13="M",1,0),0) -> 1 | E13: =IF(AND(ISNUMBER(A13),ISNUMBER(C13)),A13,0) -> 40 | F13: =IF(AND(ISNUMBER(A13),ISNUMBER(C13)),C13,0) -> 127 | G13: =IF(AND(ISNUMBER(A13),ISNUMBER(C13)),IF(A13<35,1,IF(A13<50,2,IF(A13<65,3,4))),0) -> 2 | H13: =IF(AND(ISNUMBER(A13),ISNUMBER(C13)),1,0) -> 1
A14: 40 | B14: F | C14: 123 | D14: =IF(AND(ISNUMBER(A14),ISNUMBER(C14)),IF(B14="M",1,0),0) -> 0 | E14: =IF(AND(ISNUMBER(A14),ISNUMBER(C14)),A14,0) -> 40 | F14: =IF(AND(ISNUMBER(A14),ISNUMBER(C14)),C14,0) -> 123 | G14: =IF(AND(ISNUMBER(A14),ISNUMBER(C14)),IF(A14<35,1,IF(A14<50,2,IF(A14<65,3,4))),0) -> 2 | H14: =IF(AND(ISNUMBER(A14),ISNUMBER(C14)),1,0) -> 1
A15: 74 | B15: F | C15: 146 | D15: =IF(AND(ISNUMBER(A15),ISNUMBER(C15)),IF(B15="M",1,0),0) -> 0 | E15: =IF(AND(ISNUMBER(A15),ISNUMBER(C15)),A15,0) -> 74 | F15: =IF(AND(ISNUMBER(A15),ISNUMBER(C15)),C15,0) -> 146 | G15: =IF(AND(ISNUMBER(A15),ISNUMBER(C15)),IF(A15<35,1,IF(A15<50,2,IF(A15<65,3,4))),0) -> 4 | H15: =IF(AND(ISNUMBER(A15),ISNUMBER(C15)),1,0) -> 1
A16: 36 | B16: M | C16: 128 | D16: =IF(AND(ISNUMBER(A16),ISNUMBER(C16)),IF(B16="M",1,0),0) -> 1 | E16: =IF(AND(ISNUMBER(A16),ISNUMBER(C16)),A16,0) -> 36 | F16: =IF(AND(ISNUMBER(A16),ISNUMBER(C16)),C16,0) -> 128 | G16: =IF(AND(ISNUMBER(A16),ISNUMBER(C16)),IF(A16<35,1,IF(A16<50,2,IF(A16<65,3,4))),0) -> 2 | H16: =IF(AND(ISNUMBER(A16),ISNUMBER(C16)),1,0) -> 1
A17: 60 | B17: M | C17: 139 | D17: =IF(AND(ISNUMBER(A17),ISNUMBER(C17)),IF(B17="M",1,0),0) -> 1 | E17: =IF(AND(ISNUMBER(A17),ISNUMBER(C17)),A17,0) -> 60 | F17: =IF(AND(ISNUMBER(A17),ISNUMBER(C17)),C17,0) -> 139 | G17: =IF(AND(ISNUMBER(A17),ISNUMBER(C17)),IF(A17<35,1,IF(A17<50,2,IF(A17<65,3,4))),0) -> 3 | H17: =IF(AND(ISNUMBER(A17),ISNUMBER(C17)),1,0) -> 1
A18: 78 | B18: M | C18: 138 | D18: =IF(AND(ISNUMBER(A18),ISNUMBER(C18)),IF(B18="M",1,0),0) -> 1 | E18: =IF(AND(ISNUMBER(A18),ISNUMBER(C18)),A18,0) -> 78 | F18: =IF(AND(ISNUMBER(A18),ISNUMBER(C18)),C18,0) -> 138 | G18: =IF(AND(ISNUMBER(A18),ISNUMBER(C18)),IF(A18<35,1,IF(A18<50,2,IF(A18<65,3,4))),0) -> 4 | H18: =IF(AND(ISNUMBER(A18),ISNUMBER(C18)),1,0) -> 1
... A306: 51 | B306: M | C306: 144 | D306: =IF(AND(ISNUMBER(A306),ISNUMBER(C306)),IF(B306="M",1,0),0) -> 1 | E306: =IF(AND(ISNUMBER(A306),ISNUMBER(C306)),A306,0) -> 51 | F306: =IF(AND(ISNUMBER(A306),ISNUMBER(C306)),C306,0) -> 144 | G306: =IF(AND(ISNUMBER(A306),ISNUMBER(C306)),IF(A306<35,1,IF(A306<50,2,IF(A306<65,3,4))),0) -> 3 | H306: =IF(AND(ISNUMBER(A306),ISNUMBER(C306)),1,0) -> 1

Sheet Results
B1: Results
B2: Everything on this sheet is calculated. Change only the yellow settings.
B4: All adults
B5: People | C5: =IFERROR(COUNT('Enter data'!$C$7:$C$306),"") -> 300
B6: Mean | C6: =IFERROR(AVERAGE('Enter data'!$C$7:$C$306),"") -> 126.97333
B7: Standard deviation | C7: =IFERROR(STDEV('Enter data'!$C$7:$C$306),"") -> 14.984695
B8: Reference interval, lower (2.5th percentile) | C8: =IFERROR(PERCENTILE('Enter data'!$C$7:$C$306,0.025),"") -> 102
B9: Median | C9: =IFERROR(MEDIAN('Enter data'!$C$7:$C$306),"") -> 126
B10: Reference interval, upper (97.5th percentile) | C10: =IFERROR(PERCENTILE('Enter data'!$C$7:$C$306,0.975),"") -> 159.05
B12: By sex
B13: Name | C13: n | D13: Mean | E13: SD | F13: SE
B14: =IFERROR("F","") -> F | C14: =IFERROR(COUNTIFS('Enter data'!$B$7:$B$306,"F",'Enter data'!$F$7:$F$306,"<>0"),"") -> 146 | D14: =IFERROR(AVERAGEIFS('Enter data'!$F$7:$F$306,'Enter data'!$B$7:$B$306,"F",'Enter data'!$F$7:$F$306,"<>0"),"") -> 123.12329 | E14: =IFERROR(SQRT(MAX(0,(SUMPRODUCT(('Enter data'!$B$7:$B$306="F")*('Enter data'!$F$7:$F$306<>0)*'Enter data'!$F$7:$F$306^2)-C14*D14^2)/(C14-1))),"") -> 14.084421 | F14: =IFERROR(E14/SQRT(C14),"") -> 1.1656349
B15: =IFERROR("M","") -> M | C15: =IFERROR(COUNTIFS('Enter data'!$B$7:$B$306,"M",'Enter data'!$F$7:$F$306,"<>0"),"") -> 154 | D15: =IFERROR(AVERAGEIFS('Enter data'!$F$7:$F$306,'Enter data'!$B$7:$B$306,"M",'Enter data'!$F$7:$F$306,"<>0"),"") -> 130.62338 | E15: =IFERROR(SQRT(MAX(0,(SUMPRODUCT(('Enter data'!$B$7:$B$306="M")*('Enter data'!$F$7:$F$306<>0)*'Enter data'!$F$7:$F$306^2)-C15*D15^2)/(C15-1))),"") -> 14.941751 | F15: =IFERROR(E15/SQRT(C15),"") -> 1.2040406
B18: Measurement regressed on age and sex
B19: Rows used | C19: =IFERROR(SUM('Enter data'!$H$7:$H$306),"") -> 300
B20: Mean of x1 | C20: =IFERROR(SUMPRODUCT('Enter data'!$H$7:$H$306,'Enter data'!$E$7:$E$306)/$C$19,"") -> 48.13
B21: Mean of x2 | C21: =IFERROR(SUMPRODUCT('Enter data'!$H$7:$H$306,'Enter data'!$D$7:$D$306)/$C$19,"") -> 0.51333333
B22: Mean of y | C22: =IFERROR(SUMPRODUCT('Enter data'!$H$7:$H$306,'Enter data'!$F$7:$F$306)/$C$19,"") -> 126.97333
B23: Sum of squares of x1 | C23: =IFERROR(SUMPRODUCT('Enter data'!$H$7:$H$306,('Enter data'!$E$7:$E$306-$C$20)*('Enter data'!$E$7:$E$306-$C$20)),"") -> 104649.93
B24: Sum of squares of x2 | C24: =IFERROR(SUMPRODUCT('Enter data'!$H$7:$H$306,('Enter data'!$D$7:$D$306-$C$21)*('Enter data'!$D$7:$D$306-$C$21)),"") -> 74.946667
B25: Cross products x1, x2 | C25: =IFERROR(SUMPRODUCT('Enter data'!$H$7:$H$306,('Enter data'!$E$7:$E$306-$C$20)*('Enter data'!$D$7:$D$306-$C$21)),"") -> 227.98
B26: Cross products x1, y | C26: =IFERROR(SUMPRODUCT('Enter data'!$H$7:$H$306,('Enter data'!$E$7:$E$306-$C$20)*('Enter data'!$F$7:$F$306-$C$22)),"") -> 56836.04
B27: Cross products x2, y | C27: =IFERROR(SUMPRODUCT('Enter data'!$H$7:$H$306,('Enter data'!$D$7:$D$306-$C$21)*('Enter data'!$F$7:$F$306-$C$22)),"") -> 562.10667
B28: Sum of squares of y | C28: =IFERROR(SUMPRODUCT('Enter data'!$H$7:$H$306,('Enter data'!$F$7:$F$306-$C$22)*('Enter data'!$F$7:$F$306-$C$22)),"") -> 67137.787
B29: Change per year of age | C29: =IFERROR(($C$26*$C$24-$C$27*$C$25)/($C$23*$C$24-$C$25^2),"") -> 0.53028144
B30: Males minus females at the same age | C30: =IFERROR(($C$27*$C$23-$C$26*$C$25)/($C$23*$C$24-$C$25^2),"") -> 5.8870277
B31: Intercept | C31: =IFERROR($C$22-$C$29*$C$20-$C$30*$C$21,"") -> 98.42888
B32: Residual sum of squares | C32: =IFERROR($C$28-$C$29*$C$26-$C$30*$C$27,"") -> 33689.552
B33: Residual standard deviation | C33: =IFERROR(SQRT($C$32/($C$19-3)),"") -> 10.650485
B34: R squared | C34: =IFERROR(1-$C$32/$C$28,"") -> 0.49820282
B35: Standard error of slope 1 | C35: =IFERROR($C$33*SQRT($C$24/($C$23*$C$24-$C$25^2)),"") -> 0.033032671
B36: Standard error of slope 2 | C36: =IFERROR($C$33*SQRT($C$23/($C$23*$C$24-$C$25^2)),"") -> 1.2343463
B37: 95% interval for slope 1, lower | C37: =IFERROR($C$29-TINV(0.05,$C$19-3)*$C$35,"") -> 0.46527369
B38: 95% interval for slope 1, upper | C38: =IFERROR($C$29+TINV(0.05,$C$19-3)*$C$35,"") -> 0.59528919
B40: A reference interval flags 5% of healthy people by design
B41: Chance of at least one flagged result in 10 independent tests | C41: =IFERROR(1-0.95^10,"") -> 0.40126306
B43: Share outside the whole-sample interval, adults aged 65 and over
B44: Share outside (%) | C44: =IFERROR(100*(COUNTIFS('Enter data'!$G$7:$G$306,4,'Enter data'!$F$7:$F$306,"<"&$C$8,'Enter data'!$F$7:$F$306,">0")+COUNTIFS('Enter data'!$G$7:$G$306,4,'Enter data'!$F$7:$F$306,">"&$C$10))/COUNTIF('Enter data'!$G$7:$G$306,4),"") -> 9.0909091 | D44: 5% expected if age did not matter.
