Workbook

Sheet Start here
B1: AP-01 Reaction time and the ruler-drop test
B2: Excel version of the card. It does the same calculations as the R script ap01_reaction_time.R.
B4: How to use this workbook
B5: 1. Go to the 'Enter data' sheet. Type only in the yellow cells with blue text. Grey cells are calculated for you.
B6: 2. Fill the blocks that apply. Leave rows you did not use empty. The grey italic row above each table is an example of the format and is not used.
B7: 3. Open the 'Results' sheet. Everything there is calculated. Yellow cells on that sheet are settings you may change.
B9: What the colours mean
B10: Yellow cell, blue text: you type here.
B11: Grey cell: a formula. Sheets are protected without a password so formulas are not overwritten by accident (Review > Unprotect Sheet).
B13: Assumptions and sources
B14: Reaction time t = sqrt(2 d / g), d in metres, g = 9.81 m/s2. Enter each student's MEAN catch distance over their 20 trials in each condition; each student is their own control.
B15: Use anonymous codes only. Approval for student-subject activities is assumed to have been granted, and taking part is voluntary.
... B22: Compiled by Emmanuel G. Lozano, Department of Biology, College of Arts and Sciences, Pampanga State University. Original material is licensed CC BY-NC 4.0: credit required, non-commercial use only.

Sheet Enter data
A1: Enter your data
A2: Type only in yellow cells. Leave unused rows empty.
A4: 1. Subject means (cm)
A5: Subject code | B5: Dominant hand, baseline (cm) | C5: Non-dominant hand, baseline (cm) | D5: Dominant hand, distraction (cm) | E5: Dominant baseline (ms) | F5: Non-dominant baseline (ms) | G5: Dominant distraction (ms) | H5: Hand difference (non-dominant minus dominant, ms) | I5: Distraction effect (ms)
A6: S1 | B6: 20.1 | C6: 22.3 | D6: 24.9
E7: =IF(ISNUMBER(B7),1000*SQRT(2*B7/100/9.81),"") | F7: =IF(ISNUMBER(C7),1000*SQRT(2*C7/100/9.81),"") | G7: =IF(ISNUMBER(D7),1000*SQRT(2*D7/100/9.81),"") | H7: =IF(AND(ISNUMBER(E7),ISNUMBER(F7)),F7-E7,"") | I7: =IF(AND(ISNUMBER(E7),ISNUMBER(G7)),G7-E7,"")
E8: =IF(ISNUMBER(B8),1000*SQRT(2*B8/100/9.81),"") | F8: =IF(ISNUMBER(C8),1000*SQRT(2*C8/100/9.81),"") | G8: =IF(ISNUMBER(D8),1000*SQRT(2*D8/100/9.81),"") | H8: =IF(AND(ISNUMBER(E8),ISNUMBER(F8)),F8-E8,"") | I8: =IF(AND(ISNUMBER(E8),ISNUMBER(G8)),G8-E8,"")
E9: =IF(ISNUMBER(B9),1000*SQRT(2*B9/100/9.81),"") | F9: =IF(ISNUMBER(C9),1000*SQRT(2*C9/100/9.81),"") | G9: =IF(ISNUMBER(D9),1000*SQRT(2*D9/100/9.81),"") | H9: =IF(AND(ISNUMBER(E9),ISNUMBER(F9)),F9-E9,"") | I9: =IF(AND(ISNUMBER(E9),ISNUMBER(G9)),G9-E9,"")
E10: =IF(ISNUMBER(B10),1000*SQRT(2*B10/100/9.81),"") | F10: =IF(ISNUMBER(C10),1000*SQRT(2*C10/100/9.81),"") | G10: =IF(ISNUMBER(D10),1000*SQRT(2*D10/100/9.81),"") | H10: =IF(AND(ISNUMBER(E10),ISNUMBER(F10)),F10-E10,"") | I10: =IF(AND(ISNUMBER(E10),ISNUMBER(G10)),G10-E10,"")
E11: =IF(ISNUMBER(B11),1000*SQRT(2*B11/100/9.81),"") | F11: =IF(ISNUMBER(C11),1000*SQRT(2*C11/100/9.81),"") | G11: =IF(ISNUMBER(D11),1000*SQRT(2*D11/100/9.81),"") | H11: =IF(AND(ISNUMBER(E11),ISNUMBER(F11)),F11-E11,"") | I11: =IF(AND(ISNUMBER(E11),ISNUMBER(G11)),G11-E11,"")
E12: =IF(ISNUMBER(B12),1000*SQRT(2*B12/100/9.81),"") | F12: =IF(ISNUMBER(C12),1000*SQRT(2*C12/100/9.81),"") | G12: =IF(ISNUMBER(D12),1000*SQRT(2*D12/100/9.81),"") | H12: =IF(AND(ISNUMBER(E12),ISNUMBER(F12)),F12-E12,"") | I12: =IF(AND(ISNUMBER(E12),ISNUMBER(G12)),G12-E12,"")
E13: =IF(ISNUMBER(B13),1000*SQRT(2*B13/100/9.81),"") | F13: =IF(ISNUMBER(C13),1000*SQRT(2*C13/100/9.81),"") | G13: =IF(ISNUMBER(D13),1000*SQRT(2*D13/100/9.81),"") | H13: =IF(AND(ISNUMBER(E13),ISNUMBER(F13)),F13-E13,"") | I13: =IF(AND(ISNUMBER(E13),ISNUMBER(G13)),G13-E13,"")
E14: =IF(ISNUMBER(B14),1000*SQRT(2*B14/100/9.81),"") | F14: =IF(ISNUMBER(C14),1000*SQRT(2*C14/100/9.81),"") | G14: =IF(ISNUMBER(D14),1000*SQRT(2*D14/100/9.81),"") | H14: =IF(AND(ISNUMBER(E14),ISNUMBER(F14)),F14-E14,"") | I14: =IF(AND(ISNUMBER(E14),ISNUMBER(G14)),G14-E14,"")
E15: =IF(ISNUMBER(B15),1000*SQRT(2*B15/100/9.81),"") | F15: =IF(ISNUMBER(C15),1000*SQRT(2*C15/100/9.81),"") | G15: =IF(ISNUMBER(D15),1000*SQRT(2*D15/100/9.81),"") | H15: =IF(AND(ISNUMBER(E15),ISNUMBER(F15)),F15-E15,"") | I15: =IF(AND(ISNUMBER(E15),ISNUMBER(G15)),G15-E15,"")
E16: =IF(ISNUMBER(B16),1000*SQRT(2*B16/100/9.81),"") | F16: =IF(ISNUMBER(C16),1000*SQRT(2*C16/100/9.81),"") | G16: =IF(ISNUMBER(D16),1000*SQRT(2*D16/100/9.81),"") | H16: =IF(AND(ISNUMBER(E16),ISNUMBER(F16)),F16-E16,"") | I16: =IF(AND(ISNUMBER(E16),ISNUMBER(G16)),G16-E16,"")
E17: =IF(ISNUMBER(B17),1000*SQRT(2*B17/100/9.81),"") | F17: =IF(ISNUMBER(C17),1000*SQRT(2*C17/100/9.81),"") | G17: =IF(ISNUMBER(D17),1000*SQRT(2*D17/100/9.81),"") | H17: =IF(AND(ISNUMBER(E17),ISNUMBER(F17)),F17-E17,"") | I17: =IF(AND(ISNUMBER(E17),ISNUMBER(G17)),G17-E17,"")
E18: =IF(ISNUMBER(B18),1000*SQRT(2*B18/100/9.81),"") | F18: =IF(ISNUMBER(C18),1000*SQRT(2*C18/100/9.81),"") | G18: =IF(ISNUMBER(D18),1000*SQRT(2*D18/100/9.81),"") | H18: =IF(AND(ISNUMBER(E18),ISNUMBER(F18)),F18-E18,"") | I18: =IF(AND(ISNUMBER(E18),ISNUMBER(G18)),G18-E18,"")
... E36: =IF(ISNUMBER(B36),1000*SQRT(2*B36/100/9.81),"") | F36: =IF(ISNUMBER(C36),1000*SQRT(2*C36/100/9.81),"") | G36: =IF(ISNUMBER(D36),1000*SQRT(2*D36/100/9.81),"") | H36: =IF(AND(ISNUMBER(E36),ISNUMBER(F36)),F36-E36,"") | I36: =IF(AND(ISNUMBER(E36),ISNUMBER(G36)),G36-E36,"")
A39: 2. Practice curve: class mean catch distance (cm) for each trial number, dominant hand baseline
A40: Trial number | B40: Mean catch distance (cm) | C40: Reaction time (ms)
A41: 1 | B41: 24
C42: =IF(ISNUMBER(B42),1000*SQRT(2*B42/100/9.81),"")
C43: =IF(ISNUMBER(B43),1000*SQRT(2*B43/100/9.81),"")
C44: =IF(ISNUMBER(B44),1000*SQRT(2*B44/100/9.81),"")
C45: =IF(ISNUMBER(B45),1000*SQRT(2*B45/100/9.81),"")
C46: =IF(ISNUMBER(B46),1000*SQRT(2*B46/100/9.81),"")
C47: =IF(ISNUMBER(B47),1000*SQRT(2*B47/100/9.81),"")
C48: =IF(ISNUMBER(B48),1000*SQRT(2*B48/100/9.81),"")
C49: =IF(ISNUMBER(B49),1000*SQRT(2*B49/100/9.81),"")
C50: =IF(ISNUMBER(B50),1000*SQRT(2*B50/100/9.81),"")
C51: =IF(ISNUMBER(B51),1000*SQRT(2*B51/100/9.81),"")
C52: =IF(ISNUMBER(B52),1000*SQRT(2*B52/100/9.81),"")
C53: =IF(ISNUMBER(B53),1000*SQRT(2*B53/100/9.81),"")
... C61: =IF(ISNUMBER(B61),1000*SQRT(2*B61/100/9.81),"")

Sheet Results
B1: Results
B2: Everything on this sheet is calculated. Change only the yellow settings.
B4: Baseline reaction times (ms)
B5: Mean, dominant hand | C5: =IFERROR(AVERAGE('Enter data'!$E$7:$E$36),"")
B6: Mean, non-dominant hand | C6: =IFERROR(AVERAGE('Enter data'!$F$7:$F$36),"")
B8: Non-dominant minus dominant hand (paired t test on subject means)
B9: Subjects | C9: =IFERROR(COUNT('Enter data'!$H$7:$H$36),"") -> 0
B10: Mean difference (ms) | C10: =IFERROR(AVERAGE('Enter data'!$H$7:$H$36),"")
B11: Standard deviation of the differences | C11: =IFERROR(STDEV('Enter data'!$H$7:$H$36),"")
B12: 95% interval, lower (ms) | C12: =IFERROR($C$10-TINV(0.05,$C$9-1)*$C$11/SQRT($C$9),"")
B13: 95% interval, upper (ms) | C13: =IFERROR($C$10+TINV(0.05,$C$9-1)*$C$11/SQRT($C$9),"")
B14: p value | C14: =IFERROR(TDIST(ABS($C$10/($C$11/SQRT($C$9))),$C$9-1,2),"")
B16: Distraction minus baseline (dominant hand) (paired t test on subject means)
B17: Subjects | C17: =IFERROR(COUNT('Enter data'!$I$7:$I$36),"") -> 0
B18: Mean difference (ms) | C18: =IFERROR(AVERAGE('Enter data'!$I$7:$I$36),"")
B19: Standard deviation of the differences | C19: =IFERROR(STDEV('Enter data'!$I$7:$I$36),"")
B20: 95% interval, lower (ms) | C20: =IFERROR($C$18-TINV(0.05,$C$17-1)*$C$19/SQRT($C$17),"")
B21: 95% interval, upper (ms) | C21: =IFERROR($C$18+TINV(0.05,$C$17-1)*$C$19/SQRT($C$17),"")
B22: p value | C22: =IFERROR(TDIST(ABS($C$18/($C$19/SQRT($C$17))),$C$17-1,2),"")
B24: Practice effect (reaction time against trial number)
B25: Points used | C25: =IFERROR(SUMPRODUCT(--ISNUMBER('Enter data'!$A$42:$A$61),--ISNUMBER('Enter data'!$C$42:$C$61)),"") -> 0
B26: Slope (ms per trial) | C26: =IFERROR(SLOPE('Enter data'!$C$42:$C$61,'Enter data'!$A$42:$A$61),"")
B27: Intercept (ms per trial) | C27: =IFERROR(INTERCEPT('Enter data'!$C$42:$C$61,'Enter data'!$A$42:$A$61),"")
B28: R squared | C28: =IFERROR(RSQ('Enter data'!$C$42:$C$61,'Enter data'!$A$42:$A$61),"")
B29: Residual standard deviation | C29: =IFERROR(STEYX('Enter data'!$C$42:$C$61,'Enter data'!$A$42:$A$61),"")
B30: Standard error of the slope | C30: =IFERROR($C$29/SQRT(DEVSQ('Enter data'!$A$42:$A$61)),"")
B31: 95% interval for the slope, lower | C31: =IFERROR($C$26-TINV(0.05,$C$25-2)*$C$30,"")
B32: 95% interval for the slope, upper | C32: =IFERROR($C$26+TINV(0.05,$C$25-2)*$C$30,"")
B34: Resolution check
B35: Change in time for 1 cm near 20 cm (ms) | C35: =IFERROR(1000*(SQRT(2*0.21/9.81)-SQRT(2*0.2/9.81)),"") -> 4.9866153
