Workbook

Sheet Start here
B1: AP-02 Touch acuity: two-point discrimination
B2: Excel version of the card. It does the same calculations as the R script ap02_two_point.R.
B4: How to use this workbook
B5: 1. Go to the 'Enter data' sheet. Type only in the yellow cells with blue text. Grey cells are calculated for you.
B6: 2. Fill the blocks that apply. Leave rows you did not use empty. The grey italic row above each table is an example of the format and is not used.
B7: 3. Open the 'Results' sheet. Everything there is calculated. Yellow cells on that sheet are settings you may change.
B9: What the colours mean
B10: Yellow cell, blue text: you type here.
B11: Grey cell: a formula. Sheets are protected without a password so formulas are not overwritten by accident (Review > Unprotect Sheet).
B13: Assumptions and sources
B14: For each subject and region, enter the smallest spacing (mm) at which the subject reported two points on at least half of the presentations. Use randomized presentation orders with one-point catch trials.
B15: Use anonymous codes only. Approval for student-subject activities is assumed to have been granted, and taking part is voluntary.
... B23: Compiled by Emmanuel G. Lozano, Department of Biology, College of Arts and Sciences, Pampanga State University. Original material is licensed CC BY-NC 4.0: credit required, non-commercial use only.

Sheet Enter data
A1: Enter your data
A2: Type only in yellow cells. Leave unused rows empty.
A4: 1. Thresholds (mm) by subject
A5: Subject code | B5: Fingertip | C5: Palm | D5: Back of hand | E5: Forearm
A6: S1 | B6: 3 | C6: 10 | D6: 22 | E6: 35
A39: 2. One-point catch trials
A40: Catch trials given (all subjects) | B40: Answered 'two'
A41: 80 | B41: 8

Sheet Results
B1: Results
B2: Everything on this sheet is calculated. Change only the yellow settings.
B4: Thresholds by region (mm)
B5: Region | C5: Subjects | D5: Median | E5: Lower quartile | F5: Upper quartile | G5: Mean | H5: SD
B6: =IFERROR('Enter data'!$B$5,"") -> Fingertip | C6: =IFERROR(COUNT('Enter data'!$B$7:$B$36),"") -> 0 | D6: =IFERROR(MEDIAN('Enter data'!$B$7:$B$36),"") | E6: =IFERROR(QUARTILE('Enter data'!$B$7:$B$36,1),"") | F6: =IFERROR(QUARTILE('Enter data'!$B$7:$B$36,3),"") | G6: =IFERROR(AVERAGE('Enter data'!$B$7:$B$36),"") | H6: =IFERROR(STDEV('Enter data'!$B$7:$B$36),"")
B7: =IFERROR('Enter data'!$C$5,"") -> Palm | C7: =IFERROR(COUNT('Enter data'!$C$7:$C$36),"") -> 0 | D7: =IFERROR(MEDIAN('Enter data'!$C$7:$C$36),"") | E7: =IFERROR(QUARTILE('Enter data'!$C$7:$C$36,1),"") | F7: =IFERROR(QUARTILE('Enter data'!$C$7:$C$36,3),"") | G7: =IFERROR(AVERAGE('Enter data'!$C$7:$C$36),"") | H7: =IFERROR(STDEV('Enter data'!$C$7:$C$36),"")
B8: =IFERROR('Enter data'!$D$5,"") -> Back of hand | C8: =IFERROR(COUNT('Enter data'!$D$7:$D$36),"") -> 0 | D8: =IFERROR(MEDIAN('Enter data'!$D$7:$D$36),"") | E8: =IFERROR(QUARTILE('Enter data'!$D$7:$D$36,1),"") | F8: =IFERROR(QUARTILE('Enter data'!$D$7:$D$36,3),"") | G8: =IFERROR(AVERAGE('Enter data'!$D$7:$D$36),"") | H8: =IFERROR(STDEV('Enter data'!$D$7:$D$36),"")
B9: =IFERROR('Enter data'!$E$5,"") -> Forearm | C9: =IFERROR(COUNT('Enter data'!$E$7:$E$36),"") -> 0 | D9: =IFERROR(MEDIAN('Enter data'!$E$7:$E$36),"") | E9: =IFERROR(QUARTILE('Enter data'!$E$7:$E$36,1),"") | F9: =IFERROR(QUARTILE('Enter data'!$E$7:$E$36,3),"") | G9: =IFERROR(AVERAGE('Enter data'!$E$7:$E$36),"") | H9: =IFERROR(STDEV('Enter data'!$E$7:$E$36),"")
B12: Fingertip versus forearm (paired t test)
B13: Mean difference (forearm minus fingertip, mm) | C13: =IFERROR(AVERAGE('Enter data'!$E$7:$E$36)-AVERAGE('Enter data'!$B$7:$B$36),"")
B14: Standard deviation of differences | C14: =IFERROR(SQRT((VAR('Enter data'!$E$7:$E$36)+VAR('Enter data'!$B$7:$B$36)-2*COVAR('Enter data'!$E$7:$E$36,'Enter data'!$B$7:$B$36)*COUNT('Enter data'!$B$7:$B$36)/(COUNT('Enter data'!$B$7:$B$36)-1))),"")
B15: Subjects | C15: =IFERROR(COUNT('Enter data'!$B$7:$B$36),"") -> 0
B16: p value | C16: =IFERROR(TDIST(ABS($C$13/($C$14/SQRT($C$15))),$C$15-1,2),"")
B18: Catch trials
B19: False-alarm rate (%) | C19: =IFERROR(100*'Enter data'!$B$42/'Enter data'!$A$42,"") | D19: A high value means subjects report two points too readily.
