Workbook

Sheet Start here
B1: BCH-04 Salting out proteins: ammonium sulfate amounts and fractions
B2: Excel version of the card. It does the same calculations as the R script bch04_ammonium_sulfate.R.
B4: How to use this workbook
B5: 1. Go to the 'Enter data' sheet. Type only in the yellow cells with blue text. Grey cells are calculated for you.
B6: 2. Fill the blocks that apply. Leave rows you did not use empty. The grey italic row above each table is an example of the format and is not used.
B7: 3. Open the 'Results' sheet. Everything there is calculated. Yellow cells on that sheet are settings you may change.
B9: What the colours mean
B10: Yellow cell, blue text: you type here.
B11: Grey cell: a formula. Sheets are protected without a password so formulas are not overwritten by accident (Review > Unprotect Sheet).
B13: Assumptions and sources
B14: Grams of solid ammonium sulfate = volume (L) x Sat x (S2 - S1) / (1 - Vs x Sat x S2 / 1000). S1 and S2 are fractions of saturation.
B15: Constants at 20 C (Wingfield, Current Protocols in Protein Science, appendix 3F): Sat = 536.34 g/L, Vs = 0.5414 mL/g. At 0 C use Sat 514.72 and Vs 0.5262. The equation matches the published 0 C table to within 1 percent.
... B20: Compiled by Emmanuel G. Lozano, Department of Biology, College of Arts and Sciences, Pampanga State University. Original material is licensed CC BY-NC 4.0: credit required, non-commercial use only.

Sheet Enter data
A1: Enter your data
A2: Type only in yellow cells. Leave unused rows empty.
A4: 1. Salt additions (start with the volume of your diluted egg white)
A5: From saturation S1 (0 to 1) | B5: To saturation S2 (0 to 1) | C5: Volume at the start of this cut (mL)
A6: 0 | B6: 0.33 | C6: 250
A7: 0 | B7: 0.33 | C7: 250
A8: 0.33 | B8: 0.5 | C8: 276.47446
A9: 0.5 | B9: 1 | C9: 292.44576
A15: 2. Coagulated protein recovered from each fraction (g). Type group labels in the header cells.
A16: Fraction | B16: Group 1 | C16: Group 2 | D16: Group 3 | E16: Group 4
A17: 0-33% | B17: 0.9 | C17: 0.95 | D17: 0.85 | E17: 0.92
A18: 0-33% | B18: 0.8 | C18: 0.83 | D18: 0.87 | E18: 1.03
A19: 33-50% | B19: 0.45 | C19: 0.55 | D19: 0.45 | E19: 0.48
A20: 50-100% | B20: 4.85 | C20: 4.76 | D20: 5.23 | E20: 4.48

Sheet Results
B1: Results
B2: Everything on this sheet is calculated. Change only the yellow settings.
B4: Settings
B5: Sat: grams that saturate 1 L (g/L) | C5: 536.34 | D5: 20 C value.
B6: Vs: apparent specific volume (mL/g) | C6: 0.5414 | D6: 20 C value.
B8: Salt to add for each cut
B9: Cut | C9: Grams to add | D9: Volume after dissolving (mL)
B10: =IFERROR("Cut 1","") -> Cut 1 | C10: =IFERROR(IF(AND(ISNUMBER('Enter data'!$A$7),ISNUMBER('Enter data'!$B$7),ISNUMBER('Enter data'!$C$7)),'Enter data'!$C$7/1000*Results!$C$5*('Enter data'!$B$7-'Enter data'!$A$7)/(1-Results!$C$6*Results!$C$5*'Enter data'!$B$7/1000),""),"") -> 48.937407 | D10: =IFERROR(IF(ISNUMBER(C10),'Enter data'!$C$7+C10*Results!$C$6,""),"") -> 276.49471
B11: =IFERROR("Cut 2","") -> Cut 2 | C11: =IFERROR(IF(AND(ISNUMBER('Enter data'!$A$8),ISNUMBER('Enter data'!$B$8),ISNUMBER('Enter data'!$C$8)),'Enter data'!$C$8/1000*Results!$C$5*('Enter data'!$B$8-'Enter data'!$A$8)/(1-Results!$C$6*Results!$C$5*'Enter data'!$B$8/1000),""),"") -> 29.489888 | D11: =IFERROR(IF(ISNUMBER(C11),'Enter data'!$C$8+C11*Results!$C$6,""),"") -> 292.44029
B12: =IFERROR("Cut 3","") -> Cut 3 | C12: =IFERROR(IF(AND(ISNUMBER('Enter data'!$A$9),ISNUMBER('Enter data'!$B$9),ISNUMBER('Enter data'!$C$9)),'Enter data'!$C$9/1000*Results!$C$5*('Enter data'!$B$9-'Enter data'!$A$9)/(1-Results!$C$6*Results!$C$5*'Enter data'!$B$9/1000),""),"") -> 110.51629 | D12: =IFERROR(IF(ISNUMBER(C12),'Enter data'!$C$9+C12*Results!$C$6,""),"") -> 352.27928
B13: =IFERROR("Cut 4","") -> Cut 4 | C13: =IFERROR(IF(AND(ISNUMBER('Enter data'!$A$10),ISNUMBER('Enter data'!$B$10),ISNUMBER('Enter data'!$C$10)),'Enter data'!$C$10/1000*Results!$C$5*('Enter data'!$B$10-'Enter data'!$A$10)/(1-Results!$C$6*Results!$C$5*'Enter data'!$B$10/1000),""),"") | D13: =IFERROR(IF(ISNUMBER(C13),'Enter data'!$C$10+C13*Results!$C$6,""),"")
B14: =IFERROR("Cut 5","") -> Cut 5 | C14: =IFERROR(IF(AND(ISNUMBER('Enter data'!$A$11),ISNUMBER('Enter data'!$B$11),ISNUMBER('Enter data'!$C$11)),'Enter data'!$C$11/1000*Results!$C$5*('Enter data'!$B$11-'Enter data'!$A$11)/(1-Results!$C$6*Results!$C$5*'Enter data'!$B$11/1000),""),"") | D14: =IFERROR(IF(ISNUMBER(C14),'Enter data'!$C$11+C14*Results!$C$6,""),"")
B15: =IFERROR("Cut 6","") -> Cut 6 | C15: =IFERROR(IF(AND(ISNUMBER('Enter data'!$A$12),ISNUMBER('Enter data'!$B$12),ISNUMBER('Enter data'!$C$12)),'Enter data'!$C$12/1000*Results!$C$5*('Enter data'!$B$12-'Enter data'!$A$12)/(1-Results!$C$6*Results!$C$5*'Enter data'!$B$12/1000),""),"") | D15: =IFERROR(IF(ISNUMBER(C15),'Enter data'!$C$12+C15*Results!$C$6,""),"")
B18: Check against the 0 C table (0 to 50% saturation, 100 mL)
B19: Grams to add at 0 C (table value 29.5) | C19: =IFERROR(0.1*514.72*0.5/(1-0.5262*514.72*0.5/1000),"") -> 29.767152
B21: Protein distribution across fractions
B22: Fraction | C22: Mean mass (g) | D22: SD (g) | E22: Share (%)
B23: =IFERROR(IF('Enter data'!$A$18="","",'Enter data'!$A$18),"") -> 0-33% | C23: =IFERROR(IF(COUNT('Enter data'!$B$18:$E$18)=0,"",AVERAGE('Enter data'!$B$18:$E$18)),"") -> 0.8825 | D23: =IFERROR(IF(COUNT('Enter data'!$B$18:$E$18)<2,"",STDEV('Enter data'!$B$18:$E$18)),"") -> 0.10242884 | E23: =IFERROR(IF(ISNUMBER(C23),100*C23/SUM($C$23:$C$26),""),"") -> 14.245359
B24: =IFERROR(IF('Enter data'!$A$19="","",'Enter data'!$A$19),"") -> 33-50% | C24: =IFERROR(IF(COUNT('Enter data'!$B$19:$E$19)=0,"",AVERAGE('Enter data'!$B$19:$E$19)),"") -> 0.4825 | D24: =IFERROR(IF(COUNT('Enter data'!$B$19:$E$19)<2,"",STDEV('Enter data'!$B$19:$E$19)),"") -> 0.047169906 | E24: =IFERROR(IF(ISNUMBER(C24),100*C24/SUM($C$23:$C$26),""),"") -> 7.7885391
B25: =IFERROR(IF('Enter data'!$A$20="","",'Enter data'!$A$20),"") -> 50-100% | C25: =IFERROR(IF(COUNT('Enter data'!$B$20:$E$20)=0,"",AVERAGE('Enter data'!$B$20:$E$20)),"") -> 4.83 | D25: =IFERROR(IF(COUNT('Enter data'!$B$20:$E$20)<2,"",STDEV('Enter data'!$B$20:$E$20)),"") -> 0.30973107 | E25: =IFERROR(IF(ISNUMBER(C25),100*C25/SUM($C$23:$C$26),""),"") -> 77.966102
B26: =IFERROR(IF('Enter data'!$A$21="","",'Enter data'!$A$21),"") | C26: =IFERROR(IF(COUNT('Enter data'!$B$21:$E$21)=0,"",AVERAGE('Enter data'!$B$21:$E$21)),"") | D26: =IFERROR(IF(COUNT('Enter data'!$B$21:$E$21)<2,"",STDEV('Enter data'!$B$21:$E$21)),"") | E26: =IFERROR(IF(ISNUMBER(C26),100*C26/SUM($C$23:$C$26),""),"")
