Workbook

Sheet Start here
B1: BCH-01 Titration of a weak acid: equivalence point, pKa, buffer capacity
B2: Excel version of the card. It does the same calculations as the R script bch01_titration_pka.R.
B4: How to use this workbook
B5: 1. Go to the 'Enter data' sheet. Type only in the yellow cells with blue text. Grey cells are calculated for you.
B6: 2. Fill the blocks that apply. Leave rows you did not use empty. The grey italic row above each table is an example of the format and is not used.
B7: 3. Open the 'Results' sheet. Everything there is calculated. Yellow cells on that sheet are settings you may change.
B9: What the colours mean
B10: Yellow cell, blue text: you type here.
B11: Grey cell: a formula. Sheets are protected without a password so formulas are not overwritten by accident (Review > Unprotect Sheet).
B13: Assumptions and sources
B14: Enter the NaOH volume and the pH after each addition, in increasing order of volume (use small steps near the steep part).
B15: Equivalence volume: the steepest point of pH against volume (first derivative), refined by the zero of the second derivative next to it. pKa = pH at half the equivalence volume (Henderson-Hasselbalch).
... B20: Compiled by Emmanuel G. Lozano, Department of Biology, College of Arts and Sciences, Pampanga State University. Original material is licensed CC BY-NC 4.0: credit required, non-commercial use only.

Sheet Enter data
A1: Enter your data
A2: Type only in yellow cells. Leave unused rows empty.
A4: 1. Titration data (increasing volume)
A5: NaOH added (mL) | B5: pH | C5: Slope dpH/dV | D5: Mid volume (mL) | E5: Second derivative | F5: Mid of mid volumes | G5: Mid pH | H5: Buffer capacity (mol/L per pH) | I5: Capacity below pH 8
A6: 10 | B6: 4.76
A7: 0 | B7: 2.93 | C7: =IF(AND(ISNUMBER(A7),ISNUMBER(A8),ISNUMBER(B7),ISNUMBER(B8)),(B8-B7)/(A8-A7),"") -> 0.61 | D7: =IF(ISNUMBER(C7),(A7+A8)/2,"") -> 0.5 | E7: =IF(AND(ISNUMBER(C7),ISNUMBER(C8)),(C8-C7)/(D8-D7),"") -> -0.31 | F7: =IF(ISNUMBER(E7),(D7+D8)/2,"") -> 1 | G7: =IF(ISNUMBER(C7),(B7+B8)/2,"") -> 3.235 | H7: =IF(ISNUMBER(C7),IFERROR((Results!$C$6*(A8-A7)/1000/((Results!$C$5+D7)/1000))/(B8-B7),""),"") -> 0.006428801 | I7: =IF(ISNUMBER(H7),IF(G7<8,H7,""),"") -> 0.006428801
A8: 1 | B8: 3.54 | C8: =IF(AND(ISNUMBER(A8),ISNUMBER(A9),ISNUMBER(B8),ISNUMBER(B9)),(B9-B8)/(A9-A8),"") -> 0.3 | D8: =IF(ISNUMBER(C8),(A8+A9)/2,"") -> 1.5 | E8: =IF(AND(ISNUMBER(C8),ISNUMBER(C9)),(C9-C8)/(D9-D8),"") -> -0.14 | F8: =IF(ISNUMBER(E8),(D8+D9)/2,"") -> 2 | G8: =IF(ISNUMBER(C8),(B8+B9)/2,"") -> 3.69 | H8: =IF(ISNUMBER(C8),IFERROR((Results!$C$6*(A9-A8)/1000/((Results!$C$5+D8)/1000))/(B9-B8),""),"") -> 0.012578616 | I8: =IF(ISNUMBER(H8),IF(G8<8,H8,""),"") -> 0.012578616
A9: 2 | B9: 3.84 | C9: =IF(AND(ISNUMBER(A9),ISNUMBER(A10),ISNUMBER(B9),ISNUMBER(B10)),(B10-B9)/(A10-A9),"") -> 0.16 | D9: =IF(ISNUMBER(C9),(A9+A10)/2,"") -> 2.5 | E9: =IF(AND(ISNUMBER(C9),ISNUMBER(C10)),(C10-C9)/(D10-D9),"") -> -0.01 | F9: =IF(ISNUMBER(E9),(D9+D10)/2,"") -> 3 | G9: =IF(ISNUMBER(C9),(B9+B10)/2,"") -> 3.92 | H9: =IF(ISNUMBER(C9),IFERROR((Results!$C$6*(A10-A9)/1000/((Results!$C$5+D9)/1000))/(B10-B9),""),"") -> 0.022727273 | I9: =IF(ISNUMBER(H9),IF(G9<8,H9,""),"") -> 0.022727273
A10: 3 | B10: 4 | C10: =IF(AND(ISNUMBER(A10),ISNUMBER(A11),ISNUMBER(B10),ISNUMBER(B11)),(B11-B10)/(A11-A10),"") -> 0.15 | D10: =IF(ISNUMBER(C10),(A10+A11)/2,"") -> 3.5 | E10: =IF(AND(ISNUMBER(C10),ISNUMBER(C11)),(C11-C10)/(D11-D10),"") -> -0.03 | F10: =IF(ISNUMBER(E10),(D10+D11)/2,"") -> 4 | G10: =IF(ISNUMBER(C10),(B10+B11)/2,"") -> 4.075 | H10: =IF(ISNUMBER(C10),IFERROR((Results!$C$6*(A11-A10)/1000/((Results!$C$5+D10)/1000))/(B11-B10),""),"") -> 0.023391813 | I10: =IF(ISNUMBER(H10),IF(G10<8,H10,""),"") -> 0.023391813
A11: 4 | B11: 4.15 | C11: =IF(AND(ISNUMBER(A11),ISNUMBER(A12),ISNUMBER(B11),ISNUMBER(B12)),(B12-B11)/(A12-A11),"") -> 0.12 | D11: =IF(ISNUMBER(C11),(A11+A12)/2,"") -> 4.5 | E11: =IF(AND(ISNUMBER(C11),ISNUMBER(C12)),(C12-C11)/(D12-D11),"") -> 0.01 | F11: =IF(ISNUMBER(E11),(D11+D12)/2,"") -> 5 | G11: =IF(ISNUMBER(C11),(B11+B12)/2,"") -> 4.21 | H11: =IF(ISNUMBER(C11),IFERROR((Results!$C$6*(A12-A11)/1000/((Results!$C$5+D11)/1000))/(B12-B11),""),"") -> 0.028248588 | I11: =IF(ISNUMBER(H11),IF(G11<8,H11,""),"") -> 0.028248588
A12: 5 | B12: 4.27 | C12: =IF(AND(ISNUMBER(A12),ISNUMBER(A13),ISNUMBER(B12),ISNUMBER(B13)),(B13-B12)/(A13-A12),"") -> 0.13 | D12: =IF(ISNUMBER(C12),(A12+A13)/2,"") -> 5.5 | E12: =IF(AND(ISNUMBER(C12),ISNUMBER(C13)),(C13-C12)/(D13-D12),"") -> -0.04 | F12: =IF(ISNUMBER(E12),(D12+D13)/2,"") -> 6 | G12: =IF(ISNUMBER(C12),(B12+B13)/2,"") -> 4.335 | H12: =IF(ISNUMBER(C12),IFERROR((Results!$C$6*(A13-A12)/1000/((Results!$C$5+D12)/1000))/(B13-B12),""),"") -> 0.025220681 | I12: =IF(ISNUMBER(H12),IF(G12<8,H12,""),"") -> 0.025220681
A13: 6 | B13: 4.4 | C13: =IF(AND(ISNUMBER(A13),ISNUMBER(A14),ISNUMBER(B13),ISNUMBER(B14)),(B14-B13)/(A14-A13),"") -> 0.09 | D13: =IF(ISNUMBER(C13),(A13+A14)/2,"") -> 6.5 | E13: =IF(AND(ISNUMBER(C13),ISNUMBER(C14)),(C14-C13)/(D14-D13),"") -> 0.02 | F13: =IF(ISNUMBER(E13),(D13+D14)/2,"") -> 7 | G13: =IF(ISNUMBER(C13),(B13+B14)/2,"") -> 4.445 | H13: =IF(ISNUMBER(C13),IFERROR((Results!$C$6*(A14-A13)/1000/((Results!$C$5+D13)/1000))/(B14-B13),""),"") -> 0.035273369 | I13: =IF(ISNUMBER(H13),IF(G13<8,H13,""),"") -> 0.035273369
A14: 7 | B14: 4.49 | C14: =IF(AND(ISNUMBER(A14),ISNUMBER(A15),ISNUMBER(B14),ISNUMBER(B15)),(B15-B14)/(A15-A14),"") -> 0.11 | D14: =IF(ISNUMBER(C14),(A14+A15)/2,"") -> 7.5 | E14: =IF(AND(ISNUMBER(C14),ISNUMBER(C15)),(C15-C14)/(D15-D14),"") -> -0.07 | F14: =IF(ISNUMBER(E14),(D14+D15)/2,"") -> 8 | G14: =IF(ISNUMBER(C14),(B14+B15)/2,"") -> 4.545 | H14: =IF(ISNUMBER(C14),IFERROR((Results!$C$6*(A15-A14)/1000/((Results!$C$5+D14)/1000))/(B15-B14),""),"") -> 0.027972028 | I14: =IF(ISNUMBER(H14),IF(G14<8,H14,""),"") -> 0.027972028
A15: 8 | B15: 4.6 | C15: =IF(AND(ISNUMBER(A15),ISNUMBER(A16),ISNUMBER(B15),ISNUMBER(B16)),(B16-B15)/(A16-A15),"") -> 0.04 | D15: =IF(ISNUMBER(C15),(A15+A16)/2,"") -> 8.5 | E15: =IF(AND(ISNUMBER(C15),ISNUMBER(C16)),(C16-C15)/(D16-D15),"") -> 0.11 | F15: =IF(ISNUMBER(E15),(D15+D16)/2,"") -> 9 | G15: =IF(ISNUMBER(C15),(B15+B16)/2,"") -> 4.62 | H15: =IF(ISNUMBER(C15),IFERROR((Results!$C$6*(A16-A15)/1000/((Results!$C$5+D15)/1000))/(B16-B15),""),"") -> 0.074626866 | I15: =IF(ISNUMBER(H15),IF(G15<8,H15,""),"") -> 0.074626866
A16: 9 | B16: 4.64 | C16: =IF(AND(ISNUMBER(A16),ISNUMBER(A17),ISNUMBER(B16),ISNUMBER(B17)),(B17-B16)/(A17-A16),"") -> 0.15 | D16: =IF(ISNUMBER(C16),(A16+A17)/2,"") -> 9.5 | E16: =IF(AND(ISNUMBER(C16),ISNUMBER(C17)),(C17-C16)/(D17-D16),"") -> -0.09 | F16: =IF(ISNUMBER(E16),(D16+D17)/2,"") -> 10 | G16: =IF(ISNUMBER(C16),(B16+B17)/2,"") -> 4.715 | H16: =IF(ISNUMBER(C16),IFERROR((Results!$C$6*(A17-A16)/1000/((Results!$C$5+D16)/1000))/(B17-B16),""),"") -> 0.019323671 | I16: =IF(ISNUMBER(H16),IF(G16<8,H16,""),"") -> 0.019323671
A17: 10 | B17: 4.79 | C17: =IF(AND(ISNUMBER(A17),ISNUMBER(A18),ISNUMBER(B17),ISNUMBER(B18)),(B18-B17)/(A18-A17),"") -> 0.06 | D17: =IF(ISNUMBER(C17),(A17+A18)/2,"") -> 10.5 | E17: =IF(AND(ISNUMBER(C17),ISNUMBER(C18)),(C18-C17)/(D18-D17),"") -> 0.04 | F17: =IF(ISNUMBER(E17),(D17+D18)/2,"") -> 11 | G17: =IF(ISNUMBER(C17),(B17+B18)/2,"") -> 4.82 | H17: =IF(ISNUMBER(C17),IFERROR((Results!$C$6*(A18-A17)/1000/((Results!$C$5+D17)/1000))/(B18-B17),""),"") -> 0.046948357 | I17: =IF(ISNUMBER(H17),IF(G17<8,H17,""),"") -> 0.046948357
A18: 11 | B18: 4.85 | C18: =IF(AND(ISNUMBER(A18),ISNUMBER(A19),ISNUMBER(B18),ISNUMBER(B19)),(B19-B18)/(A19-A18),"") -> 0.1 | D18: =IF(ISNUMBER(C18),(A18+A19)/2,"") -> 11.5 | E18: =IF(AND(ISNUMBER(C18),ISNUMBER(C19)),(C19-C18)/(D19-D18),"") -> -0.02 | F18: =IF(ISNUMBER(E18),(D18+D19)/2,"") -> 12 | G18: =IF(ISNUMBER(C18),(B18+B19)/2,"") -> 4.9 | H18: =IF(ISNUMBER(C18),IFERROR((Results!$C$6*(A19-A18)/1000/((Results!$C$5+D18)/1000))/(B19-B18),""),"") -> 0.02739726 | I18: =IF(ISNUMBER(H18),IF(G18<8,H18,""),"") -> 0.02739726
... A55: 32 | B55: 12.33 | C55: =IF(AND(ISNUMBER(A55),ISNUMBER(A56),ISNUMBER(B55),ISNUMBER(B56)),(B56-B55)/(A56-A55),"") | D55: =IF(ISNUMBER(C55),(A55+A56)/2,"") | E55: =IF(AND(ISNUMBER(C55),ISNUMBER(C56)),(C56-C55)/(D56-D55),"") | F55: =IF(ISNUMBER(E55),(D55+D56)/2,"") | G55: =IF(ISNUMBER(C55),(B55+B56)/2,"") | H55: =IF(ISNUMBER(C55),IFERROR((Results!$C$6*(A56-A55)/1000/((Results!$C$5+D55)/1000))/(B56-B55),""),"") | I55: =IF(ISNUMBER(H55),IF(G55<8,H55,""),"")
C56: =IF(AND(ISNUMBER(A56),ISNUMBER(A57),ISNUMBER(B56),ISNUMBER(B57)),(B57-B56)/(A57-A56),"") | D56: =IF(ISNUMBER(C56),(A56+A57)/2,"") | E56: =IF(AND(ISNUMBER(C56),ISNUMBER(C57)),(C57-C56)/(D57-D56),"") | F56: =IF(ISNUMBER(E56),(D56+D57)/2,"") | G56: =IF(ISNUMBER(C56),(B56+B57)/2,"") | H56: =IF(ISNUMBER(C56),IFERROR((Results!$C$6*(A57-A56)/1000/((Results!$C$5+D56)/1000))/(B57-B56),""),"") | I56: =IF(ISNUMBER(H56),IF(G56<8,H56,""),"")
C57: =IF(AND(ISNUMBER(A57),ISNUMBER(A58),ISNUMBER(B57),ISNUMBER(B58)),(B58-B57)/(A58-A57),"") | D57: =IF(ISNUMBER(C57),(A57+A58)/2,"") | E57: =IF(AND(ISNUMBER(C57),ISNUMBER(C58)),(C58-C57)/(D58-D57),"") | F57: =IF(ISNUMBER(E57),(D57+D58)/2,"") | G57: =IF(ISNUMBER(C57),(B57+B58)/2,"") | H57: =IF(ISNUMBER(C57),IFERROR((Results!$C$6*(A58-A57)/1000/((Results!$C$5+D57)/1000))/(B58-B57),""),"") | I57: =IF(ISNUMBER(H57),IF(G57<8,H57,""),"")
C58: =IF(AND(ISNUMBER(A58),ISNUMBER(A59),ISNUMBER(B58),ISNUMBER(B59)),(B59-B58)/(A59-A58),"") | D58: =IF(ISNUMBER(C58),(A58+A59)/2,"") | E58: =IF(AND(ISNUMBER(C58),ISNUMBER(C59)),(C59-C58)/(D59-D58),"") | F58: =IF(ISNUMBER(E58),(D58+D59)/2,"") | G58: =IF(ISNUMBER(C58),(B58+B59)/2,"") | H58: =IF(ISNUMBER(C58),IFERROR((Results!$C$6*(A59-A58)/1000/((Results!$C$5+D58)/1000))/(B59-B58),""),"") | I58: =IF(ISNUMBER(H58),IF(G58<8,H58,""),"")
C59: =IF(AND(ISNUMBER(A59),ISNUMBER(A60),ISNUMBER(B59),ISNUMBER(B60)),(B60-B59)/(A60-A59),"") | D59: =IF(ISNUMBER(C59),(A59+A60)/2,"") | E59: =IF(AND(ISNUMBER(C59),ISNUMBER(C60)),(C60-C59)/(D60-D59),"") | F59: =IF(ISNUMBER(E59),(D59+D60)/2,"") | G59: =IF(ISNUMBER(C59),(B59+B60)/2,"") | H59: =IF(ISNUMBER(C59),IFERROR((Results!$C$6*(A60-A59)/1000/((Results!$C$5+D59)/1000))/(B60-B59),""),"") | I59: =IF(ISNUMBER(H59),IF(G59<8,H59,""),"")
C60: =IF(AND(ISNUMBER(A60),ISNUMBER(A61),ISNUMBER(B60),ISNUMBER(B61)),(B61-B60)/(A61-A60),"") | D60: =IF(ISNUMBER(C60),(A60+A61)/2,"") | E60: =IF(AND(ISNUMBER(C60),ISNUMBER(C61)),(C61-C60)/(D61-D60),"") | F60: =IF(ISNUMBER(E60),(D60+D61)/2,"") | G60: =IF(ISNUMBER(C60),(B60+B61)/2,"") | H60: =IF(ISNUMBER(C60),IFERROR((Results!$C$6*(A61-A60)/1000/((Results!$C$5+D60)/1000))/(B61-B60),""),"") | I60: =IF(ISNUMBER(H60),IF(G60<8,H60,""),"")
C61: =IF(AND(ISNUMBER(A61),ISNUMBER(A62),ISNUMBER(B61),ISNUMBER(B62)),(B62-B61)/(A62-A61),"") | D61: =IF(ISNUMBER(C61),(A61+A62)/2,"") | E61: =IF(AND(ISNUMBER(C61),ISNUMBER(C62)),(C62-C61)/(D62-D61),"") | F61: =IF(ISNUMBER(E61),(D61+D62)/2,"") | G61: =IF(ISNUMBER(C61),(B61+B62)/2,"") | H61: =IF(ISNUMBER(C61),IFERROR((Results!$C$6*(A62-A61)/1000/((Results!$C$5+D61)/1000))/(B62-B61),""),"") | I61: =IF(ISNUMBER(H61),IF(G61<8,H61,""),"")

Sheet Results
B1: Results
B2: Everything on this sheet is calculated. Change only the yellow settings.
B4: Settings
B5: Volume of acid titrated (mL) | C5: 25
B6: NaOH molarity (mol/L) | C6: 0.1
B8: Equivalence point
B9: Position of the steepest point in the table | C9: =IFERROR(MATCH(MAX('Enter data'!$C$7:$C$61),'Enter data'!$C$7:$C$61,0),"") -> 25
B10: Equivalence volume from the steepest point (mL) | C10: =IFERROR(INDEX('Enter data'!$D$7:$D$61,$C$9),"") -> 20.25
B11: Equivalence volume refined with the second derivative (mL) | C11: =IFERROR(INDEX('Enter data'!$F$7:$F$61,$C$9-1)-INDEX('Enter data'!$E$7:$E$61,$C$9-1)*(INDEX('Enter data'!$F$7:$F$61,$C$9)-INDEX('Enter data'!$F$7:$F$61,$C$9-1))/(INDEX('Enter data'!$E$7:$E$61,$C$9)-INDEX('Enter data'!$E$7:$E$61,$C$9-1)),"") -> 20.004854
B12: Concentration of the acid (mol/L) | C12: =IFERROR(Results!$C$6*$C$11/Results!$C$5,"") -> 0.080019417
B14: pKa (pH at half the equivalence volume)
B15: Half of the equivalence volume (mL) | C15: =IFERROR($C$11/2,"") -> 10.002427
B16: Table position just below the half volume | C16: =IFERROR(MATCH($C$15,'Enter data'!$A$7:$A$61,1),"") -> 11
B17: pKa | C17: =IFERROR(INDEX('Enter data'!$B$7:$B$61,$C$16)+($C$15-INDEX('Enter data'!$A$7:$A$61,$C$16))*(INDEX('Enter data'!$B$7:$B$61,$C$16+1)-INDEX('Enter data'!$B$7:$B$61,$C$16))/(INDEX('Enter data'!$A$7:$A$61,$C$16+1)-INDEX('Enter data'!$A$7:$A$61,$C$16)),"") -> 4.7901456
B19: Buffer capacity
B20: Largest buffer capacity below pH 8 (mol/L per pH) | C20: =IFERROR(MAX('Enter data'!$I$7:$I$61),"") -> 0.074626866
B21: pH at the largest buffer capacity | C21: =IFERROR(INDEX('Enter data'!$G$7:$G$61,MATCH($C$20,'Enter data'!$I$7:$I$61,0)),"") -> 4.62
