Workbook

Sheet Start here
B1: BCH-02 Amino acids by paper chromatography: Rf values
B2: Excel version of the card. It does the same calculations as the R script bch02_chromatography_rf.R.
B4: How to use this workbook
B5: 1. Go to the 'Enter data' sheet. Type only in the yellow cells with blue text. Grey cells are calculated for you.
B6: 2. Fill the blocks that apply. Leave rows you did not use empty. The grey italic row above each table is an example of the format and is not used.
B7: 3. Open the 'Results' sheet. Everything there is calculated. Yellow cells on that sheet are settings you may change.
B9: What the colours mean
B10: Yellow cell, blue text: you type here.
B11: Grey cell: a formula. Sheets are protected without a password so formulas are not overwritten by accident (Review > Unprotect Sheet).
B13: Assumptions and sources
B14: Rf = distance from the origin to the spot centre / distance from the origin to the solvent front. Always run the standards on the same sheet as the unknown.
B15: An unknown matches a standard when its mean Rf is within the tolerance set on the Results sheet (default 0.05).
... B22: Compiled by Emmanuel G. Lozano, Department of Biology, College of Arts and Sciences, Pampanga State University. Original material is licensed CC BY-NC 4.0: credit required, non-commercial use only.

Sheet Enter data
A1: Enter your data
A2: Type only in yellow cells. Leave unused rows empty.
A4: 1. Names: five standards and two unknowns (type the names used in the table below)
A5: Standard 1 | B5: Standard 2 | C5: Standard 3 | D5: Standard 4 | E5: Standard 5 | F5: Unknown 1 | G5: Unknown 2
A6: leucine | B6: alanine | C6: glycine | D6: serine | E6: aspartic acid | F6: unk1 | G6: unk2
A9: 2. Spots (one row per spot)
A10: Run number | B10: Sample name | C10: Distance origin to spot (cm) | D10: Distance origin to front (cm) | E10: Rf
A11: 1 | B11: alanine | C11: 3.6 | D11: 12
A12: 1 | B12: leucine | C12: 8.4 | D12: 11.87 | E12: =IF(AND(ISNUMBER(C12),ISNUMBER(D12)),C12/D12,0) -> 0.70766639
A13: 1 | B13: alanine | C13: 3.4 | D13: 11.87 | E13: =IF(AND(ISNUMBER(C13),ISNUMBER(D13)),C13/D13,0) -> 0.28643639
A14: 1 | B14: glycine | C14: 2.42 | D14: 11.87 | E14: =IF(AND(ISNUMBER(C14),ISNUMBER(D14)),C14/D14,0) -> 0.20387532
A15: 1 | B15: serine | C15: 2.19 | D15: 11.87 | E15: =IF(AND(ISNUMBER(C15),ISNUMBER(D15)),C15/D15,0) -> 0.18449874
A16: 1 | B16: aspartic acid | C16: 0.99 | D16: 11.87 | E16: =IF(AND(ISNUMBER(C16),ISNUMBER(D16)),C16/D16,0) -> 0.083403538
A17: 1 | B17: unk1 | C17: 3.67 | D17: 11.87 | E17: =IF(AND(ISNUMBER(C17),ISNUMBER(D17)),C17/D17,0) -> 0.30918281
A18: 1 | B18: unk2 | C18: 8.7 | D18: 11.87 | E18: =IF(AND(ISNUMBER(C18),ISNUMBER(D18)),C18/D18,0) -> 0.73294019
A19: 2 | B19: leucine | C19: 8.23 | D19: 11.55 | E19: =IF(AND(ISNUMBER(C19),ISNUMBER(D19)),C19/D19,0) -> 0.71255411
A20: 2 | B20: alanine | C20: 3.52 | D20: 11.55 | E20: =IF(AND(ISNUMBER(C20),ISNUMBER(D20)),C20/D20,0) -> 0.3047619
A21: 2 | B21: glycine | C21: 2.57 | D21: 11.55 | E21: =IF(AND(ISNUMBER(C21),ISNUMBER(D21)),C21/D21,0) -> 0.22251082
A22: 2 | B22: serine | C22: 2.22 | D22: 11.55 | E22: =IF(AND(ISNUMBER(C22),ISNUMBER(D22)),C22/D22,0) -> 0.19220779
A23: 2 | B23: aspartic acid | C23: 1.26 | D23: 11.55 | E23: =IF(AND(ISNUMBER(C23),ISNUMBER(D23)),C23/D23,0) -> 0.10909091
... A39: 4 | B39: unk2 | C39: 8.69 | D39: 12.17 | E39: =IF(AND(ISNUMBER(C39),ISNUMBER(D39)),C39/D39,0) -> 0.71405094
E40: =IF(AND(ISNUMBER(C40),ISNUMBER(D40)),C40/D40,0) -> 0
E41: =IF(AND(ISNUMBER(C41),ISNUMBER(D41)),C41/D41,0) -> 0
E42: =IF(AND(ISNUMBER(C42),ISNUMBER(D42)),C42/D42,0) -> 0
E43: =IF(AND(ISNUMBER(C43),ISNUMBER(D43)),C43/D43,0) -> 0
E44: =IF(AND(ISNUMBER(C44),ISNUMBER(D44)),C44/D44,0) -> 0
E45: =IF(AND(ISNUMBER(C45),ISNUMBER(D45)),C45/D45,0) -> 0
E46: =IF(AND(ISNUMBER(C46),ISNUMBER(D46)),C46/D46,0) -> 0
E47: =IF(AND(ISNUMBER(C47),ISNUMBER(D47)),C47/D47,0) -> 0
E48: =IF(AND(ISNUMBER(C48),ISNUMBER(D48)),C48/D48,0) -> 0
E49: =IF(AND(ISNUMBER(C49),ISNUMBER(D49)),C49/D49,0) -> 0
E50: =IF(AND(ISNUMBER(C50),ISNUMBER(D50)),C50/D50,0) -> 0
E51: =IF(AND(ISNUMBER(C51),ISNUMBER(D51)),C51/D51,0) -> 0
... E71: =IF(AND(ISNUMBER(C71),ISNUMBER(D71)),C71/D71,0) -> 0

Sheet Results
B1: Results
B2: Everything on this sheet is calculated. Change only the yellow settings.
B4: Settings
B5: Matching tolerance (Rf units) | C5: 0.05
B7: Mean Rf by sample
B8: Name | C8: n | D8: Mean | E8: SD | F8: SE
B9: =IFERROR('Enter data'!$A$6,"") -> leucine | C9: =IFERROR(COUNTIFS('Enter data'!$B$12:$B$71,'Enter data'!$A$6,'Enter data'!$E$12:$E$71,"<>0"),"") -> 4 | D9: =IFERROR(AVERAGEIFS('Enter data'!$E$12:$E$71,'Enter data'!$B$12:$B$71,'Enter data'!$A$6,'Enter data'!$E$12:$E$71,"<>0"),"") -> 0.70891205 | E9: =IFERROR(SQRT(MAX(0,(SUMPRODUCT(('Enter data'!$B$12:$B$71='Enter data'!$A$6)*('Enter data'!$E$12:$E$71<>0)*'Enter data'!$E$12:$E$71^2)-C9*D9^2)/(C9-1))),"") -> 0.0045368696 | F9: =IFERROR(E9/SQRT(C9),"") -> 0.0022684348
B10: =IFERROR('Enter data'!$B$6,"") -> alanine | C10: =IFERROR(COUNTIFS('Enter data'!$B$12:$B$71,'Enter data'!$B$6,'Enter data'!$E$12:$E$71,"<>0"),"") -> 4 | D10: =IFERROR(AVERAGEIFS('Enter data'!$E$12:$E$71,'Enter data'!$B$12:$B$71,'Enter data'!$B$6,'Enter data'!$E$12:$E$71,"<>0"),"") -> 0.29985684 | E10: =IFERROR(SQRT(MAX(0,(SUMPRODUCT(('Enter data'!$B$12:$B$71='Enter data'!$B$6)*('Enter data'!$E$12:$E$71<>0)*'Enter data'!$E$12:$E$71^2)-C10*D10^2)/(C10-1))),"") -> 0.015517822 | F10: =IFERROR(E10/SQRT(C10),"") -> 0.007758911
B11: =IFERROR('Enter data'!$C$6,"") -> glycine | C11: =IFERROR(COUNTIFS('Enter data'!$B$12:$B$71,'Enter data'!$C$6,'Enter data'!$E$12:$E$71,"<>0"),"") -> 4 | D11: =IFERROR(AVERAGEIFS('Enter data'!$E$12:$E$71,'Enter data'!$B$12:$B$71,'Enter data'!$C$6,'Enter data'!$E$12:$E$71,"<>0"),"") -> 0.21118967 | E11: =IFERROR(SQRT(MAX(0,(SUMPRODUCT(('Enter data'!$B$12:$B$71='Enter data'!$C$6)*('Enter data'!$E$12:$E$71<>0)*'Enter data'!$E$12:$E$71^2)-C11*D11^2)/(C11-1))),"") -> 0.0082763228 | F11: =IFERROR(E11/SQRT(C11),"") -> 0.0041381614
B12: =IFERROR('Enter data'!$D$6,"") -> serine | C12: =IFERROR(COUNTIFS('Enter data'!$B$12:$B$71,'Enter data'!$D$6,'Enter data'!$E$12:$E$71,"<>0"),"") -> 4 | D12: =IFERROR(AVERAGEIFS('Enter data'!$E$12:$E$71,'Enter data'!$B$12:$B$71,'Enter data'!$D$6,'Enter data'!$E$12:$E$71,"<>0"),"") -> 0.17743454 | E12: =IFERROR(SQRT(MAX(0,(SUMPRODUCT(('Enter data'!$B$12:$B$71='Enter data'!$D$6)*('Enter data'!$E$12:$E$71<>0)*'Enter data'!$E$12:$E$71^2)-C12*D12^2)/(C12-1))),"") -> 0.013739245 | F12: =IFERROR(E12/SQRT(C12),"") -> 0.0068696226
B13: =IFERROR('Enter data'!$E$6,"") -> aspartic acid | C13: =IFERROR(COUNTIFS('Enter data'!$B$12:$B$71,'Enter data'!$E$6,'Enter data'!$E$12:$E$71,"<>0"),"") -> 4 | D13: =IFERROR(AVERAGEIFS('Enter data'!$E$12:$E$71,'Enter data'!$B$12:$B$71,'Enter data'!$E$6,'Enter data'!$E$12:$E$71,"<>0"),"") -> 0.09232251 | E13: =IFERROR(SQRT(MAX(0,(SUMPRODUCT(('Enter data'!$B$12:$B$71='Enter data'!$E$6)*('Enter data'!$E$12:$E$71<>0)*'Enter data'!$E$12:$E$71^2)-C13*D13^2)/(C13-1))),"") -> 0.011538941 | F13: =IFERROR(E13/SQRT(C13),"") -> 0.0057694706
B14: =IFERROR('Enter data'!$F$6,"") -> unk1 | C14: =IFERROR(COUNTIFS('Enter data'!$B$12:$B$71,'Enter data'!$F$6,'Enter data'!$E$12:$E$71,"<>0"),"") -> 4 | D14: =IFERROR(AVERAGEIFS('Enter data'!$E$12:$E$71,'Enter data'!$B$12:$B$71,'Enter data'!$F$6,'Enter data'!$E$12:$E$71,"<>0"),"") -> 0.31298673 | E14: =IFERROR(SQRT(MAX(0,(SUMPRODUCT(('Enter data'!$B$12:$B$71='Enter data'!$F$6)*('Enter data'!$E$12:$E$71<>0)*'Enter data'!$E$12:$E$71^2)-C14*D14^2)/(C14-1))),"") -> 0.0051882393 | F14: =IFERROR(E14/SQRT(C14),"") -> 0.0025941197
B15: =IFERROR('Enter data'!$G$6,"") -> unk2 | C15: =IFERROR(COUNTIFS('Enter data'!$B$12:$B$71,'Enter data'!$G$6,'Enter data'!$E$12:$E$71,"<>0"),"") -> 4 | D15: =IFERROR(AVERAGEIFS('Enter data'!$E$12:$E$71,'Enter data'!$B$12:$B$71,'Enter data'!$G$6,'Enter data'!$E$12:$E$71,"<>0"),"") -> 0.72027559 | E15: =IFERROR(SQRT(MAX(0,(SUMPRODUCT(('Enter data'!$B$12:$B$71='Enter data'!$G$6)*('Enter data'!$E$12:$E$71<>0)*'Enter data'!$E$12:$E$71^2)-C15*D15^2)/(C15-1))),"") -> 0.008701069 | F15: =IFERROR(E15/SQRT(C15),"") -> 0.0043505345
B18: Which standard does each unknown match?
B19: Unknown | C19: Diff. to std 1 | D19: Diff. to std 2 | E19: Diff. to std 3 | F19: Diff. to std 4 | G19: Diff. to std 5 | H19: Best match
B20: =IFERROR(B14,"") -> unk1 | C20: =IFERROR(ABS($D$14-$D$9),"") -> 0.39592532 | D20: =IFERROR(ABS($D$14-$D$10),"") -> 0.013129887 | E20: =IFERROR(ABS($D$14-$D$11),"") -> 0.10179705 | F20: =IFERROR(ABS($D$14-$D$12),"") -> 0.13555219 | G20: =IFERROR(ABS($D$14-$D$13),"") -> 0.22066422 | H20: =IFERROR(IF(MIN(C20:G20)<=Results!$C$5,INDEX($B$9:$B$13,MATCH(MIN(C20:G20),C20:G20,0)),"no match"),"") -> alanine
B21: =IFERROR(B15,"") -> unk2 | C21: =IFERROR(ABS($D$15-$D$9),"") -> 0.011363546 | D21: =IFERROR(ABS($D$15-$D$10),"") -> 0.42041875 | E21: =IFERROR(ABS($D$15-$D$11),"") -> 0.50908592 | F21: =IFERROR(ABS($D$15-$D$12),"") -> 0.54284105 | G21: =IFERROR(ABS($D$15-$D$13),"") -> 0.62795308 | H21: =IFERROR(IF(MIN(C21:G21)<=Results!$C$5,INDEX($B$9:$B$13,MATCH(MIN(C21:G21),C21:G21,0)),"no match"),"") -> leucine
B23: Largest sd of a standard across runs | C23: =IFERROR(MAX($E$9:$E$13),"") -> 0.015517822
