Workbook

Sheet Start here
B1: BOT-01 Stomatal density and index from leaf impressions
B2: Excel version of the card. It does the same calculations as the R script stomata_analysis.R.
B4: How to use this workbook
B5: 1. Go to the 'Enter data' sheet. Type only in the yellow cells with blue text. Grey cells are calculated for you.
B6: 2. Fill the blocks that apply. Leave rows you did not use empty. The grey italic row above each table is an example of the format and is not used.
B7: 3. Open the 'Results' sheet. Everything there is calculated. Yellow cells on that sheet are settings you may change.
B9: What the colours mean
B10: Yellow cell, blue text: you type here.
B11: Grey cell: a formula. Sheets are protected without a password so formulas are not overwritten by accident (Review > Unprotect Sheet).
B13: Assumptions and sources
B14: Enter, for each leaf, the TOTAL stomata and epidermal cells counted over all fields on each surface. The leaf is the replicate.
B15: Density = stomata / (fields x field area), field area = pi x (diameter / 2)^2, per mm2. Stomatal index = 100 x stomata / (stomata + epidermal cells).
... B23: Compiled by Emmanuel G. Lozano, Department of Biology, College of Arts and Sciences, Pampanga State University. Original material is licensed CC BY-NC 4.0: credit required, non-commercial use only.

Sheet Enter data
A1: Enter your data
A2: Type only in yellow cells. Leave unused rows empty.
A4: 1. Species names
A5: Species 1 | B5: Species 2 | C5: Species 3
A6: Sp1 | B6: Sp2 | C6: Sp3
A9: 2. Leaves of species 1 (one row per leaf)
A10: Leaf | B10: Stomata, upper (total) | C10: Epidermal cells, upper | D10: Stomata, lower | E10: Epidermal cells, lower | F10: Density upper (per mm2) | G10: Density lower (per mm2) | H10: Lower minus upper | I10: Index upper (%) | J10: Index lower (%)
A11: leaf 1 | B11: 8 | C11: 480 | D11: 95 | E11: 440
A12: leaf 1 | B12: 26 | C12: 368 | D12: 220 | E12: 340 | F12: =IF(ISNUMBER(B12),B12/(Results!$C$5*PI()*(Results!$C$6/2)^2),"") -> 32.695534 | G12: =IF(ISNUMBER(D12),D12/(Results!$C$5*PI()*(Results!$C$6/2)^2),"") -> 276.65452 | H12: =IF(AND(ISNUMBER(F12),ISNUMBER(G12)),G12-F12,"") -> 243.95898 | I12: =IF(AND(ISNUMBER(B12),ISNUMBER(C12)),100*B12/(B12+C12),"") -> 6.5989848 | J12: =IF(AND(ISNUMBER(D12),ISNUMBER(E12)),100*D12/(D12+E12),"") -> 39.285714
A13: leaf 2 | B13: 21 | C13: 355 | D13: 295 | E13: 355 | F13: =IF(ISNUMBER(B13),B13/(Results!$C$5*PI()*(Results!$C$6/2)^2),"") -> 26.407931 | G13: =IF(ISNUMBER(D13),D13/(Results!$C$5*PI()*(Results!$C$6/2)^2),"") -> 370.96856 | H13: =IF(AND(ISNUMBER(F13),ISNUMBER(G13)),G13-F13,"") -> 344.56063 | I13: =IF(AND(ISNUMBER(B13),ISNUMBER(C13)),100*B13/(B13+C13),"") -> 5.5851064 | J13: =IF(AND(ISNUMBER(D13),ISNUMBER(E13)),100*D13/(D13+E13),"") -> 45.384615
A14: leaf 3 | B14: 23 | C14: 339 | D14: 240 | E14: 339 | F14: =IF(ISNUMBER(B14),B14/(Results!$C$5*PI()*(Results!$C$6/2)^2),"") -> 28.922972 | G14: =IF(ISNUMBER(D14),D14/(Results!$C$5*PI()*(Results!$C$6/2)^2),"") -> 301.80493 | H14: =IF(AND(ISNUMBER(F14),ISNUMBER(G14)),G14-F14,"") -> 272.88196 | I14: =IF(AND(ISNUMBER(B14),ISNUMBER(C14)),100*B14/(B14+C14),"") -> 6.3535912 | J14: =IF(AND(ISNUMBER(D14),ISNUMBER(E14)),100*D14/(D14+E14),"") -> 41.450777
A15: leaf 4 | B15: 27 | C15: 366 | D15: 243 | E15: 391 | F15: =IF(ISNUMBER(B15),B15/(Results!$C$5*PI()*(Results!$C$6/2)^2),"") -> 33.953055 | G15: =IF(ISNUMBER(D15),D15/(Results!$C$5*PI()*(Results!$C$6/2)^2),"") -> 305.57749 | H15: =IF(AND(ISNUMBER(F15),ISNUMBER(G15)),G15-F15,"") -> 271.62444 | I15: =IF(AND(ISNUMBER(B15),ISNUMBER(C15)),100*B15/(B15+C15),"") -> 6.870229 | J15: =IF(AND(ISNUMBER(D15),ISNUMBER(E15)),100*D15/(D15+E15),"") -> 38.328076
A16: leaf 5 | B16: 20 | C16: 324 | D16: 208 | E16: 348 | F16: =IF(ISNUMBER(B16),B16/(Results!$C$5*PI()*(Results!$C$6/2)^2),"") -> 25.150411 | G16: =IF(ISNUMBER(D16),D16/(Results!$C$5*PI()*(Results!$C$6/2)^2),"") -> 261.56427 | H16: =IF(AND(ISNUMBER(F16),ISNUMBER(G16)),G16-F16,"") -> 236.41386 | I16: =IF(AND(ISNUMBER(B16),ISNUMBER(C16)),100*B16/(B16+C16),"") -> 5.8139535 | J16: =IF(AND(ISNUMBER(D16),ISNUMBER(E16)),100*D16/(D16+E16),"") -> 37.410072
A17: leaf 6 | B17: 21 | C17: 312 | D17: 238 | E17: 351 | F17: =IF(ISNUMBER(B17),B17/(Results!$C$5*PI()*(Results!$C$6/2)^2),"") -> 26.407931 | G17: =IF(ISNUMBER(D17),D17/(Results!$C$5*PI()*(Results!$C$6/2)^2),"") -> 299.28989 | H17: =IF(AND(ISNUMBER(F17),ISNUMBER(G17)),G17-F17,"") -> 272.88196 | I17: =IF(AND(ISNUMBER(B17),ISNUMBER(C17)),100*B17/(B17+C17),"") -> 6.3063063 | J17: =IF(AND(ISNUMBER(D17),ISNUMBER(E17)),100*D17/(D17+E17),"") -> 40.40747
F18: =IF(ISNUMBER(B18),B18/(Results!$C$5*PI()*(Results!$C$6/2)^2),"") | G18: =IF(ISNUMBER(D18),D18/(Results!$C$5*PI()*(Results!$C$6/2)^2),"") | H18: =IF(AND(ISNUMBER(F18),ISNUMBER(G18)),G18-F18,"") | I18: =IF(AND(ISNUMBER(B18),ISNUMBER(C18)),100*B18/(B18+C18),"") | J18: =IF(AND(ISNUMBER(D18),ISNUMBER(E18)),100*D18/(D18+E18),"")
F19: =IF(ISNUMBER(B19),B19/(Results!$C$5*PI()*(Results!$C$6/2)^2),"") | G19: =IF(ISNUMBER(D19),D19/(Results!$C$5*PI()*(Results!$C$6/2)^2),"") | H19: =IF(AND(ISNUMBER(F19),ISNUMBER(G19)),G19-F19,"") | I19: =IF(AND(ISNUMBER(B19),ISNUMBER(C19)),100*B19/(B19+C19),"") | J19: =IF(AND(ISNUMBER(D19),ISNUMBER(E19)),100*D19/(D19+E19),"")
A22: 3. Leaves of species 2 (one row per leaf)
A23: Leaf | B23: Stomata, upper (total) | C23: Epidermal cells, upper | D23: Stomata, lower | E23: Epidermal cells, lower | F23: Density upper (per mm2) | G23: Density lower (per mm2) | H23: Lower minus upper | I23: Index upper (%) | J23: Index lower (%)
A24: leaf 1 | B24: 8 | C24: 480 | D24: 95 | E24: 440
A25: leaf 1 | B25: 73 | C25: 344 | D25: 146 | E25: 385 | F25: =IF(ISNUMBER(B25),B25/(Results!$C$5*PI()*(Results!$C$6/2)^2),"") -> 91.798999 | G25: =IF(ISNUMBER(D25),D25/(Results!$C$5*PI()*(Results!$C$6/2)^2),"") -> 183.598 | H25: =IF(AND(ISNUMBER(F25),ISNUMBER(G25)),G25-F25,"") -> 91.798999 | I25: =IF(AND(ISNUMBER(B25),ISNUMBER(C25)),100*B25/(B25+C25),"") -> 17.505995 | J25: =IF(AND(ISNUMBER(D25),ISNUMBER(E25)),100*D25/(D25+E25),"") -> 27.495292
A26: leaf 2 | B26: 88 | C26: 348 | D26: 160 | E26: 368 | F26: =IF(ISNUMBER(B26),B26/(Results!$C$5*PI()*(Results!$C$6/2)^2),"") -> 110.66181 | G26: =IF(ISNUMBER(D26),D26/(Results!$C$5*PI()*(Results!$C$6/2)^2),"") -> 201.20329 | H26: =IF(AND(ISNUMBER(F26),ISNUMBER(G26)),G26-F26,"") -> 90.541479 | I26: =IF(AND(ISNUMBER(B26),ISNUMBER(C26)),100*B26/(B26+C26),"") -> 20.183486 | J26: =IF(AND(ISNUMBER(D26),ISNUMBER(E26)),100*D26/(D26+E26),"") -> 30.30303
A27: leaf 3 | B27: 90 | C27: 382 | D27: 166 | E27: 374 | F27: =IF(ISNUMBER(B27),B27/(Results!$C$5*PI()*(Results!$C$6/2)^2),"") -> 113.17685 | G27: =IF(ISNUMBER(D27),D27/(Results!$C$5*PI()*(Results!$C$6/2)^2),"") -> 208.74841 | H27: =IF(AND(ISNUMBER(F27),ISNUMBER(G27)),G27-F27,"") -> 95.571561 | I27: =IF(AND(ISNUMBER(B27),ISNUMBER(C27)),100*B27/(B27+C27),"") -> 19.067797 | J27: =IF(AND(ISNUMBER(D27),ISNUMBER(E27)),100*D27/(D27+E27),"") -> 30.740741
A28: leaf 4 | B28: 65 | C28: 372 | D28: 168 | E28: 325 | F28: =IF(ISNUMBER(B28),B28/(Results!$C$5*PI()*(Results!$C$6/2)^2),"") -> 81.738835 | G28: =IF(ISNUMBER(D28),D28/(Results!$C$5*PI()*(Results!$C$6/2)^2),"") -> 211.26345 | H28: =IF(AND(ISNUMBER(F28),ISNUMBER(G28)),G28-F28,"") -> 129.52462 | I28: =IF(AND(ISNUMBER(B28),ISNUMBER(C28)),100*B28/(B28+C28),"") -> 14.874142 | J28: =IF(AND(ISNUMBER(D28),ISNUMBER(E28)),100*D28/(D28+E28),"") -> 34.077079
A29: leaf 5 | B29: 75 | C29: 351 | D29: 163 | E29: 363 | F29: =IF(ISNUMBER(B29),B29/(Results!$C$5*PI()*(Results!$C$6/2)^2),"") -> 94.31404 | G29: =IF(ISNUMBER(D29),D29/(Results!$C$5*PI()*(Results!$C$6/2)^2),"") -> 204.97585 | H29: =IF(AND(ISNUMBER(F29),ISNUMBER(G29)),G29-F29,"") -> 110.66181 | I29: =IF(AND(ISNUMBER(B29),ISNUMBER(C29)),100*B29/(B29+C29),"") -> 17.605634 | J29: =IF(AND(ISNUMBER(D29),ISNUMBER(E29)),100*D29/(D29+E29),"") -> 30.988593
A30: leaf 6 | B30: 74 | C30: 368 | D30: 145 | E30: 372 | F30: =IF(ISNUMBER(B30),B30/(Results!$C$5*PI()*(Results!$C$6/2)^2),"") -> 93.05652 | G30: =IF(ISNUMBER(D30),D30/(Results!$C$5*PI()*(Results!$C$6/2)^2),"") -> 182.34048 | H30: =IF(AND(ISNUMBER(F30),ISNUMBER(G30)),G30-F30,"") -> 89.283958 | I30: =IF(AND(ISNUMBER(B30),ISNUMBER(C30)),100*B30/(B30+C30),"") -> 16.742081 | J30: =IF(AND(ISNUMBER(D30),ISNUMBER(E30)),100*D30/(D30+E30),"") -> 28.046422
F31: =IF(ISNUMBER(B31),B31/(Results!$C$5*PI()*(Results!$C$6/2)^2),"") | G31: =IF(ISNUMBER(D31),D31/(Results!$C$5*PI()*(Results!$C$6/2)^2),"") | H31: =IF(AND(ISNUMBER(F31),ISNUMBER(G31)),G31-F31,"") | I31: =IF(AND(ISNUMBER(B31),ISNUMBER(C31)),100*B31/(B31+C31),"") | J31: =IF(AND(ISNUMBER(D31),ISNUMBER(E31)),100*D31/(D31+E31),"")
F32: =IF(ISNUMBER(B32),B32/(Results!$C$5*PI()*(Results!$C$6/2)^2),"") | G32: =IF(ISNUMBER(D32),D32/(Results!$C$5*PI()*(Results!$C$6/2)^2),"") | H32: =IF(AND(ISNUMBER(F32),ISNUMBER(G32)),G32-F32,"") | I32: =IF(AND(ISNUMBER(B32),ISNUMBER(C32)),100*B32/(B32+C32),"") | J32: =IF(AND(ISNUMBER(D32),ISNUMBER(E32)),100*D32/(D32+E32),"")
A35: 4. Leaves of species 3 (one row per leaf)
A36: Leaf | B36: Stomata, upper (total) | C36: Epidermal cells, upper | D36: Stomata, lower | E36: Epidermal cells, lower | F36: Density upper (per mm2) | G36: Density lower (per mm2) | H36: Lower minus upper | I36: Index upper (%) | J36: Index lower (%)
A37: leaf 1 | B37: 8 | C37: 480 | D37: 95 | E37: 440
A38: leaf 1 | B38: 2 | C38: 362 | D38: 86 | E38: 376 | F38: =IF(ISNUMBER(B38),B38/(Results!$C$5*PI()*(Results!$C$6/2)^2),"") -> 2.5150411 | G38: =IF(ISNUMBER(D38),D38/(Results!$C$5*PI()*(Results!$C$6/2)^2),"") -> 108.14677 | H38: =IF(AND(ISNUMBER(F38),ISNUMBER(G38)),G38-F38,"") -> 105.63173 | I38: =IF(AND(ISNUMBER(B38),ISNUMBER(C38)),100*B38/(B38+C38),"") -> 0.54945055 | J38: =IF(AND(ISNUMBER(D38),ISNUMBER(E38)),100*D38/(D38+E38),"") -> 18.614719
A39: leaf 2 | B39: 1 | C39: 364 | D39: 82 | E39: 345 | F39: =IF(ISNUMBER(B39),B39/(Results!$C$5*PI()*(Results!$C$6/2)^2),"") -> 1.2575205 | G39: =IF(ISNUMBER(D39),D39/(Results!$C$5*PI()*(Results!$C$6/2)^2),"") -> 103.11668 | H39: =IF(AND(ISNUMBER(F39),ISNUMBER(G39)),G39-F39,"") -> 101.85916 | I39: =IF(AND(ISNUMBER(B39),ISNUMBER(C39)),100*B39/(B39+C39),"") -> 0.2739726 | J39: =IF(AND(ISNUMBER(D39),ISNUMBER(E39)),100*D39/(D39+E39),"") -> 19.203747
A40: leaf 3 | B40: 2 | C40: 368 | D40: 103 | E40: 346 | F40: =IF(ISNUMBER(B40),B40/(Results!$C$5*PI()*(Results!$C$6/2)^2),"") -> 2.5150411 | G40: =IF(ISNUMBER(D40),D40/(Results!$C$5*PI()*(Results!$C$6/2)^2),"") -> 129.52462 | H40: =IF(AND(ISNUMBER(F40),ISNUMBER(G40)),G40-F40,"") -> 127.00957 | I40: =IF(AND(ISNUMBER(B40),ISNUMBER(C40)),100*B40/(B40+C40),"") -> 0.54054054 | J40: =IF(AND(ISNUMBER(D40),ISNUMBER(E40)),100*D40/(D40+E40),"") -> 22.939866
A41: leaf 4 | B41: 1 | C41: 390 | D41: 113 | E41: 361 | F41: =IF(ISNUMBER(B41),B41/(Results!$C$5*PI()*(Results!$C$6/2)^2),"") -> 1.2575205 | G41: =IF(ISNUMBER(D41),D41/(Results!$C$5*PI()*(Results!$C$6/2)^2),"") -> 142.09982 | H41: =IF(AND(ISNUMBER(F41),ISNUMBER(G41)),G41-F41,"") -> 140.8423 | I41: =IF(AND(ISNUMBER(B41),ISNUMBER(C41)),100*B41/(B41+C41),"") -> 0.25575448 | J41: =IF(AND(ISNUMBER(D41),ISNUMBER(E41)),100*D41/(D41+E41),"") -> 23.839662
A42: leaf 5 | B42: 3 | C42: 352 | D42: 91 | E42: 336 | F42: =IF(ISNUMBER(B42),B42/(Results!$C$5*PI()*(Results!$C$6/2)^2),"") -> 3.7725616 | G42: =IF(ISNUMBER(D42),D42/(Results!$C$5*PI()*(Results!$C$6/2)^2),"") -> 114.43437 | H42: =IF(AND(ISNUMBER(F42),ISNUMBER(G42)),G42-F42,"") -> 110.66181 | I42: =IF(AND(ISNUMBER(B42),ISNUMBER(C42)),100*B42/(B42+C42),"") -> 0.84507042 | J42: =IF(AND(ISNUMBER(D42),ISNUMBER(E42)),100*D42/(D42+E42),"") -> 21.311475
A43: leaf 6 | B43: 5 | C43: 361 | D43: 81 | E43: 345 | F43: =IF(ISNUMBER(B43),B43/(Results!$C$5*PI()*(Results!$C$6/2)^2),"") -> 6.2876027 | G43: =IF(ISNUMBER(D43),D43/(Results!$C$5*PI()*(Results!$C$6/2)^2),"") -> 101.85916 | H43: =IF(AND(ISNUMBER(F43),ISNUMBER(G43)),G43-F43,"") -> 95.571561 | I43: =IF(AND(ISNUMBER(B43),ISNUMBER(C43)),100*B43/(B43+C43),"") -> 1.3661202 | J43: =IF(AND(ISNUMBER(D43),ISNUMBER(E43)),100*D43/(D43+E43),"") -> 19.014085
F44: =IF(ISNUMBER(B44),B44/(Results!$C$5*PI()*(Results!$C$6/2)^2),"") | G44: =IF(ISNUMBER(D44),D44/(Results!$C$5*PI()*(Results!$C$6/2)^2),"") | H44: =IF(AND(ISNUMBER(F44),ISNUMBER(G44)),G44-F44,"") | I44: =IF(AND(ISNUMBER(B44),ISNUMBER(C44)),100*B44/(B44+C44),"") | J44: =IF(AND(ISNUMBER(D44),ISNUMBER(E44)),100*D44/(D44+E44),"")
F45: =IF(ISNUMBER(B45),B45/(Results!$C$5*PI()*(Results!$C$6/2)^2),"") | G45: =IF(ISNUMBER(D45),D45/(Results!$C$5*PI()*(Results!$C$6/2)^2),"") | H45: =IF(AND(ISNUMBER(F45),ISNUMBER(G45)),G45-F45,"") | I45: =IF(AND(ISNUMBER(B45),ISNUMBER(C45)),100*B45/(B45+C45),"") | J45: =IF(AND(ISNUMBER(D45),ISNUMBER(E45)),100*D45/(D45+E45),"")

Sheet Results
B1: Results
B2: Everything on this sheet is calculated. Change only the yellow settings.
B4: Settings
B5: Fields counted per surface | C5: 5
B6: Field diameter (mm) | C6: 0.45 | D6: Calibrated with a ruler at the objective you counted with.
B8: Each species: upper versus lower surface (paired by leaf)
B9: Species | C9: Leaves | D9: Mean density upper | E9: Mean density lower | F9: Mean difference | G9: SD of differences | H9: t | I9: p (paired) | J9: Mean index upper (%) | K9: Mean index lower (%)
B10: =IFERROR(IF('Enter data'!$A$6="","",'Enter data'!$A$6),"") -> Sp1 | C10: =IFERROR(COUNT('Enter data'!$H$12:$H$19),"") -> 6 | D10: =IFERROR(AVERAGE('Enter data'!$F$12:$F$19),"") -> 28.922972 | E10: =IFERROR(AVERAGE('Enter data'!$G$12:$G$19),"") -> 302.64328 | F10: =IFERROR(AVERAGE('Enter data'!$H$12:$H$19),"") -> 273.7203 | G10: =IFERROR(STDEV('Enter data'!$H$12:$H$19),"") -> 38.214282 | H10: =IFERROR(F10/(G10/SQRT(C10)),"") -> 17.545144 | I10: =IFERROR(TDIST(ABS(H10),C10-1,2),"") -> 1.1028613e-05 | J10: =IFERROR(AVERAGE('Enter data'!$I$12:$I$19),"") -> 6.2546952 | K10: =IFERROR(AVERAGE('Enter data'!$J$12:$J$19),"") -> 40.377787
B11: =IFERROR(IF('Enter data'!$B$6="","",'Enter data'!$B$6),"") -> Sp2 | C11: =IFERROR(COUNT('Enter data'!$H$25:$H$32),"") -> 6 | D11: =IFERROR(AVERAGE('Enter data'!$F$25:$F$32),"") -> 97.457842 | E11: =IFERROR(AVERAGE('Enter data'!$G$25:$G$32),"") -> 198.68825 | F11: =IFERROR(AVERAGE('Enter data'!$H$25:$H$32),"") -> 101.2304 | G11: =IFERROR(STDEV('Enter data'!$H$25:$H$32),"") -> 15.921422 | H11: =IFERROR(F11/(G11/SQRT(C11)),"") -> 15.574164 | I11: =IFERROR(TDIST(ABS(H11),C11-1,2),"") -> 1.9828282e-05 | J11: =IFERROR(AVERAGE('Enter data'!$I$25:$I$32),"") -> 17.663189 | K11: =IFERROR(AVERAGE('Enter data'!$J$25:$J$32),"") -> 30.275193
B12: =IFERROR(IF('Enter data'!$C$6="","",'Enter data'!$C$6),"") -> Sp3 | C12: =IFERROR(COUNT('Enter data'!$H$38:$H$45),"") -> 6 | D12: =IFERROR(AVERAGE('Enter data'!$F$38:$F$45),"") -> 2.9342146 | E12: =IFERROR(AVERAGE('Enter data'!$G$38:$G$45),"") -> 116.53024 | F12: =IFERROR(AVERAGE('Enter data'!$H$38:$H$45),"") -> 113.59602 | G12: =IFERROR(STDEV('Enter data'!$H$38:$H$45),"") -> 17.070195 | H12: =IFERROR(F12/(G12/SQRT(C12)),"") -> 16.300475 | I12: =IFERROR(TDIST(ABS(H12),C12-1,2),"") -> 1.5847021e-05 | J12: =IFERROR(AVERAGE('Enter data'!$I$38:$I$45),"") -> 0.6384848 | K12: =IFERROR(AVERAGE('Enter data'!$J$38:$J$45),"") -> 20.820592
B15: Lower-surface density (per mm2) by species
B16: Group | C16: n | D16: Mean | E16: SD | F16: SE | G16: Min | H16: Max
B17: =IFERROR('Enter data'!$A$6,"") -> Sp1 | C17: =IFERROR(COUNT('Enter data'!$G$12:$G$19),"") -> 6 | D17: =IFERROR(AVERAGE('Enter data'!$G$12:$G$19),"") -> 302.64328 | E17: =IFERROR(STDEV('Enter data'!$G$12:$G$19),"") -> 37.554765 | F17: =IFERROR(STDEV('Enter data'!$G$12:$G$19)/SQRT(COUNT('Enter data'!$G$12:$G$19)),"") -> 15.331669 | G17: =IFERROR(MIN('Enter data'!$G$12:$G$19),"") -> 261.56427 | H17: =IFERROR(MAX('Enter data'!$G$12:$G$19),"") -> 370.96856
B18: =IFERROR('Enter data'!$B$6,"") -> Sp2 | C18: =IFERROR(COUNT('Enter data'!$G$25:$G$32),"") -> 6 | D18: =IFERROR(AVERAGE('Enter data'!$G$25:$G$32),"") -> 198.68825 | E18: =IFERROR(STDEV('Enter data'!$G$25:$G$32),"") -> 12.650432 | F18: =IFERROR(STDEV('Enter data'!$G$25:$G$32)/SQRT(COUNT('Enter data'!$G$25:$G$32)),"") -> 5.1645171 | G18: =IFERROR(MIN('Enter data'!$G$25:$G$32),"") -> 182.34048 | H18: =IFERROR(MAX('Enter data'!$G$25:$G$32),"") -> 211.26345
B19: =IFERROR('Enter data'!$C$6,"") -> Sp3 | C19: =IFERROR(COUNT('Enter data'!$G$38:$G$45),"") -> 6 | D19: =IFERROR(AVERAGE('Enter data'!$G$38:$G$45),"") -> 116.53024 | E19: =IFERROR(STDEV('Enter data'!$G$38:$G$45),"") -> 16.077914 | F19: =IFERROR(STDEV('Enter data'!$G$38:$G$45)/SQRT(COUNT('Enter data'!$G$38:$G$45)),"") -> 6.5637807 | G19: =IFERROR(MIN('Enter data'!$G$38:$G$45),"") -> 101.85916 | H19: =IFERROR(MAX('Enter data'!$G$38:$G$45),"") -> 142.09982
B22: One-way analysis of variance
B23: Total observations | C23: =IFERROR(SUM($C$17:$C$19),"") -> 18
B24: Grand mean | C24: =IFERROR(SUMPRODUCT($C$17:$C$19,$D$17:$D$19)/$C$23,"") -> 205.95392
B25: Sum of squares between groups | C25: =IFERROR(SUMPRODUCT($C$17:$C$19,($D$17:$D$19-$C$24)^2),"") -> 104389.3
B26: Sum of squares within groups | C26: =IFERROR(SUMPRODUCT($C$17:$C$19-1,$E$17:$E$19^2),"") -> 9144.4656
B27: F ratio | C27: =IFERROR(($C$25/(3-1))/($C$26/($C$23-3)),"") -> 85.616786
B28: p value | C28: =IFERROR(FDIST($C$27,3-1,$C$23-3),"") -> 6.2409349e-09
B29: Pair (Welch t tests) | C29: Difference in means | D29: p (unadjusted) | E29: p (Bonferroni)
B30: =IFERROR('Enter data'!$A$6&" vs "&'Enter data'!$B$6,"") -> Sp1 vs Sp2 | C30: =IFERROR($D$17-$D$18,"") -> 103.95503 | D30: =IFERROR(TTEST('Enter data'!$G$12:$G$19,'Enter data'!$G$25:$G$32,2,3),"") -> 0.00062014905 | E30: =IFERROR(MIN(1,3*D30),"") -> 0.0018604471
B31: =IFERROR('Enter data'!$A$6&" vs "&'Enter data'!$C$6,"") -> Sp1 vs Sp3 | C31: =IFERROR($D$17-$D$19,"") -> 186.11304 | D31: =IFERROR(TTEST('Enter data'!$G$12:$G$19,'Enter data'!$G$38:$G$45,2,3),"") -> 1.3156749e-05 | E31: =IFERROR(MIN(1,3*D31),"") -> 3.9470248e-05
B32: =IFERROR('Enter data'!$B$6&" vs "&'Enter data'!$C$6,"") -> Sp2 vs Sp3 | C32: =IFERROR($D$18-$D$19,"") -> 82.158008 | D32: =IFERROR(TTEST('Enter data'!$G$25:$G$32,'Enter data'!$G$38:$G$45,2,3),"") -> 2.7903512e-06 | E32: =IFERROR(MIN(1,3*D32),"") -> 8.3710536e-06
