Workbook

Sheet Start here
B1: BOT-06 / PAR-02 Testing an identification key: accuracy and scorer agreement
B2: Excel version of the cards BOT-06 and PAR-02. It does the same calculations as the R script bot06_key_test.R.
B4: How to use this workbook
B5: 1. Go to the 'Enter data' sheet. Type only in the yellow cells with blue text. Grey cells are calculated for you.
B6: 2. Fill the blocks that apply. Leave rows you did not use empty. The grey italic row above each table is an example of the format and is not used.
B7: 3. Open the 'Results' sheet. Everything there is calculated. Yellow cells on that sheet are settings you may change.
B9: What the colours mean
B10: Yellow cell, blue text: you type here.
B11: Grey cell: a formula. Sheets are protected without a password so formulas are not overwritten by accident (Review > Unprotect Sheet).
B13: Assumptions and sources
B14: Accuracy = correct identifications / total, with an exact (Clopper-Pearson) 95% interval. Keys are compared with a chi-square test of the numbers correct.
B15: Scorer agreement on a character uses Cohen's kappa from the 2 x 2 table of two scorers' yes or no scores.
... B22: Compiled by Emmanuel G. Lozano, Department of Biology, College of Arts and Sciences, Pampanga State University. Original material is licensed CC BY-NC 4.0: credit required, non-commercial use only.

Sheet Enter data
A1: Enter your data
A2: Type only in yellow cells. Leave unused rows empty.
A4: 1. Key names
A5: Key 1 | B5: Key 2 | C5: Key 3
A9: 2. Identification tests (one row per specimen identified by a tester who did not write the key)
A10: Key | B10: Tester | C10: True species | D10: Identified as | E10: Tested | F10: Correct
A11: Key 1 | B11: T1 | C11: species A | D11: species A
E12: =IF(AND(C12<>"",D12<>""),1,0) -> 0 | F12: =IF(AND(C12<>"",D12<>""),IF(C12=D12,1,0),0) -> 0
E13: =IF(AND(C13<>"",D13<>""),1,0) -> 0 | F13: =IF(AND(C13<>"",D13<>""),IF(C13=D13,1,0),0) -> 0
E14: =IF(AND(C14<>"",D14<>""),1,0) -> 0 | F14: =IF(AND(C14<>"",D14<>""),IF(C14=D14,1,0),0) -> 0
E15: =IF(AND(C15<>"",D15<>""),1,0) -> 0 | F15: =IF(AND(C15<>"",D15<>""),IF(C15=D15,1,0),0) -> 0
E16: =IF(AND(C16<>"",D16<>""),1,0) -> 0 | F16: =IF(AND(C16<>"",D16<>""),IF(C16=D16,1,0),0) -> 0
E17: =IF(AND(C17<>"",D17<>""),1,0) -> 0 | F17: =IF(AND(C17<>"",D17<>""),IF(C17=D17,1,0),0) -> 0
E18: =IF(AND(C18<>"",D18<>""),1,0) -> 0 | F18: =IF(AND(C18<>"",D18<>""),IF(C18=D18,1,0),0) -> 0
E19: =IF(AND(C19<>"",D19<>""),1,0) -> 0 | F19: =IF(AND(C19<>"",D19<>""),IF(C19=D19,1,0),0) -> 0
E20: =IF(AND(C20<>"",D20<>""),1,0) -> 0 | F20: =IF(AND(C20<>"",D20<>""),IF(C20=D20,1,0),0) -> 0
E21: =IF(AND(C21<>"",D21<>""),1,0) -> 0 | F21: =IF(AND(C21<>"",D21<>""),IF(C21=D21,1,0),0) -> 0
E22: =IF(AND(C22<>"",D22<>""),1,0) -> 0 | F22: =IF(AND(C22<>"",D22<>""),IF(C22=D22,1,0),0) -> 0
E23: =IF(AND(C23<>"",D23<>""),1,0) -> 0 | F23: =IF(AND(C23<>"",D23<>""),IF(C23=D23,1,0),0) -> 0
... E161: =IF(AND(C161<>"",D161<>""),1,0) -> 0 | F161: =IF(AND(C161<>"",D161<>""),IF(C161=D161,1,0),0) -> 0
A164: 3. Scorer agreement on one character (yes or no for each specimen)
A165: Scorer A | B165: Scorer B
A166: yes | B166: yes

Sheet Results
B1: Results
B2: Everything on this sheet is calculated. Change only the yellow settings.
B4: Accuracy by key
B5: Key | C5: Tested | D5: Correct | E5: Accuracy | F5: 95% lower | G5: 95% upper
B6: =IFERROR('Enter data'!$A$6,"") -> 0 | C6: =IFERROR(SUMIFS('Enter data'!$E$12:$E$161,'Enter data'!$A$12:$A$161,'Enter data'!$A$6),"") -> 0 | D6: =IFERROR(SUMIFS('Enter data'!$F$12:$F$161,'Enter data'!$A$12:$A$161,'Enter data'!$A$6),"") -> 0 | E6: =IFERROR(D6/C6,"") | F6: =IFERROR(IF(D6=0,0,BETAINV(0.025,D6,C6-D6+1)),"") -> 0 | G6: =IFERROR(IF(D6=C6,1,BETAINV(0.975,D6+1,C6-D6)),"") -> 1
B7: =IFERROR('Enter data'!$B$6,"") -> 0 | C7: =IFERROR(SUMIFS('Enter data'!$E$12:$E$161,'Enter data'!$A$12:$A$161,'Enter data'!$B$6),"") -> 0 | D7: =IFERROR(SUMIFS('Enter data'!$F$12:$F$161,'Enter data'!$A$12:$A$161,'Enter data'!$B$6),"") -> 0 | E7: =IFERROR(D7/C7,"") | F7: =IFERROR(IF(D7=0,0,BETAINV(0.025,D7,C7-D7+1)),"") -> 0 | G7: =IFERROR(IF(D7=C7,1,BETAINV(0.975,D7+1,C7-D7)),"") -> 1
B8: =IFERROR('Enter data'!$C$6,"") -> 0 | C8: =IFERROR(SUMIFS('Enter data'!$E$12:$E$161,'Enter data'!$A$12:$A$161,'Enter data'!$C$6),"") -> 0 | D8: =IFERROR(SUMIFS('Enter data'!$F$12:$F$161,'Enter data'!$A$12:$A$161,'Enter data'!$C$6),"") -> 0 | E8: =IFERROR(D8/C8,"") | F8: =IFERROR(IF(D8=0,0,BETAINV(0.025,D8,C8-D8+1)),"") -> 0 | G8: =IFERROR(IF(D8=C8,1,BETAINV(0.975,D8+1,C8-D8)),"") -> 1
B11: Do the keys differ? (chi-square on correct versus wrong)
B12: Tested in all | C12: =IFERROR(SUM($C$6:$C$8),"") -> 0
B13: Correct in all | C13: =IFERROR(SUM($D$6:$D$8),"") -> 0
B14: Chi-square (2 df) | C14: =IFERROR((($D$6-$C$6*$C$13/$C$12)^2/($C$6*$C$13/$C$12)+(($C$6-$D$6)-$C$6*($C$12-$C$13)/$C$12)^2/($C$6*($C$12-$C$13)/$C$12))+(($D$7-$C$7*$C$13/$C$12)^2/($C$7*$C$13/$C$12)+(($C$7-$D$7)-$C$7*($C$12-$C$13)/$C$12)^2/($C$7*($C$12-$C$13)/$C$12))+(($D$8-$C$8*$C$13/$C$12)^2/($C$8*$C$13/$C$12)+(($C$8-$D$8)-$C$8*($C$12-$C$13)/$C$12)^2/($C$8*($C$12-$C$13)/$C$12)),"")
B15: p value | C15: =IFERROR(CHIDIST($C$14,2),"")
B17: Scorer agreement (Cohen's kappa)
B18: Specimens scored by both | C18: =IFERROR(COUNTIFS('Enter data'!$A$167:$A$196,"yes",'Enter data'!$B$167:$B$196,"yes")+COUNTIFS('Enter data'!$A$167:$A$196,"yes",'Enter data'!$B$167:$B$196,"no")+COUNTIFS('Enter data'!$A$167:$A$196,"no",'Enter data'!$B$167:$B$196,"yes")+COUNTIFS('Enter data'!$A$167:$A$196,"no",'Enter data'!$B$167:$B$196,"no"),"") -> 0
B19: Observed agreement | C19: =IFERROR((COUNTIFS('Enter data'!$A$167:$A$196,"yes",'Enter data'!$B$167:$B$196,"yes")+COUNTIFS('Enter data'!$A$167:$A$196,"no",'Enter data'!$B$167:$B$196,"no"))/$C$18,"")
B20: Agreement expected by chance | C20: =IFERROR(((COUNTIFS('Enter data'!$A$167:$A$196,"yes",'Enter data'!$B$167:$B$196,"yes")+COUNTIFS('Enter data'!$A$167:$A$196,"yes",'Enter data'!$B$167:$B$196,"no"))*(COUNTIFS('Enter data'!$A$167:$A$196,"yes",'Enter data'!$B$167:$B$196,"yes")+COUNTIFS('Enter data'!$A$167:$A$196,"no",'Enter data'!$B$167:$B$196,"yes"))+(COUNTIFS('Enter data'!$A$167:$A$196,"no",'Enter data'!$B$167:$B$196,"yes")+COUNTIFS('Enter data'!$A$167:$A$196,"no",'Enter data'!$B$167:$B$196,"no"))*(COUNTIFS('Enter data'!$A$167:$A$196,"yes",'Enter data'!$B$167:$B$196,"no")+COUNTIFS('Enter data'!$A$167:$A$196,"no",'Enter data'!$B$167:$B$196,"no")))/$C$18^2,"")
B21: Cohen's kappa | C21: =IFERROR(($C$19-$C$20)/(1-$C$20),"")
