Workbook

Sheet Start here
B1: BOT-03 Photosynthetic pigments by paper chromatography
B2: Excel version of the card. It does the same calculations as the R script bot03_pigment_rf.R.
B4: How to use this workbook
B5: 1. Go to the 'Enter data' sheet. Type only in the yellow cells with blue text. Grey cells are calculated for you.
B6: 2. Fill the blocks that apply. Leave rows you did not use empty. The grey italic row above each table is an example of the format and is not used.
B7: 3. Open the 'Results' sheet. Everything there is calculated. Yellow cells on that sheet are settings you may change.
B9: What the colours mean
B10: Yellow cell, blue text: you type here.
B11: Grey cell: a formula. Sheets are protected without a password so formulas are not overwritten by accident (Review > Unprotect Sheet).
B13: Assumptions and sources
B14: Rf = distance from the origin to the band centre / distance from the origin to the solvent front. Expected order from the top: carotene, xanthophyll, chlorophyll a, chlorophyll b.
B15: Darkness is a rough index read from a photograph (0 to 255, higher = darker). It is not linear in pigment amount: compare bands within a sheet only.
... B23: Compiled by Emmanuel G. Lozano, Department of Biology, College of Arts and Sciences, Pampanga State University. Original material is licensed CC BY-NC 4.0: credit required, non-commercial use only.

Sheet Enter data
A1: Enter your data
A2: Type only in yellow cells. Leave unused rows empty.
A4: 1. Names
A5: Leaf type 1 | B5: Leaf type 2 | C5: Band 1 | D5: Band 2 | E5: Band 3 (chlorophyll a) | F5: Band 4 (chlorophyll b)
A9: 2. Bands (one row per band per strip)
A10: Leaf type | B10: Run | C10: Band | D10: Distance origin to band (cm) | E10: Distance origin to front (cm) | F10: Darkness (0 to 255) | G10: Rf
A11: sun_leaf | B11: 1 | C11: carotene | D11: 8.4 | E11: 9 | F11: 60
G12: =IF(AND(ISNUMBER(D12),ISNUMBER(E12)),D12/E12,0) -> 0
G13: =IF(AND(ISNUMBER(D13),ISNUMBER(E13)),D13/E13,0) -> 0
G14: =IF(AND(ISNUMBER(D14),ISNUMBER(E14)),D14/E14,0) -> 0
G15: =IF(AND(ISNUMBER(D15),ISNUMBER(E15)),D15/E15,0) -> 0
G16: =IF(AND(ISNUMBER(D16),ISNUMBER(E16)),D16/E16,0) -> 0
G17: =IF(AND(ISNUMBER(D17),ISNUMBER(E17)),D17/E17,0) -> 0
G18: =IF(AND(ISNUMBER(D18),ISNUMBER(E18)),D18/E18,0) -> 0
G19: =IF(AND(ISNUMBER(D19),ISNUMBER(E19)),D19/E19,0) -> 0
G20: =IF(AND(ISNUMBER(D20),ISNUMBER(E20)),D20/E20,0) -> 0
G21: =IF(AND(ISNUMBER(D21),ISNUMBER(E21)),D21/E21,0) -> 0
G22: =IF(AND(ISNUMBER(D22),ISNUMBER(E22)),D22/E22,0) -> 0
G23: =IF(AND(ISNUMBER(D23),ISNUMBER(E23)),D23/E23,0) -> 0
... G91: =IF(AND(ISNUMBER(D91),ISNUMBER(E91)),D91/E91,0) -> 0

Sheet Results
B1: Results
B2: Everything on this sheet is calculated. Change only the yellow settings.
B4: Rf values
B5: Leaf type | C5: Band | D5: Strips | E5: Mean Rf | F5: SD
B6: =IFERROR('Enter data'!$A$6,"") -> 0 | C6: =IFERROR('Enter data'!$C$6,"") -> 0 | D6: =IFERROR(COUNTIFS('Enter data'!$A$12:$A$91,'Enter data'!$A$6,'Enter data'!$C$12:$C$91,'Enter data'!$C$6,'Enter data'!$G$12:$G$91,">0"),"") -> 0 | E6: =IFERROR(IF(D6=0,"",AVERAGEIFS('Enter data'!$G$12:$G$91,'Enter data'!$A$12:$A$91,'Enter data'!$A$6,'Enter data'!$C$12:$C$91,'Enter data'!$C$6,'Enter data'!$G$12:$G$91,">0")),"") | F6: =IFERROR(IF(D6<2,"",SQRT(MAX(0,(SUMPRODUCT(('Enter data'!$A$12:$A$91='Enter data'!$A$6)*('Enter data'!$C$12:$C$91='Enter data'!$C$6)*('Enter data'!$G$12:$G$91>0)*'Enter data'!$G$12:$G$91^2)-D6*E6^2)/(D6-1)))),"")
B7: =IFERROR('Enter data'!$A$6,"") -> 0 | C7: =IFERROR('Enter data'!$D$6,"") -> 0 | D7: =IFERROR(COUNTIFS('Enter data'!$A$12:$A$91,'Enter data'!$A$6,'Enter data'!$C$12:$C$91,'Enter data'!$D$6,'Enter data'!$G$12:$G$91,">0"),"") -> 0 | E7: =IFERROR(IF(D7=0,"",AVERAGEIFS('Enter data'!$G$12:$G$91,'Enter data'!$A$12:$A$91,'Enter data'!$A$6,'Enter data'!$C$12:$C$91,'Enter data'!$D$6,'Enter data'!$G$12:$G$91,">0")),"") | F7: =IFERROR(IF(D7<2,"",SQRT(MAX(0,(SUMPRODUCT(('Enter data'!$A$12:$A$91='Enter data'!$A$6)*('Enter data'!$C$12:$C$91='Enter data'!$D$6)*('Enter data'!$G$12:$G$91>0)*'Enter data'!$G$12:$G$91^2)-D7*E7^2)/(D7-1)))),"")
B8: =IFERROR('Enter data'!$A$6,"") -> 0 | C8: =IFERROR('Enter data'!$E$6,"") -> 0 | D8: =IFERROR(COUNTIFS('Enter data'!$A$12:$A$91,'Enter data'!$A$6,'Enter data'!$C$12:$C$91,'Enter data'!$E$6,'Enter data'!$G$12:$G$91,">0"),"") -> 0 | E8: =IFERROR(IF(D8=0,"",AVERAGEIFS('Enter data'!$G$12:$G$91,'Enter data'!$A$12:$A$91,'Enter data'!$A$6,'Enter data'!$C$12:$C$91,'Enter data'!$E$6,'Enter data'!$G$12:$G$91,">0")),"") | F8: =IFERROR(IF(D8<2,"",SQRT(MAX(0,(SUMPRODUCT(('Enter data'!$A$12:$A$91='Enter data'!$A$6)*('Enter data'!$C$12:$C$91='Enter data'!$E$6)*('Enter data'!$G$12:$G$91>0)*'Enter data'!$G$12:$G$91^2)-D8*E8^2)/(D8-1)))),"")
B9: =IFERROR('Enter data'!$A$6,"") -> 0 | C9: =IFERROR('Enter data'!$F$6,"") -> 0 | D9: =IFERROR(COUNTIFS('Enter data'!$A$12:$A$91,'Enter data'!$A$6,'Enter data'!$C$12:$C$91,'Enter data'!$F$6,'Enter data'!$G$12:$G$91,">0"),"") -> 0 | E9: =IFERROR(IF(D9=0,"",AVERAGEIFS('Enter data'!$G$12:$G$91,'Enter data'!$A$12:$A$91,'Enter data'!$A$6,'Enter data'!$C$12:$C$91,'Enter data'!$F$6,'Enter data'!$G$12:$G$91,">0")),"") | F9: =IFERROR(IF(D9<2,"",SQRT(MAX(0,(SUMPRODUCT(('Enter data'!$A$12:$A$91='Enter data'!$A$6)*('Enter data'!$C$12:$C$91='Enter data'!$F$6)*('Enter data'!$G$12:$G$91>0)*'Enter data'!$G$12:$G$91^2)-D9*E9^2)/(D9-1)))),"")
B10: =IFERROR('Enter data'!$B$6,"") -> 0 | C10: =IFERROR('Enter data'!$C$6,"") -> 0 | D10: =IFERROR(COUNTIFS('Enter data'!$A$12:$A$91,'Enter data'!$B$6,'Enter data'!$C$12:$C$91,'Enter data'!$C$6,'Enter data'!$G$12:$G$91,">0"),"") -> 0 | E10: =IFERROR(IF(D10=0,"",AVERAGEIFS('Enter data'!$G$12:$G$91,'Enter data'!$A$12:$A$91,'Enter data'!$B$6,'Enter data'!$C$12:$C$91,'Enter data'!$C$6,'Enter data'!$G$12:$G$91,">0")),"") | F10: =IFERROR(IF(D10<2,"",SQRT(MAX(0,(SUMPRODUCT(('Enter data'!$A$12:$A$91='Enter data'!$B$6)*('Enter data'!$C$12:$C$91='Enter data'!$C$6)*('Enter data'!$G$12:$G$91>0)*'Enter data'!$G$12:$G$91^2)-D10*E10^2)/(D10-1)))),"")
B11: =IFERROR('Enter data'!$B$6,"") -> 0 | C11: =IFERROR('Enter data'!$D$6,"") -> 0 | D11: =IFERROR(COUNTIFS('Enter data'!$A$12:$A$91,'Enter data'!$B$6,'Enter data'!$C$12:$C$91,'Enter data'!$D$6,'Enter data'!$G$12:$G$91,">0"),"") -> 0 | E11: =IFERROR(IF(D11=0,"",AVERAGEIFS('Enter data'!$G$12:$G$91,'Enter data'!$A$12:$A$91,'Enter data'!$B$6,'Enter data'!$C$12:$C$91,'Enter data'!$D$6,'Enter data'!$G$12:$G$91,">0")),"") | F11: =IFERROR(IF(D11<2,"",SQRT(MAX(0,(SUMPRODUCT(('Enter data'!$A$12:$A$91='Enter data'!$B$6)*('Enter data'!$C$12:$C$91='Enter data'!$D$6)*('Enter data'!$G$12:$G$91>0)*'Enter data'!$G$12:$G$91^2)-D11*E11^2)/(D11-1)))),"")
B12: =IFERROR('Enter data'!$B$6,"") -> 0 | C12: =IFERROR('Enter data'!$E$6,"") -> 0 | D12: =IFERROR(COUNTIFS('Enter data'!$A$12:$A$91,'Enter data'!$B$6,'Enter data'!$C$12:$C$91,'Enter data'!$E$6,'Enter data'!$G$12:$G$91,">0"),"") -> 0 | E12: =IFERROR(IF(D12=0,"",AVERAGEIFS('Enter data'!$G$12:$G$91,'Enter data'!$A$12:$A$91,'Enter data'!$B$6,'Enter data'!$C$12:$C$91,'Enter data'!$E$6,'Enter data'!$G$12:$G$91,">0")),"") | F12: =IFERROR(IF(D12<2,"",SQRT(MAX(0,(SUMPRODUCT(('Enter data'!$A$12:$A$91='Enter data'!$B$6)*('Enter data'!$C$12:$C$91='Enter data'!$E$6)*('Enter data'!$G$12:$G$91>0)*'Enter data'!$G$12:$G$91^2)-D12*E12^2)/(D12-1)))),"")
B13: =IFERROR('Enter data'!$B$6,"") -> 0 | C13: =IFERROR('Enter data'!$F$6,"") -> 0 | D13: =IFERROR(COUNTIFS('Enter data'!$A$12:$A$91,'Enter data'!$B$6,'Enter data'!$C$12:$C$91,'Enter data'!$F$6,'Enter data'!$G$12:$G$91,">0"),"") -> 0 | E13: =IFERROR(IF(D13=0,"",AVERAGEIFS('Enter data'!$G$12:$G$91,'Enter data'!$A$12:$A$91,'Enter data'!$B$6,'Enter data'!$C$12:$C$91,'Enter data'!$F$6,'Enter data'!$G$12:$G$91,">0")),"") | F13: =IFERROR(IF(D13<2,"",SQRT(MAX(0,(SUMPRODUCT(('Enter data'!$A$12:$A$91='Enter data'!$B$6)*('Enter data'!$C$12:$C$91='Enter data'!$F$6)*('Enter data'!$G$12:$G$91>0)*'Enter data'!$G$12:$G$91^2)-D13*E13^2)/(D13-1)))),"")
B16: Chlorophyll a to b darkness ratio by run
B17: Run | C17: Leaf type 1 | D17: Leaf type 2
B18: 1 | C18: =IFERROR(IF(SUMIFS('Enter data'!$F$12:$F$91,'Enter data'!$A$12:$A$91,'Enter data'!$A$6,'Enter data'!$B$12:$B$91,1,'Enter data'!$C$12:$C$91,'Enter data'!$F$6)>0,SUMIFS('Enter data'!$F$12:$F$91,'Enter data'!$A$12:$A$91,'Enter data'!$A$6,'Enter data'!$B$12:$B$91,1,'Enter data'!$C$12:$C$91,'Enter data'!$E$6)/SUMIFS('Enter data'!$F$12:$F$91,'Enter data'!$A$12:$A$91,'Enter data'!$A$6,'Enter data'!$B$12:$B$91,1,'Enter data'!$C$12:$C$91,'Enter data'!$F$6),""),"") | D18: =IFERROR(IF(SUMIFS('Enter data'!$F$12:$F$91,'Enter data'!$A$12:$A$91,'Enter data'!$B$6,'Enter data'!$B$12:$B$91,1,'Enter data'!$C$12:$C$91,'Enter data'!$F$6)>0,SUMIFS('Enter data'!$F$12:$F$91,'Enter data'!$A$12:$A$91,'Enter data'!$B$6,'Enter data'!$B$12:$B$91,1,'Enter data'!$C$12:$C$91,'Enter data'!$E$6)/SUMIFS('Enter data'!$F$12:$F$91,'Enter data'!$A$12:$A$91,'Enter data'!$B$6,'Enter data'!$B$12:$B$91,1,'Enter data'!$C$12:$C$91,'Enter data'!$F$6),""),"")
B19: 2 | C19: =IFERROR(IF(SUMIFS('Enter data'!$F$12:$F$91,'Enter data'!$A$12:$A$91,'Enter data'!$A$6,'Enter data'!$B$12:$B$91,2,'Enter data'!$C$12:$C$91,'Enter data'!$F$6)>0,SUMIFS('Enter data'!$F$12:$F$91,'Enter data'!$A$12:$A$91,'Enter data'!$A$6,'Enter data'!$B$12:$B$91,2,'Enter data'!$C$12:$C$91,'Enter data'!$E$6)/SUMIFS('Enter data'!$F$12:$F$91,'Enter data'!$A$12:$A$91,'Enter data'!$A$6,'Enter data'!$B$12:$B$91,2,'Enter data'!$C$12:$C$91,'Enter data'!$F$6),""),"") | D19: =IFERROR(IF(SUMIFS('Enter data'!$F$12:$F$91,'Enter data'!$A$12:$A$91,'Enter data'!$B$6,'Enter data'!$B$12:$B$91,2,'Enter data'!$C$12:$C$91,'Enter data'!$F$6)>0,SUMIFS('Enter data'!$F$12:$F$91,'Enter data'!$A$12:$A$91,'Enter data'!$B$6,'Enter data'!$B$12:$B$91,2,'Enter data'!$C$12:$C$91,'Enter data'!$E$6)/SUMIFS('Enter data'!$F$12:$F$91,'Enter data'!$A$12:$A$91,'Enter data'!$B$6,'Enter data'!$B$12:$B$91,2,'Enter data'!$C$12:$C$91,'Enter data'!$F$6),""),"")
B20: 3 | C20: =IFERROR(IF(SUMIFS('Enter data'!$F$12:$F$91,'Enter data'!$A$12:$A$91,'Enter data'!$A$6,'Enter data'!$B$12:$B$91,3,'Enter data'!$C$12:$C$91,'Enter data'!$F$6)>0,SUMIFS('Enter data'!$F$12:$F$91,'Enter data'!$A$12:$A$91,'Enter data'!$A$6,'Enter data'!$B$12:$B$91,3,'Enter data'!$C$12:$C$91,'Enter data'!$E$6)/SUMIFS('Enter data'!$F$12:$F$91,'Enter data'!$A$12:$A$91,'Enter data'!$A$6,'Enter data'!$B$12:$B$91,3,'Enter data'!$C$12:$C$91,'Enter data'!$F$6),""),"") | D20: =IFERROR(IF(SUMIFS('Enter data'!$F$12:$F$91,'Enter data'!$A$12:$A$91,'Enter data'!$B$6,'Enter data'!$B$12:$B$91,3,'Enter data'!$C$12:$C$91,'Enter data'!$F$6)>0,SUMIFS('Enter data'!$F$12:$F$91,'Enter data'!$A$12:$A$91,'Enter data'!$B$6,'Enter data'!$B$12:$B$91,3,'Enter data'!$C$12:$C$91,'Enter data'!$E$6)/SUMIFS('Enter data'!$F$12:$F$91,'Enter data'!$A$12:$A$91,'Enter data'!$B$6,'Enter data'!$B$12:$B$91,3,'Enter data'!$C$12:$C$91,'Enter data'!$F$6),""),"")
B21: 4 | C21: =IFERROR(IF(SUMIFS('Enter data'!$F$12:$F$91,'Enter data'!$A$12:$A$91,'Enter data'!$A$6,'Enter data'!$B$12:$B$91,4,'Enter data'!$C$12:$C$91,'Enter data'!$F$6)>0,SUMIFS('Enter data'!$F$12:$F$91,'Enter data'!$A$12:$A$91,'Enter data'!$A$6,'Enter data'!$B$12:$B$91,4,'Enter data'!$C$12:$C$91,'Enter data'!$E$6)/SUMIFS('Enter data'!$F$12:$F$91,'Enter data'!$A$12:$A$91,'Enter data'!$A$6,'Enter data'!$B$12:$B$91,4,'Enter data'!$C$12:$C$91,'Enter data'!$F$6),""),"") | D21: =IFERROR(IF(SUMIFS('Enter data'!$F$12:$F$91,'Enter data'!$A$12:$A$91,'Enter data'!$B$6,'Enter data'!$B$12:$B$91,4,'Enter data'!$C$12:$C$91,'Enter data'!$F$6)>0,SUMIFS('Enter data'!$F$12:$F$91,'Enter data'!$A$12:$A$91,'Enter data'!$B$6,'Enter data'!$B$12:$B$91,4,'Enter data'!$C$12:$C$91,'Enter data'!$E$6)/SUMIFS('Enter data'!$F$12:$F$91,'Enter data'!$A$12:$A$91,'Enter data'!$B$6,'Enter data'!$B$12:$B$91,4,'Enter data'!$C$12:$C$91,'Enter data'!$F$6),""),"")
B22: 5 | C22: =IFERROR(IF(SUMIFS('Enter data'!$F$12:$F$91,'Enter data'!$A$12:$A$91,'Enter data'!$A$6,'Enter data'!$B$12:$B$91,5,'Enter data'!$C$12:$C$91,'Enter data'!$F$6)>0,SUMIFS('Enter data'!$F$12:$F$91,'Enter data'!$A$12:$A$91,'Enter data'!$A$6,'Enter data'!$B$12:$B$91,5,'Enter data'!$C$12:$C$91,'Enter data'!$E$6)/SUMIFS('Enter data'!$F$12:$F$91,'Enter data'!$A$12:$A$91,'Enter data'!$A$6,'Enter data'!$B$12:$B$91,5,'Enter data'!$C$12:$C$91,'Enter data'!$F$6),""),"") | D22: =IFERROR(IF(SUMIFS('Enter data'!$F$12:$F$91,'Enter data'!$A$12:$A$91,'Enter data'!$B$6,'Enter data'!$B$12:$B$91,5,'Enter data'!$C$12:$C$91,'Enter data'!$F$6)>0,SUMIFS('Enter data'!$F$12:$F$91,'Enter data'!$A$12:$A$91,'Enter data'!$B$6,'Enter data'!$B$12:$B$91,5,'Enter data'!$C$12:$C$91,'Enter data'!$E$6)/SUMIFS('Enter data'!$F$12:$F$91,'Enter data'!$A$12:$A$91,'Enter data'!$B$6,'Enter data'!$B$12:$B$91,5,'Enter data'!$C$12:$C$91,'Enter data'!$F$6),""),"")
B23: 6 | C23: =IFERROR(IF(SUMIFS('Enter data'!$F$12:$F$91,'Enter data'!$A$12:$A$91,'Enter data'!$A$6,'Enter data'!$B$12:$B$91,6,'Enter data'!$C$12:$C$91,'Enter data'!$F$6)>0,SUMIFS('Enter data'!$F$12:$F$91,'Enter data'!$A$12:$A$91,'Enter data'!$A$6,'Enter data'!$B$12:$B$91,6,'Enter data'!$C$12:$C$91,'Enter data'!$E$6)/SUMIFS('Enter data'!$F$12:$F$91,'Enter data'!$A$12:$A$91,'Enter data'!$A$6,'Enter data'!$B$12:$B$91,6,'Enter data'!$C$12:$C$91,'Enter data'!$F$6),""),"") | D23: =IFERROR(IF(SUMIFS('Enter data'!$F$12:$F$91,'Enter data'!$A$12:$A$91,'Enter data'!$B$6,'Enter data'!$B$12:$B$91,6,'Enter data'!$C$12:$C$91,'Enter data'!$F$6)>0,SUMIFS('Enter data'!$F$12:$F$91,'Enter data'!$A$12:$A$91,'Enter data'!$B$6,'Enter data'!$B$12:$B$91,6,'Enter data'!$C$12:$C$91,'Enter data'!$E$6)/SUMIFS('Enter data'!$F$12:$F$91,'Enter data'!$A$12:$A$91,'Enter data'!$B$6,'Enter data'!$B$12:$B$91,6,'Enter data'!$C$12:$C$91,'Enter data'!$F$6),""),"")
B24: 7 | C24: =IFERROR(IF(SUMIFS('Enter data'!$F$12:$F$91,'Enter data'!$A$12:$A$91,'Enter data'!$A$6,'Enter data'!$B$12:$B$91,7,'Enter data'!$C$12:$C$91,'Enter data'!$F$6)>0,SUMIFS('Enter data'!$F$12:$F$91,'Enter data'!$A$12:$A$91,'Enter data'!$A$6,'Enter data'!$B$12:$B$91,7,'Enter data'!$C$12:$C$91,'Enter data'!$E$6)/SUMIFS('Enter data'!$F$12:$F$91,'Enter data'!$A$12:$A$91,'Enter data'!$A$6,'Enter data'!$B$12:$B$91,7,'Enter data'!$C$12:$C$91,'Enter data'!$F$6),""),"") | D24: =IFERROR(IF(SUMIFS('Enter data'!$F$12:$F$91,'Enter data'!$A$12:$A$91,'Enter data'!$B$6,'Enter data'!$B$12:$B$91,7,'Enter data'!$C$12:$C$91,'Enter data'!$F$6)>0,SUMIFS('Enter data'!$F$12:$F$91,'Enter data'!$A$12:$A$91,'Enter data'!$B$6,'Enter data'!$B$12:$B$91,7,'Enter data'!$C$12:$C$91,'Enter data'!$E$6)/SUMIFS('Enter data'!$F$12:$F$91,'Enter data'!$A$12:$A$91,'Enter data'!$B$6,'Enter data'!$B$12:$B$91,7,'Enter data'!$C$12:$C$91,'Enter data'!$F$6),""),"")
B25: 8 | C25: =IFERROR(IF(SUMIFS('Enter data'!$F$12:$F$91,'Enter data'!$A$12:$A$91,'Enter data'!$A$6,'Enter data'!$B$12:$B$91,8,'Enter data'!$C$12:$C$91,'Enter data'!$F$6)>0,SUMIFS('Enter data'!$F$12:$F$91,'Enter data'!$A$12:$A$91,'Enter data'!$A$6,'Enter data'!$B$12:$B$91,8,'Enter data'!$C$12:$C$91,'Enter data'!$E$6)/SUMIFS('Enter data'!$F$12:$F$91,'Enter data'!$A$12:$A$91,'Enter data'!$A$6,'Enter data'!$B$12:$B$91,8,'Enter data'!$C$12:$C$91,'Enter data'!$F$6),""),"") | D25: =IFERROR(IF(SUMIFS('Enter data'!$F$12:$F$91,'Enter data'!$A$12:$A$91,'Enter data'!$B$6,'Enter data'!$B$12:$B$91,8,'Enter data'!$C$12:$C$91,'Enter data'!$F$6)>0,SUMIFS('Enter data'!$F$12:$F$91,'Enter data'!$A$12:$A$91,'Enter data'!$B$6,'Enter data'!$B$12:$B$91,8,'Enter data'!$C$12:$C$91,'Enter data'!$E$6)/SUMIFS('Enter data'!$F$12:$F$91,'Enter data'!$A$12:$A$91,'Enter data'!$B$6,'Enter data'!$B$12:$B$91,8,'Enter data'!$C$12:$C$91,'Enter data'!$F$6),""),"")
B28: Mean a:b darkness ratio by leaf type
B29: Group | C29: n | D29: Mean | E29: SD | F29: SE | G29: Min | H29: Max
B30: =IFERROR('Enter data'!$A$6,"") -> 0 | C30: =IFERROR(COUNT($C$18:$C$25),"") -> 0 | D30: =IFERROR(AVERAGE($C$18:$C$25),"") | E30: =IFERROR(STDEV($C$18:$C$25),"") | F30: =IFERROR(STDEV($C$18:$C$25)/SQRT(COUNT($C$18:$C$25)),"") | G30: =IFERROR(MIN($C$18:$C$25),"") -> 0 | H30: =IFERROR(MAX($C$18:$C$25),"") -> 0
B31: =IFERROR('Enter data'!$B$6,"") -> 0 | C31: =IFERROR(COUNT($D$18:$D$25),"") -> 0 | D31: =IFERROR(AVERAGE($D$18:$D$25),"") | E31: =IFERROR(STDEV($D$18:$D$25),"") | F31: =IFERROR(STDEV($D$18:$D$25)/SQRT(COUNT($D$18:$D$25)),"") | G31: =IFERROR(MIN($D$18:$D$25),"") -> 0 | H31: =IFERROR(MAX($D$18:$D$25),"") -> 0
B34: Comparison of the two groups (Welch t test)
B35: Difference in means (group 1 minus group 2) | C35: =IFERROR($D$30-$D$31,"")
B36: Standard error of the difference | C36: =IFERROR(SQRT($F$30^2+$F$31^2),"")
B37: Degrees of freedom (Welch) | C37: =IFERROR((($E$30^2/$C$30+$E$31^2/$C$31)^2/(($E$30^2/$C$30)^2/($C$30-1)+($E$31^2/$C$31)^2/($C$31-1))),"")
B38: p value (two-sided) | C38: =IFERROR(TTEST($C$18:$C$25,$D$18:$D$25,2,3),"")
B39: 95% interval for the difference, lower | C39: =IFERROR($C$35-TINV(0.05,$C$37)*$C$36,"")
B40: 95% interval for the difference, upper | C40: =IFERROR($C$35+TINV(0.05,$C$37)*$C$36,"")
