Workbook

Sheet Start here
B1: BOT-02 Transpiration rate under four treatments
B2: Excel version of the card. It does the same calculations as the R script bot02_transpiration.R.
B4: How to use this workbook
B5: 1. Go to the 'Enter data' sheet. Type only in the yellow cells with blue text. Grey cells are calculated for you.
B6: 2. Fill the blocks that apply. Leave rows you did not use empty. The grey italic row above each table is an example of the format and is not used.
B7: 3. Open the 'Results' sheet. Everything there is calculated. Yellow cells on that sheet are settings you may change.
B9: What the colours mean
B10: Yellow cell, blue text: you type here.
B11: Grey cell: a formula. Sheets are protected without a password so formulas are not overwritten by accident (Review > Unprotect Sheet).
B13: Assumptions and sources
B14: Rate = mass loss (blank-corrected) / hours / leaf area, in mg of water per cm2 per hour (1 g of water is about 1 mL).
B15: Leaf area from paper tracings = mass of cut-outs / mass of the reference square x reference area.
... B22: Compiled by Emmanuel G. Lozano, Department of Biology, College of Arts and Sciences, Pampanga State University. Original material is licensed CC BY-NC 4.0: credit required, non-commercial use only.

Sheet Enter data
A1: Enter your data
A2: Type only in yellow cells. Leave unused rows empty.
A4: 1. Shoots
A5: Treatment (type a name) | B5: Mass lost, blank-corrected (g) | C5: Hours | D5: Cut-out mass (g) | E5: Reference square mass (g) | F5: Reference square area (cm2) | G5: Leaf area (cm2) | H5: Rate (mg per cm2 per hour)
A6: control | B6: 0.95 | C6: 2 | D6: 3 | E6: 0.8 | F6: 100
A7: control | B7: 0.9 | C7: 2 | D7: 3.13 | E7: 0.8 | F7: 100 | G7: =IF(AND(ISNUMBER(D7),ISNUMBER(E7),ISNUMBER(F7)),D7/E7*F7,"") -> 391.25 | H7: =IF(AND(ISNUMBER(B7),ISNUMBER(C7),ISNUMBER(G7)),B7*1000/C7/G7,"") -> 1.1501597
A8: control | B8: 0.6 | C8: 2 | D8: 2.84 | E8: 0.8 | F8: 100 | G8: =IF(AND(ISNUMBER(D8),ISNUMBER(E8),ISNUMBER(F8)),D8/E8*F8,"") -> 355 | H8: =IF(AND(ISNUMBER(B8),ISNUMBER(C8),ISNUMBER(G8)),B8*1000/C8/G8,"") -> 0.84507042
A9: control | B9: 1.3 | C9: 2 | D9: 3.9 | E9: 0.8 | F9: 100 | G9: =IF(AND(ISNUMBER(D9),ISNUMBER(E9),ISNUMBER(F9)),D9/E9*F9,"") -> 487.5 | H9: =IF(AND(ISNUMBER(B9),ISNUMBER(C9),ISNUMBER(G9)),B9*1000/C9/G9,"") -> 1.3333333
A10: control | B10: 0.9 | C10: 2 | D10: 2.88 | E10: 0.8 | F10: 100 | G10: =IF(AND(ISNUMBER(D10),ISNUMBER(E10),ISNUMBER(F10)),D10/E10*F10,"") -> 360 | H10: =IF(AND(ISNUMBER(B10),ISNUMBER(C10),ISNUMBER(G10)),B10*1000/C10/G10,"") -> 1.25
A11: control | B11: 0.9 | C11: 2 | D11: 3.17 | E11: 0.8 | F11: 100 | G11: =IF(AND(ISNUMBER(D11),ISNUMBER(E11),ISNUMBER(F11)),D11/E11*F11,"") -> 396.25 | H11: =IF(AND(ISNUMBER(B11),ISNUMBER(C11),ISNUMBER(G11)),B11*1000/C11/G11,"") -> 1.1356467
A12: control | B12: 1 | C12: 2 | D12: 3.51 | E12: 0.8 | F12: 100 | G12: =IF(AND(ISNUMBER(D12),ISNUMBER(E12),ISNUMBER(F12)),D12/E12*F12,"") -> 438.75 | H12: =IF(AND(ISNUMBER(B12),ISNUMBER(C12),ISNUMBER(G12)),B12*1000/C12/G12,"") -> 1.1396011
A13: fan | B13: 1.5 | C13: 2 | D13: 2.88 | E13: 0.8 | F13: 100 | G13: =IF(AND(ISNUMBER(D13),ISNUMBER(E13),ISNUMBER(F13)),D13/E13*F13,"") -> 360 | H13: =IF(AND(ISNUMBER(B13),ISNUMBER(C13),ISNUMBER(G13)),B13*1000/C13/G13,"") -> 2.0833333
A14: fan | B14: 1.9 | C14: 2 | D14: 3.26 | E14: 0.8 | F14: 100 | G14: =IF(AND(ISNUMBER(D14),ISNUMBER(E14),ISNUMBER(F14)),D14/E14*F14,"") -> 407.5 | H14: =IF(AND(ISNUMBER(B14),ISNUMBER(C14),ISNUMBER(G14)),B14*1000/C14/G14,"") -> 2.3312883
A15: fan | B15: 1.8 | C15: 2 | D15: 3.3 | E15: 0.8 | F15: 100 | G15: =IF(AND(ISNUMBER(D15),ISNUMBER(E15),ISNUMBER(F15)),D15/E15*F15,"") -> 412.5 | H15: =IF(AND(ISNUMBER(B15),ISNUMBER(C15),ISNUMBER(G15)),B15*1000/C15/G15,"") -> 2.1818182
A16: fan | B16: 1.6 | C16: 2 | D16: 3.1 | E16: 0.8 | F16: 100 | G16: =IF(AND(ISNUMBER(D16),ISNUMBER(E16),ISNUMBER(F16)),D16/E16*F16,"") -> 387.5 | H16: =IF(AND(ISNUMBER(B16),ISNUMBER(C16),ISNUMBER(G16)),B16*1000/C16/G16,"") -> 2.0645161
A17: fan | B17: 2 | C17: 2 | D17: 3.44 | E17: 0.8 | F17: 100 | G17: =IF(AND(ISNUMBER(D17),ISNUMBER(E17),ISNUMBER(F17)),D17/E17*F17,"") -> 430 | H17: =IF(AND(ISNUMBER(B17),ISNUMBER(C17),ISNUMBER(G17)),B17*1000/C17/G17,"") -> 2.3255814
A18: fan | B18: 1.9 | C18: 2 | D18: 3.2 | E18: 0.8 | F18: 100 | G18: =IF(AND(ISNUMBER(D18),ISNUMBER(E18),ISNUMBER(F18)),D18/E18*F18,"") -> 400 | H18: =IF(AND(ISNUMBER(B18),ISNUMBER(C18),ISNUMBER(G18)),B18*1000/C18/G18,"") -> 2.375
... A30: humid bag | B30: 0.4 | C30: 2 | D30: 2.93 | E30: 0.8 | F30: 100 | G30: =IF(AND(ISNUMBER(D30),ISNUMBER(E30),ISNUMBER(F30)),D30/E30*F30,"") -> 366.25 | H30: =IF(AND(ISNUMBER(B30),ISNUMBER(C30),ISNUMBER(G30)),B30*1000/C30/G30,"") -> 0.54607509
G31: =IF(AND(ISNUMBER(D31),ISNUMBER(E31),ISNUMBER(F31)),D31/E31*F31,"") | H31: =IF(AND(ISNUMBER(B31),ISNUMBER(C31),ISNUMBER(G31)),B31*1000/C31/G31,"")
G32: =IF(AND(ISNUMBER(D32),ISNUMBER(E32),ISNUMBER(F32)),D32/E32*F32,"") | H32: =IF(AND(ISNUMBER(B32),ISNUMBER(C32),ISNUMBER(G32)),B32*1000/C32/G32,"")
G33: =IF(AND(ISNUMBER(D33),ISNUMBER(E33),ISNUMBER(F33)),D33/E33*F33,"") | H33: =IF(AND(ISNUMBER(B33),ISNUMBER(C33),ISNUMBER(G33)),B33*1000/C33/G33,"")
G34: =IF(AND(ISNUMBER(D34),ISNUMBER(E34),ISNUMBER(F34)),D34/E34*F34,"") | H34: =IF(AND(ISNUMBER(B34),ISNUMBER(C34),ISNUMBER(G34)),B34*1000/C34/G34,"")
G35: =IF(AND(ISNUMBER(D35),ISNUMBER(E35),ISNUMBER(F35)),D35/E35*F35,"") | H35: =IF(AND(ISNUMBER(B35),ISNUMBER(C35),ISNUMBER(G35)),B35*1000/C35/G35,"")
G36: =IF(AND(ISNUMBER(D36),ISNUMBER(E36),ISNUMBER(F36)),D36/E36*F36,"") | H36: =IF(AND(ISNUMBER(B36),ISNUMBER(C36),ISNUMBER(G36)),B36*1000/C36/G36,"")
G37: =IF(AND(ISNUMBER(D37),ISNUMBER(E37),ISNUMBER(F37)),D37/E37*F37,"") | H37: =IF(AND(ISNUMBER(B37),ISNUMBER(C37),ISNUMBER(G37)),B37*1000/C37/G37,"")
G38: =IF(AND(ISNUMBER(D38),ISNUMBER(E38),ISNUMBER(F38)),D38/E38*F38,"") | H38: =IF(AND(ISNUMBER(B38),ISNUMBER(C38),ISNUMBER(G38)),B38*1000/C38/G38,"")
G39: =IF(AND(ISNUMBER(D39),ISNUMBER(E39),ISNUMBER(F39)),D39/E39*F39,"") | H39: =IF(AND(ISNUMBER(B39),ISNUMBER(C39),ISNUMBER(G39)),B39*1000/C39/G39,"")
G40: =IF(AND(ISNUMBER(D40),ISNUMBER(E40),ISNUMBER(F40)),D40/E40*F40,"") | H40: =IF(AND(ISNUMBER(B40),ISNUMBER(C40),ISNUMBER(G40)),B40*1000/C40/G40,"")
G41: =IF(AND(ISNUMBER(D41),ISNUMBER(E41),ISNUMBER(F41)),D41/E41*F41,"") | H41: =IF(AND(ISNUMBER(B41),ISNUMBER(C41),ISNUMBER(G41)),B41*1000/C41/G41,"")
G42: =IF(AND(ISNUMBER(D42),ISNUMBER(E42),ISNUMBER(F42)),D42/E42*F42,"") | H42: =IF(AND(ISNUMBER(B42),ISNUMBER(C42),ISNUMBER(G42)),B42*1000/C42/G42,"")
... G46: =IF(AND(ISNUMBER(D46),ISNUMBER(E46),ISNUMBER(F46)),D46/E46*F46,"") | H46: =IF(AND(ISNUMBER(B46),ISNUMBER(C46),ISNUMBER(G46)),B46*1000/C46/G46,"")
A49: 2. Treatment names
A50: Treatment 1 | B50: Treatment 2 | C50: Treatment 3 | D50: Treatment 4
A51: control | B51: fan | C51: lamp | D51: humid bag

Sheet Results
B1: Results
B2: Everything on this sheet is calculated. Change only the yellow settings.
B4: Treatment names (type up to 4 names exactly as entered in the table)
B6: Rate by treatment (mg per cm2 per hour)
B7: Treatment | C7: n | D7: Mean | E7: SD | F7: SE
B8: =IFERROR('Enter data'!$A$51,"") -> control | C8: =IFERROR(COUNTIFS('Enter data'!$A$7:$A$46,'Enter data'!$A$51,'Enter data'!$H$7:$H$46,"<>"),"") -> 6 | D8: =IFERROR(AVERAGEIF('Enter data'!$A$7:$A$46,'Enter data'!$A$51,'Enter data'!$H$7:$H$46),"") -> 1.1423019 | E8: =IFERROR(SQRT(SUMPRODUCT(('Enter data'!$A$7:$A$46='Enter data'!$A$51)*ISNUMBER('Enter data'!$H$7:$H$46),(IF(ISNUMBER('Enter data'!$H$7:$H$46),'Enter data'!$H$7:$H$46,0)-D8)^2)/(C8-1)),"") -> 0.16525845 | F8: =IFERROR(E8/SQRT(C8),"") -> 0.067466479
B9: =IFERROR('Enter data'!$B$51,"") -> fan | C9: =IFERROR(COUNTIFS('Enter data'!$A$7:$A$46,'Enter data'!$B$51,'Enter data'!$H$7:$H$46,"<>"),"") -> 6 | D9: =IFERROR(AVERAGEIF('Enter data'!$A$7:$A$46,'Enter data'!$B$51,'Enter data'!$H$7:$H$46),"") -> 2.2269229 | E9: =IFERROR(SQRT(SUMPRODUCT(('Enter data'!$A$7:$A$46='Enter data'!$B$51)*ISNUMBER('Enter data'!$H$7:$H$46),(IF(ISNUMBER('Enter data'!$H$7:$H$46),'Enter data'!$H$7:$H$46,0)-D9)^2)/(C9-1)),"") -> 0.13533723 | F9: =IFERROR(E9/SQRT(C9),"") -> 0.055251193
B10: =IFERROR('Enter data'!$C$51,"") -> lamp | C10: =IFERROR(COUNTIFS('Enter data'!$A$7:$A$46,'Enter data'!$C$51,'Enter data'!$H$7:$H$46,"<>"),"") -> 6 | D10: =IFERROR(AVERAGEIF('Enter data'!$A$7:$A$46,'Enter data'!$C$51,'Enter data'!$H$7:$H$46),"") -> 1.572188 | E10: =IFERROR(SQRT(SUMPRODUCT(('Enter data'!$A$7:$A$46='Enter data'!$C$51)*ISNUMBER('Enter data'!$H$7:$H$46),(IF(ISNUMBER('Enter data'!$H$7:$H$46),'Enter data'!$H$7:$H$46,0)-D10)^2)/(C10-1)),"") -> 0.16812755 | F10: =IFERROR(E10/SQRT(C10),"") -> 0.068637784
B11: =IFERROR('Enter data'!$D$51,"") -> humid bag | C11: =IFERROR(COUNTIFS('Enter data'!$A$7:$A$46,'Enter data'!$D$51,'Enter data'!$H$7:$H$46,"<>"),"") -> 6 | D11: =IFERROR(AVERAGEIF('Enter data'!$A$7:$A$46,'Enter data'!$D$51,'Enter data'!$H$7:$H$46),"") -> 0.49259932 | E11: =IFERROR(SQRT(SUMPRODUCT(('Enter data'!$A$7:$A$46='Enter data'!$D$51)*ISNUMBER('Enter data'!$H$7:$H$46),(IF(ISNUMBER('Enter data'!$H$7:$H$46),'Enter data'!$H$7:$H$46,0)-D11)^2)/(C11-1)),"") -> 0.046679515 | F11: =IFERROR(E11/SQRT(C11),"") -> 0.019056832
B14: One-way analysis of variance
B15: Total shoots | C15: =IFERROR(SUM($C$8:$C$11),"") -> 24
B16: Grand mean | C16: =IFERROR(SUMPRODUCT($C$8:$C$11,$D$8:$D$11)/$C$15,"") -> 1.358503
B17: Sum of squares between | C17: =IFERROR(SUMPRODUCT($C$8:$C$11,($D$8:$D$11-$C$16)^2),"") -> 9.5780789
B18: Sum of squares within | C18: =IFERROR(SUMPRODUCT($C$8:$C$11-1,$E$8:$E$11^2),"") -> 0.38036185
B19: F ratio | C19: =IFERROR(($C$17/3)/($C$18/($C$15-4)),"") -> 167.87661
B20: p value | C20: =IFERROR(FDIST($C$19,3,$C$15-4),"") -> 2.4021464e-14
