Workbook

Sheet Start here
B1: CVA-04 Gill respiratory surface area and body size in fish
B2: Excel version of the card. It does the same calculations as the R script cva04_gill_area.R.
B4: How to use this workbook
B5: 1. Go to the 'Enter data' sheet. Type only in the yellow cells with blue text. Grey cells are calculated for you.
B6: 2. Fill the blocks that apply. Leave rows you did not use empty. The grey italic row above each table is an example of the format and is not used.
B7: 3. Open the 'Results' sheet. Everything there is calculated. Yellow cells on that sheet are settings you may change.
B9: What the colours mean
B10: Yellow cell, blue text: you type here.
B11: Grey cell: a formula. Sheets are protected without a password so formulas are not overwritten by accident (Review > Unprotect Sheet).
B13: Assumptions and sources
B14: Hughes (1984), J Mar Biol Assoc UK 64:637-655: total lamellae = 2 x L x n; gill area = total lamellae x bilateral area of an average lamella. L = total length of all filaments on all gill arches (both sides); n = lamellae per mm on one side of a filament.
B15: Bilateral lamellar area = 2 x shape factor x lamella length x height. The shape factor 0.5 treats the lamella as a triangle-like plate; adjust if you trace real outlines.
... B20: Compiled by Emmanuel G. Lozano, Department of Biology, College of Arts and Sciences, Pampanga State University. Original material is licensed CC BY-NC 4.0: credit required, non-commercial use only.

Sheet Enter data
A1: Enter your data
A2: Type only in yellow cells. Leave unused rows empty.
A4: 1. Fish (one row per fish)
A5: Fish | B5: Body mass (g) | C5: Total filament length L (mm) | D5: Lamellae per mm (one side) | E5: Lamella length (mm) | F5: Lamella height (mm) | G5: Bilateral area of a lamella (mm2) | H5: Total lamellae | I5: Gill area (mm2) | J5: Area per gram (mm2/g) | K5: log10 mass | L5: log10 area | M5: log10 L | N5: log10 lamellae per mm | O5: log10 bilateral area
A6: fish 1 | B6: 300 | C6: 5000 | D6: 20 | E6: 0.28 | F6: 0.1
A7: fish 1 | B7: 121 | C7: 3129 | D7: 20 | E7: 0.217 | F7: 0.09 | G7: =IF(AND(ISNUMBER(E7),ISNUMBER(F7)),2*Results!$C$5*E7*F7,"") -> 0.01953 | H7: =IF(AND(ISNUMBER(C7),ISNUMBER(D7)),2*C7*D7,"") -> 125160 | I7: =IF(AND(ISNUMBER(G7),ISNUMBER(H7)),G7*H7,"") -> 2444.3748 | J7: =IF(ISNUMBER(I7),I7/B7,"") -> 20.201445 | K7: =IF(ISNUMBER(I7),LOG10(B7),"") -> 2.0827854 | L7: =IF(ISNUMBER(I7),LOG10(I7),"") -> 3.3881678 | M7: =IF(ISNUMBER(I7),LOG10(C7),"") -> 3.4954056 | N7: =IF(ISNUMBER(I7),LOG10(D7),"") -> 1.30103 | O7: =IF(ISNUMBER(I7),LOG10(G7),"") -> -1.7092978
A8: fish 2 | B8: 102 | C8: 3067 | D8: 20.7 | E8: 0.215 | F8: 0.086 | G8: =IF(AND(ISNUMBER(E8),ISNUMBER(F8)),2*Results!$C$5*E8*F8,"") -> 0.01849 | H8: =IF(AND(ISNUMBER(C8),ISNUMBER(D8)),2*C8*D8,"") -> 126973.8 | I8: =IF(AND(ISNUMBER(G8),ISNUMBER(H8)),G8*H8,"") -> 2347.7456 | J8: =IF(ISNUMBER(I8),I8/B8,"") -> 23.017113 | K8: =IF(ISNUMBER(I8),LOG10(B8),"") -> 2.0086002 | L8: =IF(ISNUMBER(I8),LOG10(I8),"") -> 3.370651 | M8: =IF(ISNUMBER(I8),LOG10(C8),"") -> 3.4867138 | N8: =IF(ISNUMBER(I8),LOG10(D8),"") -> 1.3159703 | O8: =IF(ISNUMBER(I8),LOG10(G8),"") -> -1.7330631
A9: fish 3 | B9: 167 | C9: 3657 | D9: 20.1 | E9: 0.241 | F9: 0.102 | G9: =IF(AND(ISNUMBER(E9),ISNUMBER(F9)),2*Results!$C$5*E9*F9,"") -> 0.024582 | H9: =IF(AND(ISNUMBER(C9),ISNUMBER(D9)),2*C9*D9,"") -> 147011.4 | I9: =IF(AND(ISNUMBER(G9),ISNUMBER(H9)),G9*H9,"") -> 3613.8342 | J9: =IF(ISNUMBER(I9),I9/B9,"") -> 21.639726 | K9: =IF(ISNUMBER(I9),LOG10(B9),"") -> 2.2227165 | L9: =IF(ISNUMBER(I9),LOG10(I9),"") -> 3.5579682 | M9: =IF(ISNUMBER(I9),LOG10(C9),"") -> 3.563125 | N9: =IF(ISNUMBER(I9),LOG10(D9),"") -> 1.3031961 | O9: =IF(ISNUMBER(I9),LOG10(G9),"") -> -1.6093828
A10: fish 4 | B10: 139 | C10: 3566 | D10: 21.3 | E10: 0.229 | F10: 0.094 | G10: =IF(AND(ISNUMBER(E10),ISNUMBER(F10)),2*Results!$C$5*E10*F10,"") -> 0.021526 | H10: =IF(AND(ISNUMBER(C10),ISNUMBER(D10)),2*C10*D10,"") -> 151911.6 | I10: =IF(AND(ISNUMBER(G10),ISNUMBER(H10)),G10*H10,"") -> 3270.0491 | J10: =IF(ISNUMBER(I10),I10/B10,"") -> 23.525533 | K10: =IF(ISNUMBER(I10),LOG10(B10),"") -> 2.1430148 | L10: =IF(ISNUMBER(I10),LOG10(I10),"") -> 3.5145543 | M10: =IF(ISNUMBER(I10),LOG10(C10),"") -> 3.5521813 | N10: =IF(ISNUMBER(I10),LOG10(D10),"") -> 1.3283796 | O10: =IF(ISNUMBER(I10),LOG10(G10),"") -> -1.6670367
A11: fish 5 | B11: 153 | C11: 3639 | D11: 20.6 | E11: 0.226 | F11: 0.098 | G11: =IF(AND(ISNUMBER(E11),ISNUMBER(F11)),2*Results!$C$5*E11*F11,"") -> 0.022148 | H11: =IF(AND(ISNUMBER(C11),ISNUMBER(D11)),2*C11*D11,"") -> 149926.8 | I11: =IF(AND(ISNUMBER(G11),ISNUMBER(H11)),G11*H11,"") -> 3320.5788 | J11: =IF(ISNUMBER(I11),I11/B11,"") -> 21.703129 | K11: =IF(ISNUMBER(I11),LOG10(B11),"") -> 2.1846914 | L11: =IF(ISNUMBER(I11),LOG10(I11),"") -> 3.5212138 | M11: =IF(ISNUMBER(I11),LOG10(C11),"") -> 3.5609821 | N11: =IF(ISNUMBER(I11),LOG10(D11),"") -> 1.3138672 | O11: =IF(ISNUMBER(I11),LOG10(G11),"") -> -1.6546655
A12: fish 6 | B12: 432 | C12: 6330 | D12: 18.6 | E12: 0.302 | F12: 0.104 | G12: =IF(AND(ISNUMBER(E12),ISNUMBER(F12)),2*Results!$C$5*E12*F12,"") -> 0.031408 | H12: =IF(AND(ISNUMBER(C12),ISNUMBER(D12)),2*C12*D12,"") -> 235476 | I12: =IF(AND(ISNUMBER(G12),ISNUMBER(H12)),G12*H12,"") -> 7395.8302 | J12: =IF(ISNUMBER(I12),I12/B12,"") -> 17.119977 | K12: =IF(ISNUMBER(I12),LOG10(B12),"") -> 2.6354837 | L12: =IF(ISNUMBER(I12),LOG10(I12),"") -> 3.8689869 | M12: =IF(ISNUMBER(I12),LOG10(C12),"") -> 3.8014037 | N12: =IF(ISNUMBER(I12),LOG10(D12),"") -> 1.2695129 | O12: =IF(ISNUMBER(I12),LOG10(G12),"") -> -1.5029597
A13: fish 7 | B13: 216 | C13: 4228 | D13: 21.5 | E13: 0.247 | F13: 0.1 | G13: =IF(AND(ISNUMBER(E13),ISNUMBER(F13)),2*Results!$C$5*E13*F13,"") -> 0.0247 | H13: =IF(AND(ISNUMBER(C13),ISNUMBER(D13)),2*C13*D13,"") -> 181804 | I13: =IF(AND(ISNUMBER(G13),ISNUMBER(H13)),G13*H13,"") -> 4490.5588 | J13: =IF(ISNUMBER(I13),I13/B13,"") -> 20.789624 | K13: =IF(ISNUMBER(I13),LOG10(B13),"") -> 2.3344538 | L13: =IF(ISNUMBER(I13),LOG10(I13),"") -> 3.6523004 | M13: =IF(ISNUMBER(I13),LOG10(C13),"") -> 3.626135 | N13: =IF(ISNUMBER(I13),LOG10(D13),"") -> 1.3324385 | O13: =IF(ISNUMBER(I13),LOG10(G13),"") -> -1.607303
A14: fish 8 | B14: 201 | C14: 4204 | D14: 21.6 | E14: 0.248 | F14: 0.094 | G14: =IF(AND(ISNUMBER(E14),ISNUMBER(F14)),2*Results!$C$5*E14*F14,"") -> 0.023312 | H14: =IF(AND(ISNUMBER(C14),ISNUMBER(D14)),2*C14*D14,"") -> 181612.8 | I14: =IF(AND(ISNUMBER(G14),ISNUMBER(H14)),G14*H14,"") -> 4233.7576 | J14: =IF(ISNUMBER(I14),I14/B14,"") -> 21.063471 | K14: =IF(ISNUMBER(I14),LOG10(B14),"") -> 2.3031961 | L14: =IF(ISNUMBER(I14),LOG10(I14),"") -> 3.626726 | M14: =IF(ISNUMBER(I14),LOG10(C14),"") -> 3.6236627 | N14: =IF(ISNUMBER(I14),LOG10(D14),"") -> 1.3344538 | O14: =IF(ISNUMBER(I14),LOG10(G14),"") -> -1.6324205
A15: fish 9 | B15: 107 | C15: 3041 | D15: 20.6 | E15: 0.218 | F15: 0.091 | G15: =IF(AND(ISNUMBER(E15),ISNUMBER(F15)),2*Results!$C$5*E15*F15,"") -> 0.019838 | H15: =IF(AND(ISNUMBER(C15),ISNUMBER(D15)),2*C15*D15,"") -> 125289.2 | I15: =IF(AND(ISNUMBER(G15),ISNUMBER(H15)),G15*H15,"") -> 2485.4871 | J15: =IF(ISNUMBER(I15),I15/B15,"") -> 23.228852 | K15: =IF(ISNUMBER(I15),LOG10(B15),"") -> 2.0293838 | L15: =IF(ISNUMBER(I15),LOG10(I15),"") -> 3.3954115 | M15: =IF(ISNUMBER(I15),LOG10(C15),"") -> 3.4830164 | N15: =IF(ISNUMBER(I15),LOG10(D15),"") -> 1.3138672 | O15: =IF(ISNUMBER(I15),LOG10(G15),"") -> -1.7025021
A16: fish 10 | B16: 270 | C16: 4854 | D16: 19.4 | E16: 0.274 | F16: 0.096 | G16: =IF(AND(ISNUMBER(E16),ISNUMBER(F16)),2*Results!$C$5*E16*F16,"") -> 0.026304 | H16: =IF(AND(ISNUMBER(C16),ISNUMBER(D16)),2*C16*D16,"") -> 188335.2 | I16: =IF(AND(ISNUMBER(G16),ISNUMBER(H16)),G16*H16,"") -> 4953.9691 | J16: =IF(ISNUMBER(I16),I16/B16,"") -> 18.348034 | K16: =IF(ISNUMBER(I16),LOG10(B16),"") -> 2.4313638 | L16: =IF(ISNUMBER(I16),LOG10(I16),"") -> 3.6949533 | M16: =IF(ISNUMBER(I16),LOG10(C16),"") -> 3.6860998 | N16: =IF(ISNUMBER(I16),LOG10(D16),"") -> 1.2878017 | O16: =IF(ISNUMBER(I16),LOG10(G16),"") -> -1.5799782
A17: fish 11 | B17: 195 | C17: 4449 | D17: 20.9 | E17: 0.234 | F17: 0.102 | G17: =IF(AND(ISNUMBER(E17),ISNUMBER(F17)),2*Results!$C$5*E17*F17,"") -> 0.023868 | H17: =IF(AND(ISNUMBER(C17),ISNUMBER(D17)),2*C17*D17,"") -> 185968.2 | I17: =IF(AND(ISNUMBER(G17),ISNUMBER(H17)),G17*H17,"") -> 4438.689 | J17: =IF(ISNUMBER(I17),I17/B17,"") -> 22.762508 | K17: =IF(ISNUMBER(I17),LOG10(B17),"") -> 2.2900346 | L17: =IF(ISNUMBER(I17),LOG10(I17),"") -> 3.6472547 | M17: =IF(ISNUMBER(I17),LOG10(C17),"") -> 3.6482624 | N17: =IF(ISNUMBER(I17),LOG10(D17),"") -> 1.3201463 | O17: =IF(ISNUMBER(I17),LOG10(G17),"") -> -1.622184
A18: fish 12 | B18: 207 | C18: 4565 | D18: 20.2 | E18: 0.248 | F18: 0.092 | G18: =IF(AND(ISNUMBER(E18),ISNUMBER(F18)),2*Results!$C$5*E18*F18,"") -> 0.022816 | H18: =IF(AND(ISNUMBER(C18),ISNUMBER(D18)),2*C18*D18,"") -> 184426 | I18: =IF(AND(ISNUMBER(G18),ISNUMBER(H18)),G18*H18,"") -> 4207.8636 | J18: =IF(ISNUMBER(I18),I18/B18,"") -> 20.327844 | K18: =IF(ISNUMBER(I18),LOG10(B18),"") -> 2.3159703 | L18: =IF(ISNUMBER(I18),LOG10(I18),"") -> 3.6240617 | M18: =IF(ISNUMBER(I18),LOG10(C18),"") -> 3.6594408 | N18: =IF(ISNUMBER(I18),LOG10(D18),"") -> 1.3053514 | O18: =IF(ISNUMBER(I18),LOG10(G18),"") -> -1.6417605
G19: =IF(AND(ISNUMBER(E19),ISNUMBER(F19)),2*Results!$C$5*E19*F19,"") | H19: =IF(AND(ISNUMBER(C19),ISNUMBER(D19)),2*C19*D19,"") | I19: =IF(AND(ISNUMBER(G19),ISNUMBER(H19)),G19*H19,"") | J19: =IF(ISNUMBER(I19),I19/B19,"") | K19: =IF(ISNUMBER(I19),LOG10(B19),"") | L19: =IF(ISNUMBER(I19),LOG10(I19),"") | M19: =IF(ISNUMBER(I19),LOG10(C19),"") | N19: =IF(ISNUMBER(I19),LOG10(D19),"") | O19: =IF(ISNUMBER(I19),LOG10(G19),"")
G20: =IF(AND(ISNUMBER(E20),ISNUMBER(F20)),2*Results!$C$5*E20*F20,"") | H20: =IF(AND(ISNUMBER(C20),ISNUMBER(D20)),2*C20*D20,"") | I20: =IF(AND(ISNUMBER(G20),ISNUMBER(H20)),G20*H20,"") | J20: =IF(ISNUMBER(I20),I20/B20,"") | K20: =IF(ISNUMBER(I20),LOG10(B20),"") | L20: =IF(ISNUMBER(I20),LOG10(I20),"") | M20: =IF(ISNUMBER(I20),LOG10(C20),"") | N20: =IF(ISNUMBER(I20),LOG10(D20),"") | O20: =IF(ISNUMBER(I20),LOG10(G20),"")
G21: =IF(AND(ISNUMBER(E21),ISNUMBER(F21)),2*Results!$C$5*E21*F21,"") | H21: =IF(AND(ISNUMBER(C21),ISNUMBER(D21)),2*C21*D21,"") | I21: =IF(AND(ISNUMBER(G21),ISNUMBER(H21)),G21*H21,"") | J21: =IF(ISNUMBER(I21),I21/B21,"") | K21: =IF(ISNUMBER(I21),LOG10(B21),"") | L21: =IF(ISNUMBER(I21),LOG10(I21),"") | M21: =IF(ISNUMBER(I21),LOG10(C21),"") | N21: =IF(ISNUMBER(I21),LOG10(D21),"") | O21: =IF(ISNUMBER(I21),LOG10(G21),"")
G22: =IF(AND(ISNUMBER(E22),ISNUMBER(F22)),2*Results!$C$5*E22*F22,"") | H22: =IF(AND(ISNUMBER(C22),ISNUMBER(D22)),2*C22*D22,"") | I22: =IF(AND(ISNUMBER(G22),ISNUMBER(H22)),G22*H22,"") | J22: =IF(ISNUMBER(I22),I22/B22,"") | K22: =IF(ISNUMBER(I22),LOG10(B22),"") | L22: =IF(ISNUMBER(I22),LOG10(I22),"") | M22: =IF(ISNUMBER(I22),LOG10(C22),"") | N22: =IF(ISNUMBER(I22),LOG10(D22),"") | O22: =IF(ISNUMBER(I22),LOG10(G22),"")
G23: =IF(AND(ISNUMBER(E23),ISNUMBER(F23)),2*Results!$C$5*E23*F23,"") | H23: =IF(AND(ISNUMBER(C23),ISNUMBER(D23)),2*C23*D23,"") | I23: =IF(AND(ISNUMBER(G23),ISNUMBER(H23)),G23*H23,"") | J23: =IF(ISNUMBER(I23),I23/B23,"") | K23: =IF(ISNUMBER(I23),LOG10(B23),"") | L23: =IF(ISNUMBER(I23),LOG10(I23),"") | M23: =IF(ISNUMBER(I23),LOG10(C23),"") | N23: =IF(ISNUMBER(I23),LOG10(D23),"") | O23: =IF(ISNUMBER(I23),LOG10(G23),"")
G24: =IF(AND(ISNUMBER(E24),ISNUMBER(F24)),2*Results!$C$5*E24*F24,"") | H24: =IF(AND(ISNUMBER(C24),ISNUMBER(D24)),2*C24*D24,"") | I24: =IF(AND(ISNUMBER(G24),ISNUMBER(H24)),G24*H24,"") | J24: =IF(ISNUMBER(I24),I24/B24,"") | K24: =IF(ISNUMBER(I24),LOG10(B24),"") | L24: =IF(ISNUMBER(I24),LOG10(I24),"") | M24: =IF(ISNUMBER(I24),LOG10(C24),"") | N24: =IF(ISNUMBER(I24),LOG10(D24),"") | O24: =IF(ISNUMBER(I24),LOG10(G24),"")
G25: =IF(AND(ISNUMBER(E25),ISNUMBER(F25)),2*Results!$C$5*E25*F25,"") | H25: =IF(AND(ISNUMBER(C25),ISNUMBER(D25)),2*C25*D25,"") | I25: =IF(AND(ISNUMBER(G25),ISNUMBER(H25)),G25*H25,"") | J25: =IF(ISNUMBER(I25),I25/B25,"") | K25: =IF(ISNUMBER(I25),LOG10(B25),"") | L25: =IF(ISNUMBER(I25),LOG10(I25),"") | M25: =IF(ISNUMBER(I25),LOG10(C25),"") | N25: =IF(ISNUMBER(I25),LOG10(D25),"") | O25: =IF(ISNUMBER(I25),LOG10(G25),"")
G26: =IF(AND(ISNUMBER(E26),ISNUMBER(F26)),2*Results!$C$5*E26*F26,"") | H26: =IF(AND(ISNUMBER(C26),ISNUMBER(D26)),2*C26*D26,"") | I26: =IF(AND(ISNUMBER(G26),ISNUMBER(H26)),G26*H26,"") | J26: =IF(ISNUMBER(I26),I26/B26,"") | K26: =IF(ISNUMBER(I26),LOG10(B26),"") | L26: =IF(ISNUMBER(I26),LOG10(I26),"") | M26: =IF(ISNUMBER(I26),LOG10(C26),"") | N26: =IF(ISNUMBER(I26),LOG10(D26),"") | O26: =IF(ISNUMBER(I26),LOG10(G26),"")

Sheet Results
B1: Results
B2: Everything on this sheet is calculated. Change only the yellow settings.
B4: Settings
B5: Shape factor for the lamella outline | C5: 0.5
B7: Scaling of gill area with body mass (log10 area on log10 mass)
B8: Points used | C8: =IFERROR(SUMPRODUCT(--ISNUMBER('Enter data'!$K$7:$K$26),--ISNUMBER('Enter data'!$L$7:$L$26)),"") -> 12
B9: Slope (1 = gill area grows in proportion to mass) | C9: =IFERROR(SLOPE('Enter data'!$L$7:$L$26,'Enter data'!$K$7:$K$26),"") -> 0.80595336
B10: Intercept (1 = gill area grows in proportion to mass) | C10: =IFERROR(INTERCEPT('Enter data'!$L$7:$L$26,'Enter data'!$K$7:$K$26),"") -> 1.7596885
B11: R squared | C11: =IFERROR(RSQ('Enter data'!$L$7:$L$26,'Enter data'!$K$7:$K$26),"") -> 0.97335153
B12: Residual standard deviation | C12: =IFERROR(STEYX('Enter data'!$L$7:$L$26,'Enter data'!$K$7:$K$26),"") -> 0.024903643
B13: Standard error of the slope | C13: =IFERROR($C$12/SQRT(DEVSQ('Enter data'!$K$7:$K$26)),"") -> 0.042170737
B14: 95% interval for the slope, lower | C14: =IFERROR($C$9-TINV(0.05,$C$8-2)*$C$13,"") -> 0.7119911
B15: 95% interval for the slope, upper | C15: =IFERROR($C$9+TINV(0.05,$C$8-2)*$C$13,"") -> 0.89991562
B17: Slopes of the components against log10 mass
B18: Total filament length | C18: =IFERROR(SLOPE('Enter data'!$M$7:$M$26,'Enter data'!$K$7:$K$26),"") -> 0.52149729
B19: Lamellae per mm | C19: =IFERROR(SLOPE('Enter data'!$N$7:$N$26,'Enter data'!$K$7:$K$26),"") -> -0.054929747
B20: Bilateral lamellar area | C20: =IFERROR(SLOPE('Enter data'!$O$7:$O$26,'Enter data'!$K$7:$K$26),"") -> 0.33938582
B22: Mean area per gram
B23: Mean gill area per gram (mm2/g) | C23: =IFERROR(AVERAGE('Enter data'!$J$7:$J$26),"") -> 21.143938
B25: Check of the formula against Hughes (1972), Table 1, Chaenocephalus aceratus
B26: Total lamellae = 2 x 15,904 x 9.7 (published 308,537) | C26: =IFERROR(2*15904*9.7,"") -> 308537.6
B27: Gill area = total lamellae x 0.300 (published 92,561 mm2) | C27: =IFERROR(2*15904*9.7*0.3,"") -> 92561.28
