Workbook

Sheet Start here
B1: DEV-01 Temperature and development rate: degree-days
B2: Excel version of the card. It does the same calculations as the R script dev01_degree_days.R.
B4: How to use this workbook
B5: 1. Go to the 'Enter data' sheet. Type only in the yellow cells with blue text. Grey cells are calculated for you.
B6: 2. Fill the blocks that apply. Leave rows you did not use empty. The grey italic row above each table is an example of the format and is not used.
B7: 3. Open the 'Results' sheet. Everything there is calculated. Yellow cells on that sheet are settings you may change.
B9: What the colours mean
B10: Yellow cell, blue text: you type here.
B11: Grey cell: a formula. Sheets are protected without a password so formulas are not overwritten by accident (Review > Unprotect Sheet).
B13: Assumptions and sources
B14: Rate = 1 / days from egg to adult. Model: rate = (T - T0) / K, a straight line in temperature. T0 = -intercept / slope; K = 1 / slope (degree-days).
B15: Enter the measured mean temperature of each vial, not the set temperature.
... B22: Compiled by Emmanuel G. Lozano, Department of Biology, College of Arts and Sciences, Pampanga State University. Original material is licensed CC BY-NC 4.0: credit required, non-commercial use only.

Sheet Enter data
A1: Enter your data
A2: Type only in yellow cells. Leave unused rows empty.
A4: 1. Vials (one row per vial)
A5: Vial | B5: Mean temperature (C) | C5: Days from egg to adult | D5: Rate (1 / days)
A6: v1 | B6: 22.5 | C6: 12.4
D7: =IF(AND(ISNUMBER(B7),ISNUMBER(C7)),1/C7,"")
D8: =IF(AND(ISNUMBER(B8),ISNUMBER(C8)),1/C8,"")
D9: =IF(AND(ISNUMBER(B9),ISNUMBER(C9)),1/C9,"")
D10: =IF(AND(ISNUMBER(B10),ISNUMBER(C10)),1/C10,"")
D11: =IF(AND(ISNUMBER(B11),ISNUMBER(C11)),1/C11,"")
D12: =IF(AND(ISNUMBER(B12),ISNUMBER(C12)),1/C12,"")
D13: =IF(AND(ISNUMBER(B13),ISNUMBER(C13)),1/C13,"")
D14: =IF(AND(ISNUMBER(B14),ISNUMBER(C14)),1/C14,"")
D15: =IF(AND(ISNUMBER(B15),ISNUMBER(C15)),1/C15,"")
D16: =IF(AND(ISNUMBER(B16),ISNUMBER(C16)),1/C16,"")
D17: =IF(AND(ISNUMBER(B17),ISNUMBER(C17)),1/C17,"")
D18: =IF(AND(ISNUMBER(B18),ISNUMBER(C18)),1/C18,"")
... D36: =IF(AND(ISNUMBER(B36),ISNUMBER(C36)),1/C36,"")

Sheet Results
B1: Results
B2: Everything on this sheet is calculated. Change only the yellow settings.
B4: Settings
B5: Temperature for a predicted development time (C) | C5: 25
B7: Straight-line fit of rate on temperature
B8: Points used | C8: =IFERROR(SUMPRODUCT(--ISNUMBER('Enter data'!$B$7:$B$36),--ISNUMBER('Enter data'!$D$7:$D$36)),"") -> 0
B9: Slope (per C per day) | C9: =IFERROR(SLOPE('Enter data'!$D$7:$D$36,'Enter data'!$B$7:$B$36),"")
B10: Intercept (per C per day) | C10: =IFERROR(INTERCEPT('Enter data'!$D$7:$D$36,'Enter data'!$B$7:$B$36),"")
B11: R squared | C11: =IFERROR(RSQ('Enter data'!$D$7:$D$36,'Enter data'!$B$7:$B$36),"")
B12: Residual standard deviation | C12: =IFERROR(STEYX('Enter data'!$D$7:$D$36,'Enter data'!$B$7:$B$36),"")
B13: Standard error of the slope | C13: =IFERROR($C$12/SQRT(DEVSQ('Enter data'!$B$7:$B$36)),"")
B14: 95% interval for the slope, lower | C14: =IFERROR($C$9-TINV(0.05,$C$8-2)*$C$13,"")
B15: 95% interval for the slope, upper | C15: =IFERROR($C$9+TINV(0.05,$C$8-2)*$C$13,"")
B17: Degree-day parameters
B18: Lower threshold T0 (C) | C18: =IFERROR(-$C$10/$C$9,"")
B19: Thermal constant K (degree-days) | C19: =IFERROR(1/$C$9,"")
B20: K, 95% interval lower (from the slope) | C20: =IFERROR(1/$C$15,"")
B21: K, 95% interval upper (from the slope) | C21: =IFERROR(1/$C$14,"")
B22: Variance of T0 (delta method) | C22: =IFERROR(($C$12^2/$C$9^2)*(1/$C$8+(AVERAGE('Enter data'!$B$7:$B$36)-$C$18)^2/DEVSQ('Enter data'!$B$7:$B$36)),"")
B23: T0, approximate 95% interval lower | C23: =IFERROR($C$18-TINV(0.05,$C$8-2)*SQRT($C$22),"")
B24: T0, approximate 95% interval upper | C24: =IFERROR($C$18+TINV(0.05,$C$8-2)*SQRT($C$22),"")
B26: Prediction
B27: Predicted days from egg to adult at the chosen temperature | C27: =IFERROR($C$19/(Results!$C$5-$C$18),"")
