Workbook

Sheet Start here
B1: DEV-04 Chick embryo staging from eggs of known age
B2: Excel version of the card. It does the same calculations as the R script dev04_embryo_staging.R.
B4: How to use this workbook
B5: 1. Go to the 'Enter data' sheet. Type only in the yellow cells with blue text. Grey cells are calculated for you.
B6: 2. Fill the blocks that apply. Leave rows you did not use empty. The grey italic row above each table is an example of the format and is not used.
B7: 3. Open the 'Results' sheet. Everything there is calculated. Yellow cells on that sheet are settings you may change.
B9: What the colours mean
B10: Yellow cell, blue text: you type here.
B11: Grey cell: a formula. Sheets are protected without a password so formulas are not overwritten by accident (Review > Unprotect Sheet).
B13: Assumptions and sources
B14: Reference: Hamburger V, Hamilton HL (1951) J Morphol 88:49-92; hours and somite counts as tabulated by UNSW Embryology (eggs at 37.5 C). Timings are ranges; embryos of the same age differ.
B15: Use embryos of 24 to 72 hours only. Approval for avian embryos is assumed to have been granted.
... B22: Compiled by Emmanuel G. Lozano, Department of Biology, College of Arts and Sciences, Pampanga State University. Original material is licensed CC BY-NC 4.0: credit required, non-commercial use only.

Sheet Enter data
A1: Enter your data
A2: Type only in yellow cells. Leave unused rows empty.
A4: 1. Embryos
A5: Egg | B5: Hours incubated | C5: Somite pairs (observer A) | D5: HH stage (observer A) | E5: HH stage (observer B) | F5: Expected stage from the hours | G5: Stage minus expected (A) | H5: A minus B
A6: e1 | B6: 48 | C6: 19 | D6: 12 | E6: 12
F7: =IF(ISNUMBER(B7),IF(B7<=INDEX(Results!$C$6:$C$12,1),INDEX(Results!$B$6:$B$12,1),IF(B7>=INDEX(Results!$C$6:$C$12,7),INDEX(Results!$B$6:$B$12,7),INDEX(Results!$B$6:$B$12,MATCH(B7,Results!$C$6:$C$12,1))+(B7-INDEX(Results!$C$6:$C$12,MATCH(B7,Results!$C$6:$C$12,1)))*(INDEX(Results!$B$6:$B$12,MATCH(B7,Results!$C$6:$C$12,1)+1)-INDEX(Results!$B$6:$B$12,MATCH(B7,Results!$C$6:$C$12,1)))/(INDEX(Results!$C$6:$C$12,MATCH(B7,Results!$C$6:$C$12,1)+1)-INDEX(Results!$C$6:$C$12,MATCH(B7,Results!$C$6:$C$12,1))))),"") | G7: =IF(AND(ISNUMBER(F7),ISNUMBER(D7)),D7-F7,"") | H7: =IF(AND(ISNUMBER(D7),ISNUMBER(E7)),D7-E7,"")
F8: =IF(ISNUMBER(B8),IF(B8<=INDEX(Results!$C$6:$C$12,1),INDEX(Results!$B$6:$B$12,1),IF(B8>=INDEX(Results!$C$6:$C$12,7),INDEX(Results!$B$6:$B$12,7),INDEX(Results!$B$6:$B$12,MATCH(B8,Results!$C$6:$C$12,1))+(B8-INDEX(Results!$C$6:$C$12,MATCH(B8,Results!$C$6:$C$12,1)))*(INDEX(Results!$B$6:$B$12,MATCH(B8,Results!$C$6:$C$12,1)+1)-INDEX(Results!$B$6:$B$12,MATCH(B8,Results!$C$6:$C$12,1)))/(INDEX(Results!$C$6:$C$12,MATCH(B8,Results!$C$6:$C$12,1)+1)-INDEX(Results!$C$6:$C$12,MATCH(B8,Results!$C$6:$C$12,1))))),"") | G8: =IF(AND(ISNUMBER(F8),ISNUMBER(D8)),D8-F8,"") | H8: =IF(AND(ISNUMBER(D8),ISNUMBER(E8)),D8-E8,"")
F9: =IF(ISNUMBER(B9),IF(B9<=INDEX(Results!$C$6:$C$12,1),INDEX(Results!$B$6:$B$12,1),IF(B9>=INDEX(Results!$C$6:$C$12,7),INDEX(Results!$B$6:$B$12,7),INDEX(Results!$B$6:$B$12,MATCH(B9,Results!$C$6:$C$12,1))+(B9-INDEX(Results!$C$6:$C$12,MATCH(B9,Results!$C$6:$C$12,1)))*(INDEX(Results!$B$6:$B$12,MATCH(B9,Results!$C$6:$C$12,1)+1)-INDEX(Results!$B$6:$B$12,MATCH(B9,Results!$C$6:$C$12,1)))/(INDEX(Results!$C$6:$C$12,MATCH(B9,Results!$C$6:$C$12,1)+1)-INDEX(Results!$C$6:$C$12,MATCH(B9,Results!$C$6:$C$12,1))))),"") | G9: =IF(AND(ISNUMBER(F9),ISNUMBER(D9)),D9-F9,"") | H9: =IF(AND(ISNUMBER(D9),ISNUMBER(E9)),D9-E9,"")
F10: =IF(ISNUMBER(B10),IF(B10<=INDEX(Results!$C$6:$C$12,1),INDEX(Results!$B$6:$B$12,1),IF(B10>=INDEX(Results!$C$6:$C$12,7),INDEX(Results!$B$6:$B$12,7),INDEX(Results!$B$6:$B$12,MATCH(B10,Results!$C$6:$C$12,1))+(B10-INDEX(Results!$C$6:$C$12,MATCH(B10,Results!$C$6:$C$12,1)))*(INDEX(Results!$B$6:$B$12,MATCH(B10,Results!$C$6:$C$12,1)+1)-INDEX(Results!$B$6:$B$12,MATCH(B10,Results!$C$6:$C$12,1)))/(INDEX(Results!$C$6:$C$12,MATCH(B10,Results!$C$6:$C$12,1)+1)-INDEX(Results!$C$6:$C$12,MATCH(B10,Results!$C$6:$C$12,1))))),"") | G10: =IF(AND(ISNUMBER(F10),ISNUMBER(D10)),D10-F10,"") | H10: =IF(AND(ISNUMBER(D10),ISNUMBER(E10)),D10-E10,"")
F11: =IF(ISNUMBER(B11),IF(B11<=INDEX(Results!$C$6:$C$12,1),INDEX(Results!$B$6:$B$12,1),IF(B11>=INDEX(Results!$C$6:$C$12,7),INDEX(Results!$B$6:$B$12,7),INDEX(Results!$B$6:$B$12,MATCH(B11,Results!$C$6:$C$12,1))+(B11-INDEX(Results!$C$6:$C$12,MATCH(B11,Results!$C$6:$C$12,1)))*(INDEX(Results!$B$6:$B$12,MATCH(B11,Results!$C$6:$C$12,1)+1)-INDEX(Results!$B$6:$B$12,MATCH(B11,Results!$C$6:$C$12,1)))/(INDEX(Results!$C$6:$C$12,MATCH(B11,Results!$C$6:$C$12,1)+1)-INDEX(Results!$C$6:$C$12,MATCH(B11,Results!$C$6:$C$12,1))))),"") | G11: =IF(AND(ISNUMBER(F11),ISNUMBER(D11)),D11-F11,"") | H11: =IF(AND(ISNUMBER(D11),ISNUMBER(E11)),D11-E11,"")
F12: =IF(ISNUMBER(B12),IF(B12<=INDEX(Results!$C$6:$C$12,1),INDEX(Results!$B$6:$B$12,1),IF(B12>=INDEX(Results!$C$6:$C$12,7),INDEX(Results!$B$6:$B$12,7),INDEX(Results!$B$6:$B$12,MATCH(B12,Results!$C$6:$C$12,1))+(B12-INDEX(Results!$C$6:$C$12,MATCH(B12,Results!$C$6:$C$12,1)))*(INDEX(Results!$B$6:$B$12,MATCH(B12,Results!$C$6:$C$12,1)+1)-INDEX(Results!$B$6:$B$12,MATCH(B12,Results!$C$6:$C$12,1)))/(INDEX(Results!$C$6:$C$12,MATCH(B12,Results!$C$6:$C$12,1)+1)-INDEX(Results!$C$6:$C$12,MATCH(B12,Results!$C$6:$C$12,1))))),"") | G12: =IF(AND(ISNUMBER(F12),ISNUMBER(D12)),D12-F12,"") | H12: =IF(AND(ISNUMBER(D12),ISNUMBER(E12)),D12-E12,"")
F13: =IF(ISNUMBER(B13),IF(B13<=INDEX(Results!$C$6:$C$12,1),INDEX(Results!$B$6:$B$12,1),IF(B13>=INDEX(Results!$C$6:$C$12,7),INDEX(Results!$B$6:$B$12,7),INDEX(Results!$B$6:$B$12,MATCH(B13,Results!$C$6:$C$12,1))+(B13-INDEX(Results!$C$6:$C$12,MATCH(B13,Results!$C$6:$C$12,1)))*(INDEX(Results!$B$6:$B$12,MATCH(B13,Results!$C$6:$C$12,1)+1)-INDEX(Results!$B$6:$B$12,MATCH(B13,Results!$C$6:$C$12,1)))/(INDEX(Results!$C$6:$C$12,MATCH(B13,Results!$C$6:$C$12,1)+1)-INDEX(Results!$C$6:$C$12,MATCH(B13,Results!$C$6:$C$12,1))))),"") | G13: =IF(AND(ISNUMBER(F13),ISNUMBER(D13)),D13-F13,"") | H13: =IF(AND(ISNUMBER(D13),ISNUMBER(E13)),D13-E13,"")
F14: =IF(ISNUMBER(B14),IF(B14<=INDEX(Results!$C$6:$C$12,1),INDEX(Results!$B$6:$B$12,1),IF(B14>=INDEX(Results!$C$6:$C$12,7),INDEX(Results!$B$6:$B$12,7),INDEX(Results!$B$6:$B$12,MATCH(B14,Results!$C$6:$C$12,1))+(B14-INDEX(Results!$C$6:$C$12,MATCH(B14,Results!$C$6:$C$12,1)))*(INDEX(Results!$B$6:$B$12,MATCH(B14,Results!$C$6:$C$12,1)+1)-INDEX(Results!$B$6:$B$12,MATCH(B14,Results!$C$6:$C$12,1)))/(INDEX(Results!$C$6:$C$12,MATCH(B14,Results!$C$6:$C$12,1)+1)-INDEX(Results!$C$6:$C$12,MATCH(B14,Results!$C$6:$C$12,1))))),"") | G14: =IF(AND(ISNUMBER(F14),ISNUMBER(D14)),D14-F14,"") | H14: =IF(AND(ISNUMBER(D14),ISNUMBER(E14)),D14-E14,"")
F15: =IF(ISNUMBER(B15),IF(B15<=INDEX(Results!$C$6:$C$12,1),INDEX(Results!$B$6:$B$12,1),IF(B15>=INDEX(Results!$C$6:$C$12,7),INDEX(Results!$B$6:$B$12,7),INDEX(Results!$B$6:$B$12,MATCH(B15,Results!$C$6:$C$12,1))+(B15-INDEX(Results!$C$6:$C$12,MATCH(B15,Results!$C$6:$C$12,1)))*(INDEX(Results!$B$6:$B$12,MATCH(B15,Results!$C$6:$C$12,1)+1)-INDEX(Results!$B$6:$B$12,MATCH(B15,Results!$C$6:$C$12,1)))/(INDEX(Results!$C$6:$C$12,MATCH(B15,Results!$C$6:$C$12,1)+1)-INDEX(Results!$C$6:$C$12,MATCH(B15,Results!$C$6:$C$12,1))))),"") | G15: =IF(AND(ISNUMBER(F15),ISNUMBER(D15)),D15-F15,"") | H15: =IF(AND(ISNUMBER(D15),ISNUMBER(E15)),D15-E15,"")
F16: =IF(ISNUMBER(B16),IF(B16<=INDEX(Results!$C$6:$C$12,1),INDEX(Results!$B$6:$B$12,1),IF(B16>=INDEX(Results!$C$6:$C$12,7),INDEX(Results!$B$6:$B$12,7),INDEX(Results!$B$6:$B$12,MATCH(B16,Results!$C$6:$C$12,1))+(B16-INDEX(Results!$C$6:$C$12,MATCH(B16,Results!$C$6:$C$12,1)))*(INDEX(Results!$B$6:$B$12,MATCH(B16,Results!$C$6:$C$12,1)+1)-INDEX(Results!$B$6:$B$12,MATCH(B16,Results!$C$6:$C$12,1)))/(INDEX(Results!$C$6:$C$12,MATCH(B16,Results!$C$6:$C$12,1)+1)-INDEX(Results!$C$6:$C$12,MATCH(B16,Results!$C$6:$C$12,1))))),"") | G16: =IF(AND(ISNUMBER(F16),ISNUMBER(D16)),D16-F16,"") | H16: =IF(AND(ISNUMBER(D16),ISNUMBER(E16)),D16-E16,"")
F17: =IF(ISNUMBER(B17),IF(B17<=INDEX(Results!$C$6:$C$12,1),INDEX(Results!$B$6:$B$12,1),IF(B17>=INDEX(Results!$C$6:$C$12,7),INDEX(Results!$B$6:$B$12,7),INDEX(Results!$B$6:$B$12,MATCH(B17,Results!$C$6:$C$12,1))+(B17-INDEX(Results!$C$6:$C$12,MATCH(B17,Results!$C$6:$C$12,1)))*(INDEX(Results!$B$6:$B$12,MATCH(B17,Results!$C$6:$C$12,1)+1)-INDEX(Results!$B$6:$B$12,MATCH(B17,Results!$C$6:$C$12,1)))/(INDEX(Results!$C$6:$C$12,MATCH(B17,Results!$C$6:$C$12,1)+1)-INDEX(Results!$C$6:$C$12,MATCH(B17,Results!$C$6:$C$12,1))))),"") | G17: =IF(AND(ISNUMBER(F17),ISNUMBER(D17)),D17-F17,"") | H17: =IF(AND(ISNUMBER(D17),ISNUMBER(E17)),D17-E17,"")
F18: =IF(ISNUMBER(B18),IF(B18<=INDEX(Results!$C$6:$C$12,1),INDEX(Results!$B$6:$B$12,1),IF(B18>=INDEX(Results!$C$6:$C$12,7),INDEX(Results!$B$6:$B$12,7),INDEX(Results!$B$6:$B$12,MATCH(B18,Results!$C$6:$C$12,1))+(B18-INDEX(Results!$C$6:$C$12,MATCH(B18,Results!$C$6:$C$12,1)))*(INDEX(Results!$B$6:$B$12,MATCH(B18,Results!$C$6:$C$12,1)+1)-INDEX(Results!$B$6:$B$12,MATCH(B18,Results!$C$6:$C$12,1)))/(INDEX(Results!$C$6:$C$12,MATCH(B18,Results!$C$6:$C$12,1)+1)-INDEX(Results!$C$6:$C$12,MATCH(B18,Results!$C$6:$C$12,1))))),"") | G18: =IF(AND(ISNUMBER(F18),ISNUMBER(D18)),D18-F18,"") | H18: =IF(AND(ISNUMBER(D18),ISNUMBER(E18)),D18-E18,"")
... F36: =IF(ISNUMBER(B36),IF(B36<=INDEX(Results!$C$6:$C$12,1),INDEX(Results!$B$6:$B$12,1),IF(B36>=INDEX(Results!$C$6:$C$12,7),INDEX(Results!$B$6:$B$12,7),INDEX(Results!$B$6:$B$12,MATCH(B36,Results!$C$6:$C$12,1))+(B36-INDEX(Results!$C$6:$C$12,MATCH(B36,Results!$C$6:$C$12,1)))*(INDEX(Results!$B$6:$B$12,MATCH(B36,Results!$C$6:$C$12,1)+1)-INDEX(Results!$B$6:$B$12,MATCH(B36,Results!$C$6:$C$12,1)))/(INDEX(Results!$C$6:$C$12,MATCH(B36,Results!$C$6:$C$12,1)+1)-INDEX(Results!$C$6:$C$12,MATCH(B36,Results!$C$6:$C$12,1))))),"") | G36: =IF(AND(ISNUMBER(F36),ISNUMBER(D36)),D36-F36,"") | H36: =IF(AND(ISNUMBER(D36),ISNUMBER(E36)),D36-E36,"")

Sheet Results
B1: Results
B2: Everything on this sheet is calculated. Change only the yellow settings.
B4: Reference table (Hamburger and Hamilton 1951; midpoints of the published hour ranges)
B5: HH stage | C5: Hours (midpoint) | D5: Somite pairs
B6: 4 | C6: 18.5 | D6: 0
B7: 8 | C7: 27.5 | D7: 4
B8: 10 | C8: 35.5 | D8: 10
B9: 12 | C9: 47 | D9: 16
B10: 14 | C10: 51.5 | D10: 22
B11: 16 | C11: 53.5 | D11: 27
B12: 18 | C12: 72 | D12: 33
B15: Somite pairs against hours of incubation
B16: Points used | C16: =IFERROR(SUMPRODUCT(--ISNUMBER('Enter data'!$B$7:$B$36),--ISNUMBER('Enter data'!$C$7:$C$36)),"") -> 0
B17: Slope (somite pairs per hour) | C17: =IFERROR(SLOPE('Enter data'!$C$7:$C$36,'Enter data'!$B$7:$B$36),"")
B18: Intercept (somite pairs per hour) | C18: =IFERROR(INTERCEPT('Enter data'!$C$7:$C$36,'Enter data'!$B$7:$B$36),"")
B19: R squared | C19: =IFERROR(RSQ('Enter data'!$C$7:$C$36,'Enter data'!$B$7:$B$36),"")
B20: Residual standard deviation | C20: =IFERROR(STEYX('Enter data'!$C$7:$C$36,'Enter data'!$B$7:$B$36),"")
B21: Standard error of the slope | C21: =IFERROR($C$20/SQRT(DEVSQ('Enter data'!$B$7:$B$36)),"")
B22: 95% interval for the slope, lower | C22: =IFERROR($C$17-TINV(0.05,$C$16-2)*$C$21,"")
B23: 95% interval for the slope, upper | C23: =IFERROR($C$17+TINV(0.05,$C$16-2)*$C$21,"")
B24: Hours per somite pair | C24: =IFERROR(1/$C$17,"")
B26: Stage assigned versus expected from the hours
B27: Mean difference (assigned minus expected) | C27: =IFERROR(AVERAGE('Enter data'!$G$7:$G$36),"")
B28: Standard deviation | C28: =IFERROR(STDEV('Enter data'!$G$7:$G$36),"")
B30: Agreement between observers
B31: Embryos staged by both | C31: =IFERROR(COUNT('Enter data'!$H$7:$H$36),"") -> 0
B32: Exact agreement (%) | C32: =IFERROR(100*COUNTIF('Enter data'!$H$7:$H$36,0)/$C$31,"")
B33: Within two stage numbers (%) | C33: =IFERROR(100*(COUNTIF('Enter data'!$H$7:$H$36,"<=2")-COUNTIF('Enter data'!$H$7:$H$36,"<-2"))/$C$31,"")
