Workbook

Sheet Start here
B1: DEV-02 Root gravitropism: kinetics of bending
B2: Excel version of the card. It does the same calculations as the R script dev02_gravitropism.R.
B4: How to use this workbook
B5: 1. Go to the 'Enter data' sheet. Type only in the yellow cells with blue text. Grey cells are calculated for you.
B6: 2. Fill the blocks that apply. Leave rows you did not use empty. The grey italic row above each table is an example of the format and is not used.
B7: 3. Open the 'Results' sheet. Everything there is calculated. Yellow cells on that sheet are settings you may change.
B9: What the colours mean
B10: Yellow cell, blue text: you type here.
B11: Grey cell: a formula. Sheets are protected without a password so formulas are not overwritten by accident (Review > Unprotect Sheet).
B13: Assumptions and sources
B14: Enter the angle of the root tip from its original direction (0 = no bending) at each time. Type the hours in the yellow header cells of each block. The seedling is the unit of replication.
B16: Differences from the R script on the card
... B21: Compiled by Emmanuel G. Lozano, Department of Biology, College of Arts and Sciences, Pampanga State University. Original material is licensed CC BY-NC 4.0: credit required, non-commercial use only.

Sheet Enter data
A1: Enter your data
A2: Type only in yellow cells. Leave unused rows empty.
A4: 1. Treatment names
A5: Treatment 1 | B5: Treatment 2
A9: 2. Angles (degrees) for treatment 1: type the hours in the yellow header cells
A10: Seedling | B10: 1 | C10: 2 | D10: 3 | E10: 4 | F10: 6 | G10: 8 | H10: 12 | I10: 24
A11: s1 | B11: 5 | C11: 20 | D11: 45 | E11: 70 | F11: 80 | G11: 84 | H11: 86 | I11: 86
A26: 3. Angles (degrees) for treatment 2: type the hours in the yellow header cells
A27: Seedling | B27: 1 | C27: 2 | D27: 3 | E27: 4 | F27: 6 | G27: 8 | H27: 12 | I27: 24
A28: s1 | B28: 5 | C28: 20 | D28: 45 | E28: 70 | F28: 80 | G28: 84 | H28: 86 | I28: 86

Sheet Results
B1: Results
B2: Everything on this sheet is calculated. Change only the yellow settings.
B4: Mean angle by time (degrees)
B5: Hours | C5: Mean, treatment 1 | D5: SD | E5: Mean, treatment 2 | F5: SD
B6: =IFERROR('Enter data'!$B$10,"") -> 1 | C6: =IFERROR(AVERAGE('Enter data'!$B$12:$B$23),"") | D6: =IFERROR(STDEV('Enter data'!$B$12:$B$23),"") | E6: =IFERROR(AVERAGE('Enter data'!$B$29:$B$40),"") | F6: =IFERROR(STDEV('Enter data'!$B$29:$B$40),"")
B7: =IFERROR('Enter data'!$C$10,"") -> 2 | C7: =IFERROR(AVERAGE('Enter data'!$C$12:$C$23),"") | D7: =IFERROR(STDEV('Enter data'!$C$12:$C$23),"") | E7: =IFERROR(AVERAGE('Enter data'!$C$29:$C$40),"") | F7: =IFERROR(STDEV('Enter data'!$C$29:$C$40),"")
B8: =IFERROR('Enter data'!$D$10,"") -> 3 | C8: =IFERROR(AVERAGE('Enter data'!$D$12:$D$23),"") | D8: =IFERROR(STDEV('Enter data'!$D$12:$D$23),"") | E8: =IFERROR(AVERAGE('Enter data'!$D$29:$D$40),"") | F8: =IFERROR(STDEV('Enter data'!$D$29:$D$40),"")
B9: =IFERROR('Enter data'!$E$10,"") -> 4 | C9: =IFERROR(AVERAGE('Enter data'!$E$12:$E$23),"") | D9: =IFERROR(STDEV('Enter data'!$E$12:$E$23),"") | E9: =IFERROR(AVERAGE('Enter data'!$E$29:$E$40),"") | F9: =IFERROR(STDEV('Enter data'!$E$29:$E$40),"")
B10: =IFERROR('Enter data'!$F$10,"") -> 6 | C10: =IFERROR(AVERAGE('Enter data'!$F$12:$F$23),"") | D10: =IFERROR(STDEV('Enter data'!$F$12:$F$23),"") | E10: =IFERROR(AVERAGE('Enter data'!$F$29:$F$40),"") | F10: =IFERROR(STDEV('Enter data'!$F$29:$F$40),"")
B11: =IFERROR('Enter data'!$G$10,"") -> 8 | C11: =IFERROR(AVERAGE('Enter data'!$G$12:$G$23),"") | D11: =IFERROR(STDEV('Enter data'!$G$12:$G$23),"") | E11: =IFERROR(AVERAGE('Enter data'!$G$29:$G$40),"") | F11: =IFERROR(STDEV('Enter data'!$G$29:$G$40),"")
B12: =IFERROR('Enter data'!$H$10,"") -> 12 | C12: =IFERROR(AVERAGE('Enter data'!$H$12:$H$23),"") | D12: =IFERROR(STDEV('Enter data'!$H$12:$H$23),"") | E12: =IFERROR(AVERAGE('Enter data'!$H$29:$H$40),"") | F12: =IFERROR(STDEV('Enter data'!$H$29:$H$40),"")
B13: =IFERROR('Enter data'!$I$10,"") -> 24 | C13: =IFERROR(AVERAGE('Enter data'!$I$12:$I$23),"") | D13: =IFERROR(STDEV('Enter data'!$I$12:$I$23),"") | E13: =IFERROR(AVERAGE('Enter data'!$I$29:$I$40),"") | F13: =IFERROR(STDEV('Enter data'!$I$29:$I$40),"")
B16: Time to reach 45 degrees on the mean curve (hours, linear interpolation)
B17: Treatment 1 | C17: =IFERROR(INDEX($B$6:$B$13,MATCH(45,$C$6:$C$13,1))+(45-INDEX($C$6:$C$13,MATCH(45,$C$6:$C$13,1)))*(INDEX($B$6:$B$13,MATCH(45,$C$6:$C$13,1)+1)-INDEX($B$6:$B$13,MATCH(45,$C$6:$C$13,1)))/(INDEX($C$6:$C$13,MATCH(45,$C$6:$C$13,1)+1)-INDEX($C$6:$C$13,MATCH(45,$C$6:$C$13,1))),"")
B18: Treatment 2 | C18: =IFERROR(INDEX($B$6:$B$13,MATCH(45,$E$6:$E$13,1))+(45-INDEX($E$6:$E$13,MATCH(45,$E$6:$E$13,1)))*(INDEX($B$6:$B$13,MATCH(45,$E$6:$E$13,1)+1)-INDEX($B$6:$B$13,MATCH(45,$E$6:$E$13,1)))/(INDEX($E$6:$E$13,MATCH(45,$E$6:$E$13,1)+1)-INDEX($E$6:$E$13,MATCH(45,$E$6:$E$13,1))),"")
B20: Final angle (last time)
B21: Group | C21: n | D21: Mean | E21: SD | F21: SE | G21: Min | H21: Max
B22: =IFERROR('Enter data'!$A$6,"") -> 0 | C22: =IFERROR(COUNT('Enter data'!$I$12:$I$23),"") -> 0 | D22: =IFERROR(AVERAGE('Enter data'!$I$12:$I$23),"") | E22: =IFERROR(STDEV('Enter data'!$I$12:$I$23),"") | F22: =IFERROR(STDEV('Enter data'!$I$12:$I$23)/SQRT(COUNT('Enter data'!$I$12:$I$23)),"") | G22: =IFERROR(MIN('Enter data'!$I$12:$I$23),"") -> 0 | H22: =IFERROR(MAX('Enter data'!$I$12:$I$23),"") -> 0
B23: =IFERROR('Enter data'!$B$6,"") -> 0 | C23: =IFERROR(COUNT('Enter data'!$I$29:$I$40),"") -> 0 | D23: =IFERROR(AVERAGE('Enter data'!$I$29:$I$40),"") | E23: =IFERROR(STDEV('Enter data'!$I$29:$I$40),"") | F23: =IFERROR(STDEV('Enter data'!$I$29:$I$40)/SQRT(COUNT('Enter data'!$I$29:$I$40)),"") | G23: =IFERROR(MIN('Enter data'!$I$29:$I$40),"") -> 0 | H23: =IFERROR(MAX('Enter data'!$I$29:$I$40),"") -> 0
B26: Comparison of the two groups (Welch t test)
B27: Difference in means (group 1 minus group 2) | C27: =IFERROR($D$22-$D$23,"")
B28: Standard error of the difference | C28: =IFERROR(SQRT($F$22^2+$F$23^2),"")
B29: Degrees of freedom (Welch) | C29: =IFERROR((($E$22^2/$C$22+$E$23^2/$C$23)^2/(($E$22^2/$C$22)^2/($C$22-1)+($E$23^2/$C$23)^2/($C$23-1))),"")
B30: p value (two-sided) | C30: =IFERROR(TTEST('Enter data'!$I$12:$I$23,'Enter data'!$I$29:$I$40,2,3),"")
B31: 95% interval for the difference, lower | C31: =IFERROR($C$27-TINV(0.05,$C$29)*$C$28,"")
B32: 95% interval for the difference, upper | C32: =IFERROR($C$27+TINV(0.05,$C$29)*$C$28,"")
