Workbook

Sheet Start here
B1: ECO-03 Leaf-litter decomposition rate
B2: Excel version of the card. It does the same calculations as the R script eco03_litter_decay.R.
B4: How to use this workbook
B5: 1. Go to the 'Enter data' sheet. Type only in the yellow cells with blue text. Grey cells are calculated for you.
B6: 2. Fill the blocks that apply. Leave rows you did not use empty. The grey italic row above each table is an example of the format and is not used.
B7: 3. Open the 'Results' sheet. Everything there is calculated. Yellow cells on that sheet are settings you may change.
B9: What the colours mean
B10: Yellow cell, blue text: you type here.
B11: Grey cell: a formula. Sheets are protected without a password so formulas are not overwritten by accident (Review > Unprotect Sheet).
B13: Assumptions and sources
B14: Mass remaining follows M(t) = M0 exp(-k t). k is the slope of -ln(proportion remaining) against time forced through zero (per week, using the weeks you enter). Half-life = ln 2 / k.
B15: Enter the starting DRY mass (air-dry mass times the dry-to-air-dry ratio from an oven-dried subsample) and the final dry mass after oven drying to constant mass.
... B22: Compiled by Emmanuel G. Lozano, Department of Biology, College of Arts and Sciences, Pampanga State University. Original material is licensed CC BY-NC 4.0: credit required, non-commercial use only.

Sheet Enter data
A1: Enter your data
A2: Type only in yellow cells. Leave unused rows empty.
A4: 1. Litter type names
A5: Type 1 | B5: Type 2 | C5: Type 3
A6: species_1 | B6: species_2
A9: 2. Bags (one row per recovered bag)
A10: Litter type | B10: Weeks in the field | C10: Starting dry mass (g) | D10: Final dry mass (g) | E10: Used (1 or 0) | F10: Proportion remaining | G10: ln(proportion) | H10: weeks x ln | I10: weeks squared | J10: ln squared
A11: species_1 | B11: 4 | C11: 10 | D11: 6.7
A12: species_1 | B12: 2 | C12: 10.8 | D12: 9.3 | E12: =IF(AND(ISNUMBER(B12),ISNUMBER(C12),ISNUMBER(D12),C12>0,D12>0),1,0) -> 1 | F12: =IF(E12=1,D12/C12,0) -> 0.86111111 | G12: =IF(E12=1,LN(F12),0) -> -0.14953173 | H12: =IF(E12=1,B12*G12,0) -> -0.29906347 | I12: =IF(E12=1,B12^2,0) -> 4 | J12: =IF(E12=1,G12^2,0) -> 0.022359739
A13: species_1 | B13: 2 | C13: 10.2 | D13: 8.3 | E13: =IF(AND(ISNUMBER(B13),ISNUMBER(C13),ISNUMBER(D13),C13>0,D13>0),1,0) -> 1 | F13: =IF(E13=1,D13/C13,0) -> 0.81372549 | G13: =IF(E13=1,LN(F13),0) -> -0.20613221 | H13: =IF(E13=1,B13*G13,0) -> -0.41226441 | I13: =IF(E13=1,B13^2,0) -> 4 | J13: =IF(E13=1,G13^2,0) -> 0.042490486
A14: species_1 | B14: 2 | C14: 9.8 | D14: 7.9 | E14: =IF(AND(ISNUMBER(B14),ISNUMBER(C14),ISNUMBER(D14),C14>0,D14>0),1,0) -> 1 | F14: =IF(E14=1,D14/C14,0) -> 0.80612245 | G14: =IF(E14=1,LN(F14),0) -> -0.21551963 | H14: =IF(E14=1,B14*G14,0) -> -0.43103925 | I14: =IF(E14=1,B14^2,0) -> 4 | J14: =IF(E14=1,G14^2,0) -> 0.046448709
A15: species_1 | B15: 2 | C15: 9.2 | D15: 7.4 | E15: =IF(AND(ISNUMBER(B15),ISNUMBER(C15),ISNUMBER(D15),C15>0,D15>0),1,0) -> 1 | F15: =IF(E15=1,D15/C15,0) -> 0.80434783 | G15: =IF(E15=1,LN(F15),0) -> -0.21772348 | H15: =IF(E15=1,B15*G15,0) -> -0.43544697 | I15: =IF(E15=1,B15^2,0) -> 4 | J15: =IF(E15=1,G15^2,0) -> 0.047403515
A16: species_1 | B16: 4 | C16: 9.7 | D16: 5.2 | E16: =IF(AND(ISNUMBER(B16),ISNUMBER(C16),ISNUMBER(D16),C16>0,D16>0),1,0) -> 1 | F16: =IF(E16=1,D16/C16,0) -> 0.53608247 | G16: =IF(E16=1,LN(F16),0) -> -0.62346726 | H16: =IF(E16=1,B16*G16,0) -> -2.493869 | I16: =IF(E16=1,B16^2,0) -> 16 | J16: =IF(E16=1,G16^2,0) -> 0.38871142
A17: species_1 | B17: 4 | C17: 10.1 | D17: 6.6 | E17: =IF(AND(ISNUMBER(B17),ISNUMBER(C17),ISNUMBER(D17),C17>0,D17>0),1,0) -> 1 | F17: =IF(E17=1,D17/C17,0) -> 0.65346535 | G17: =IF(E17=1,LN(F17),0) -> -0.42546577 | H17: =IF(E17=1,B17*G17,0) -> -1.7018631 | I17: =IF(E17=1,B17^2,0) -> 16 | J17: =IF(E17=1,G17^2,0) -> 0.18102113
A18: species_1 | B18: 4 | C18: 9.9 | D18: 6.6 | E18: =IF(AND(ISNUMBER(B18),ISNUMBER(C18),ISNUMBER(D18),C18>0,D18>0),1,0) -> 1 | F18: =IF(E18=1,D18/C18,0) -> 0.66666667 | G18: =IF(E18=1,LN(F18),0) -> -0.40546511 | H18: =IF(E18=1,B18*G18,0) -> -1.6218604 | I18: =IF(E18=1,B18^2,0) -> 16 | J18: =IF(E18=1,G18^2,0) -> 0.16440195
A19: species_1 | B19: 4 | C19: 9.6 | D19: 6.3 | E19: =IF(AND(ISNUMBER(B19),ISNUMBER(C19),ISNUMBER(D19),C19>0,D19>0),1,0) -> 1 | F19: =IF(E19=1,D19/C19,0) -> 0.65625 | G19: =IF(E19=1,LN(F19),0) -> -0.42121347 | H19: =IF(E19=1,B19*G19,0) -> -1.6848539 | I19: =IF(E19=1,B19^2,0) -> 16 | J19: =IF(E19=1,G19^2,0) -> 0.17742078
A20: species_1 | B20: 6 | C20: 10.2 | D20: 5.4 | E20: =IF(AND(ISNUMBER(B20),ISNUMBER(C20),ISNUMBER(D20),C20>0,D20>0),1,0) -> 1 | F20: =IF(E20=1,D20/C20,0) -> 0.52941176 | G20: =IF(E20=1,LN(F20),0) -> -0.63598877 | H20: =IF(E20=1,B20*G20,0) -> -3.8159326 | I20: =IF(E20=1,B20^2,0) -> 36 | J20: =IF(E20=1,G20^2,0) -> 0.40448171
A21: species_1 | B21: 6 | C21: 10.4 | D21: 5.5 | E21: =IF(AND(ISNUMBER(B21),ISNUMBER(C21),ISNUMBER(D21),C21>0,D21>0),1,0) -> 1 | F21: =IF(E21=1,D21/C21,0) -> 0.52884615 | G21: =IF(E21=1,LN(F21),0) -> -0.63705771 | H21: =IF(E21=1,B21*G21,0) -> -3.8223463 | I21: =IF(E21=1,B21^2,0) -> 36 | J21: =IF(E21=1,G21^2,0) -> 0.40584253
A22: species_1 | B22: 6 | C22: 10 | D22: 4.6 | E22: =IF(AND(ISNUMBER(B22),ISNUMBER(C22),ISNUMBER(D22),C22>0,D22>0),1,0) -> 1 | F22: =IF(E22=1,D22/C22,0) -> 0.46 | G22: =IF(E22=1,LN(F22),0) -> -0.77652879 | H22: =IF(E22=1,B22*G22,0) -> -4.6591727 | I22: =IF(E22=1,B22^2,0) -> 36 | J22: =IF(E22=1,G22^2,0) -> 0.60299696
A23: species_1 | B23: 6 | C23: 10.2 | D23: 5.5 | E23: =IF(AND(ISNUMBER(B23),ISNUMBER(C23),ISNUMBER(D23),C23>0,D23>0),1,0) -> 1 | F23: =IF(E23=1,D23/C23,0) -> 0.53921569 | G23: =IF(E23=1,LN(F23),0) -> -0.61763963 | H23: =IF(E23=1,B23*G23,0) -> -3.7058378 | I23: =IF(E23=1,B23^2,0) -> 36 | J23: =IF(E23=1,G23^2,0) -> 0.38147871
... A43: species_2 | B43: 8 | C43: 9.6 | D43: 6.8 | E43: =IF(AND(ISNUMBER(B43),ISNUMBER(C43),ISNUMBER(D43),C43>0,D43>0),1,0) -> 1 | F43: =IF(E43=1,D43/C43,0) -> 0.70833333 | G43: =IF(E43=1,LN(F43),0) -> -0.34484049 | H43: =IF(E43=1,B43*G43,0) -> -2.7587239 | I43: =IF(E43=1,B43^2,0) -> 64 | J43: =IF(E43=1,G43^2,0) -> 0.11891496
E44: =IF(AND(ISNUMBER(B44),ISNUMBER(C44),ISNUMBER(D44),C44>0,D44>0),1,0) -> 0 | F44: =IF(E44=1,D44/C44,0) -> 0 | G44: =IF(E44=1,LN(F44),0) -> 0 | H44: =IF(E44=1,B44*G44,0) -> 0 | I44: =IF(E44=1,B44^2,0) -> 0 | J44: =IF(E44=1,G44^2,0) -> 0
E45: =IF(AND(ISNUMBER(B45),ISNUMBER(C45),ISNUMBER(D45),C45>0,D45>0),1,0) -> 0 | F45: =IF(E45=1,D45/C45,0) -> 0 | G45: =IF(E45=1,LN(F45),0) -> 0 | H45: =IF(E45=1,B45*G45,0) -> 0 | I45: =IF(E45=1,B45^2,0) -> 0 | J45: =IF(E45=1,G45^2,0) -> 0
E46: =IF(AND(ISNUMBER(B46),ISNUMBER(C46),ISNUMBER(D46),C46>0,D46>0),1,0) -> 0 | F46: =IF(E46=1,D46/C46,0) -> 0 | G46: =IF(E46=1,LN(F46),0) -> 0 | H46: =IF(E46=1,B46*G46,0) -> 0 | I46: =IF(E46=1,B46^2,0) -> 0 | J46: =IF(E46=1,G46^2,0) -> 0
E47: =IF(AND(ISNUMBER(B47),ISNUMBER(C47),ISNUMBER(D47),C47>0,D47>0),1,0) -> 0 | F47: =IF(E47=1,D47/C47,0) -> 0 | G47: =IF(E47=1,LN(F47),0) -> 0 | H47: =IF(E47=1,B47*G47,0) -> 0 | I47: =IF(E47=1,B47^2,0) -> 0 | J47: =IF(E47=1,G47^2,0) -> 0
E48: =IF(AND(ISNUMBER(B48),ISNUMBER(C48),ISNUMBER(D48),C48>0,D48>0),1,0) -> 0 | F48: =IF(E48=1,D48/C48,0) -> 0 | G48: =IF(E48=1,LN(F48),0) -> 0 | H48: =IF(E48=1,B48*G48,0) -> 0 | I48: =IF(E48=1,B48^2,0) -> 0 | J48: =IF(E48=1,G48^2,0) -> 0
E49: =IF(AND(ISNUMBER(B49),ISNUMBER(C49),ISNUMBER(D49),C49>0,D49>0),1,0) -> 0 | F49: =IF(E49=1,D49/C49,0) -> 0 | G49: =IF(E49=1,LN(F49),0) -> 0 | H49: =IF(E49=1,B49*G49,0) -> 0 | I49: =IF(E49=1,B49^2,0) -> 0 | J49: =IF(E49=1,G49^2,0) -> 0
E50: =IF(AND(ISNUMBER(B50),ISNUMBER(C50),ISNUMBER(D50),C50>0,D50>0),1,0) -> 0 | F50: =IF(E50=1,D50/C50,0) -> 0 | G50: =IF(E50=1,LN(F50),0) -> 0 | H50: =IF(E50=1,B50*G50,0) -> 0 | I50: =IF(E50=1,B50^2,0) -> 0 | J50: =IF(E50=1,G50^2,0) -> 0
E51: =IF(AND(ISNUMBER(B51),ISNUMBER(C51),ISNUMBER(D51),C51>0,D51>0),1,0) -> 0 | F51: =IF(E51=1,D51/C51,0) -> 0 | G51: =IF(E51=1,LN(F51),0) -> 0 | H51: =IF(E51=1,B51*G51,0) -> 0 | I51: =IF(E51=1,B51^2,0) -> 0 | J51: =IF(E51=1,G51^2,0) -> 0
E52: =IF(AND(ISNUMBER(B52),ISNUMBER(C52),ISNUMBER(D52),C52>0,D52>0),1,0) -> 0 | F52: =IF(E52=1,D52/C52,0) -> 0 | G52: =IF(E52=1,LN(F52),0) -> 0 | H52: =IF(E52=1,B52*G52,0) -> 0 | I52: =IF(E52=1,B52^2,0) -> 0 | J52: =IF(E52=1,G52^2,0) -> 0
E53: =IF(AND(ISNUMBER(B53),ISNUMBER(C53),ISNUMBER(D53),C53>0,D53>0),1,0) -> 0 | F53: =IF(E53=1,D53/C53,0) -> 0 | G53: =IF(E53=1,LN(F53),0) -> 0 | H53: =IF(E53=1,B53*G53,0) -> 0 | I53: =IF(E53=1,B53^2,0) -> 0 | J53: =IF(E53=1,G53^2,0) -> 0
E54: =IF(AND(ISNUMBER(B54),ISNUMBER(C54),ISNUMBER(D54),C54>0,D54>0),1,0) -> 0 | F54: =IF(E54=1,D54/C54,0) -> 0 | G54: =IF(E54=1,LN(F54),0) -> 0 | H54: =IF(E54=1,B54*G54,0) -> 0 | I54: =IF(E54=1,B54^2,0) -> 0 | J54: =IF(E54=1,G54^2,0) -> 0
E55: =IF(AND(ISNUMBER(B55),ISNUMBER(C55),ISNUMBER(D55),C55>0,D55>0),1,0) -> 0 | F55: =IF(E55=1,D55/C55,0) -> 0 | G55: =IF(E55=1,LN(F55),0) -> 0 | H55: =IF(E55=1,B55*G55,0) -> 0 | I55: =IF(E55=1,B55^2,0) -> 0 | J55: =IF(E55=1,G55^2,0) -> 0
... E111: =IF(AND(ISNUMBER(B111),ISNUMBER(C111),ISNUMBER(D111),C111>0,D111>0),1,0) -> 0 | F111: =IF(E111=1,D111/C111,0) -> 0 | G111: =IF(E111=1,LN(F111),0) -> 0 | H111: =IF(E111=1,B111*G111,0) -> 0 | I111: =IF(E111=1,B111^2,0) -> 0 | J111: =IF(E111=1,G111^2,0) -> 0

Sheet Results
B1: Results
B2: Everything on this sheet is calculated. Change only the yellow settings.
B4: Decay constant by litter type
B5: Litter type | C5: Bags | D5: Mean proportion remaining | E5: k (per week) | F5: Half-life (weeks) | G5: Standard error of k | H5: 95% lower | I5: 95% upper
B6: =IFERROR(IF('Enter data'!$A$6="","",'Enter data'!$A$6),"") -> species_1 | C6: =IFERROR(SUMIFS('Enter data'!$E$12:$E$111,'Enter data'!$A$12:$A$111,'Enter data'!$A$6),"") -> 16 | D6: =IFERROR(IF(C6>0,AVERAGEIFS('Enter data'!$F$12:$F$111,'Enter data'!$A$12:$A$111,'Enter data'!$A$6,'Enter data'!$E$12:$E$111,1),""),"") -> 0.59224569 | E6: =IFERROR(-SUMIFS('Enter data'!$H$12:$H$111,'Enter data'!$A$12:$A$111,'Enter data'!$A$6)/SUMIFS('Enter data'!$I$12:$I$111,'Enter data'!$A$12:$A$111,'Enter data'!$A$6),"") -> 0.11259116 | F6: =IFERROR(LN(2)/E6,"") -> 6.1563195 | G6: =IFERROR(SQRT((SUMIFS('Enter data'!$J$12:$J$111,'Enter data'!$A$12:$A$111,'Enter data'!$A$6)-SUMIFS('Enter data'!$H$12:$H$111,'Enter data'!$A$12:$A$111,'Enter data'!$A$6)^2/SUMIFS('Enter data'!$I$12:$I$111,'Enter data'!$A$12:$A$111,'Enter data'!$A$6))/(C6-1)/SUMIFS('Enter data'!$I$12:$I$111,'Enter data'!$A$12:$A$111,'Enter data'!$A$6)),"") -> 0.003094058 | H6: =IFERROR(E6-TINV(0.05,C6-1)*G6,"") -> 0.10599634 | I6: =IFERROR(E6+TINV(0.05,C6-1)*G6,"") -> 0.11918599
B7: =IFERROR(IF('Enter data'!$B$6="","",'Enter data'!$B$6),"") -> species_2 | C7: =IFERROR(SUMIFS('Enter data'!$E$12:$E$111,'Enter data'!$A$12:$A$111,'Enter data'!$B$6),"") -> 16 | D7: =IFERROR(IF(C7>0,AVERAGEIFS('Enter data'!$F$12:$F$111,'Enter data'!$A$12:$A$111,'Enter data'!$B$6,'Enter data'!$E$12:$E$111,1),""),"") -> 0.8232598 | E7: =IFERROR(-SUMIFS('Enter data'!$H$12:$H$111,'Enter data'!$A$12:$A$111,'Enter data'!$B$6)/SUMIFS('Enter data'!$I$12:$I$111,'Enter data'!$A$12:$A$111,'Enter data'!$B$6),"") -> 0.039361117 | F7: =IFERROR(LN(2)/E7,"") -> 17.609947 | G7: =IFERROR(SQRT((SUMIFS('Enter data'!$J$12:$J$111,'Enter data'!$A$12:$A$111,'Enter data'!$B$6)-SUMIFS('Enter data'!$H$12:$H$111,'Enter data'!$A$12:$A$111,'Enter data'!$B$6)^2/SUMIFS('Enter data'!$I$12:$I$111,'Enter data'!$A$12:$A$111,'Enter data'!$B$6))/(C7-1)/SUMIFS('Enter data'!$I$12:$I$111,'Enter data'!$A$12:$A$111,'Enter data'!$B$6)),"") -> 0.0014368379 | H7: =IFERROR(E7-TINV(0.05,C7-1)*G7,"") -> 0.03629857 | I7: =IFERROR(E7+TINV(0.05,C7-1)*G7,"") -> 0.042423665
B8: =IFERROR(IF('Enter data'!$C$6="","",'Enter data'!$C$6),"") | C8: =IFERROR(SUMIFS('Enter data'!$E$12:$E$111,'Enter data'!$A$12:$A$111,'Enter data'!$C$6),"") -> 0 | D8: =IFERROR(IF(C8>0,AVERAGEIFS('Enter data'!$F$12:$F$111,'Enter data'!$A$12:$A$111,'Enter data'!$C$6,'Enter data'!$E$12:$E$111,1),""),"") | E8: =IFERROR(-SUMIFS('Enter data'!$H$12:$H$111,'Enter data'!$A$12:$A$111,'Enter data'!$C$6)/SUMIFS('Enter data'!$I$12:$I$111,'Enter data'!$A$12:$A$111,'Enter data'!$C$6),"") | F8: =IFERROR(LN(2)/E8,"") | G8: =IFERROR(SQRT((SUMIFS('Enter data'!$J$12:$J$111,'Enter data'!$A$12:$A$111,'Enter data'!$C$6)-SUMIFS('Enter data'!$H$12:$H$111,'Enter data'!$A$12:$A$111,'Enter data'!$C$6)^2/SUMIFS('Enter data'!$I$12:$I$111,'Enter data'!$A$12:$A$111,'Enter data'!$C$6))/(C8-1)/SUMIFS('Enter data'!$I$12:$I$111,'Enter data'!$A$12:$A$111,'Enter data'!$C$6)),"") | H8: =IFERROR(E8-TINV(0.05,C8-1)*G8,"") | I8: =IFERROR(E8+TINV(0.05,C8-1)*G8,"")
B11: Do types 1 and 2 decay at different rates? (z test)
B12: Difference in k (type 1 minus type 2) | C12: =IFERROR($E$6-$E$7,"") -> 0.073230047
B13: z | C13: =IFERROR($C$12/SQRT($G$6^2+$G$7^2),"") -> 21.46623
B14: p value (two-sided) | C14: =IFERROR(2*(1-NORMSDIST(ABS($C$13))),"") -> 0
B16: Worked check
B17: 10.0 g falling to 6.7 g in 4 weeks gives k = | C17: =IFERROR(-LN(6.7/10)/4,"") -> 0.10011939
B18: Half-life (weeks) | C18: =IFERROR(LN(2)/(-LN(6.7/10)/4),"") -> 6.9232061
