Workbook

Sheet Start here
B1: ECO-05 Comparing biodiversity from abundance records
B2: Excel version of the card. It does the same calculations as the R script eco05_biodiversity.R.
B4: How to use this workbook
B5: 1. Go to the 'Enter data' sheet. Type only in the yellow cells with blue text. Grey cells are calculated for you.
B6: 2. Fill the blocks that apply. Leave rows you did not use empty. The grey italic row above each table is an example of the format and is not used.
B7: 3. Open the 'Results' sheet. Everything there is calculated. Yellow cells on that sheet are settings you may change.
B9: What the colours mean
B10: Yellow cell, blue text: you type here.
B11: Grey cell: a formula. Sheets are protected without a password so formulas are not overwritten by accident (Review > Unprotect Sheet).
B13: Assumptions and sources
B14: One row per site; one column per species (type species names in the header cells). Enter the number of records of each species at each site.
B15: Shannon H = -sum(p ln p); Gini-Simpson = 1 - sum(p^2); Chao1 = S + f1^2 / (2 f2) (S + f1 (f1 - 1) / 2 when there are no doubletons), with f1 and f2 the numbers of species seen once and twice.
... B23: Compiled by Emmanuel G. Lozano, Department of Biology, College of Arts and Sciences, Pampanga State University. Original material is licensed CC BY-NC 4.0: credit required, non-commercial use only.

Sheet Enter data
A1: Enter your data
A2: Type only in yellow cells. Leave unused rows empty.
A4: 1. Abundance by site and species (type site names in column 1 and species names in the header cells)
A5: Site | B5: species 1 | C5: species 2 | D5: species 3 | E5: species 4 | F5: species 5 | G5: species 6 | H5: species 7 | I5: species 8 | J5: species 9 | K5: species 10 | L5: species 11 | M5: species 12 | N5: species 13 | O5: species 14 | P5: species 15 | Q5: species 16 | R5: species 17 | S5: species 18 | T5: species 19 | U5: species 20 | V5: species 21 | W5: species 22 | X5: species 23 | Y5: species 24 | Z5: species 25 | AA5: species 26 | AB5: species 27 | AC5: species 28 | AD5: species 29 | AE5: species 30 | AF5: Records N | AG5: Richness S | AH5: Shannon H | AI5: Gini-Simpson | AJ5: Singletons f1 | AK5: Doubletons f2 | AL5: Chao1 | AM5: Rarefied richness
A6: site A | B6: 10 | C6: 10 | D6: 10 | E6: 10 | F6: 10 | G6: 0 | H6: 0 | I6: 0 | J6: 0 | K6: 0 | L6: 0 | M6: 0 | N6: 0 | O6: 0 | P6: 0 | Q6: 0 | R6: 0 | S6: 0 | T6: 0 | U6: 0 | V6: 0 | W6: 0 | X6: 0 | Y6: 0 | Z6: 0 | AA6: 0 | AB6: 0 | AC6: 0 | AD6: 0 | AE6: 0
AF7: =SUM(B7:AE7) -> 0 | AG7: =IF(AF7>0,COUNTIF(B7:AE7,">0"),"") | AH7: =IF(AF7>0,-SUMPRODUCT((B7:AE7>0)*B7:AE7/AF7*LN((B7:AE7+(B7:AE7=0))/AF7)),"") | AI7: =IF(AF7>0,1-SUMPRODUCT((B7:AE7/AF7)^2),"") | AJ7: =IF(AF7>0,COUNTIF(B7:AE7,1),"") | AK7: =IF(AF7>0,COUNTIF(B7:AE7,2),"") | AL7: =IF(AF7>0,AG7+IF(AK7>0,AJ7^2/(2*AK7),AJ7*(AJ7-1)/2),"") | AM7: =IF(AF7>0,SUMPRODUCT((B7:AE7>0)*(((AF7-B7:AE7-Results!$C$5+1)<=0)+((AF7-B7:AE7-Results!$C$5+1)>0)*(1-EXP(GAMMALN(AF7-B7:AE7+1)-GAMMALN((AF7-B7:AE7-Results!$C$5+1)*((AF7-B7:AE7-Results!$C$5+1)>0)+((AF7-B7:AE7-Results!$C$5+1)<=0))-(GAMMALN(AF7+1)-GAMMALN(AF7-Results!$C$5+1)))))),"")
AF8: =SUM(B8:AE8) -> 0 | AG8: =IF(AF8>0,COUNTIF(B8:AE8,">0"),"") | AH8: =IF(AF8>0,-SUMPRODUCT((B8:AE8>0)*B8:AE8/AF8*LN((B8:AE8+(B8:AE8=0))/AF8)),"") | AI8: =IF(AF8>0,1-SUMPRODUCT((B8:AE8/AF8)^2),"") | AJ8: =IF(AF8>0,COUNTIF(B8:AE8,1),"") | AK8: =IF(AF8>0,COUNTIF(B8:AE8,2),"") | AL8: =IF(AF8>0,AG8+IF(AK8>0,AJ8^2/(2*AK8),AJ8*(AJ8-1)/2),"") | AM8: =IF(AF8>0,SUMPRODUCT((B8:AE8>0)*(((AF8-B8:AE8-Results!$C$5+1)<=0)+((AF8-B8:AE8-Results!$C$5+1)>0)*(1-EXP(GAMMALN(AF8-B8:AE8+1)-GAMMALN((AF8-B8:AE8-Results!$C$5+1)*((AF8-B8:AE8-Results!$C$5+1)>0)+((AF8-B8:AE8-Results!$C$5+1)<=0))-(GAMMALN(AF8+1)-GAMMALN(AF8-Results!$C$5+1)))))),"")
AF9: =SUM(B9:AE9) -> 0 | AG9: =IF(AF9>0,COUNTIF(B9:AE9,">0"),"") | AH9: =IF(AF9>0,-SUMPRODUCT((B9:AE9>0)*B9:AE9/AF9*LN((B9:AE9+(B9:AE9=0))/AF9)),"") | AI9: =IF(AF9>0,1-SUMPRODUCT((B9:AE9/AF9)^2),"") | AJ9: =IF(AF9>0,COUNTIF(B9:AE9,1),"") | AK9: =IF(AF9>0,COUNTIF(B9:AE9,2),"") | AL9: =IF(AF9>0,AG9+IF(AK9>0,AJ9^2/(2*AK9),AJ9*(AJ9-1)/2),"") | AM9: =IF(AF9>0,SUMPRODUCT((B9:AE9>0)*(((AF9-B9:AE9-Results!$C$5+1)<=0)+((AF9-B9:AE9-Results!$C$5+1)>0)*(1-EXP(GAMMALN(AF9-B9:AE9+1)-GAMMALN((AF9-B9:AE9-Results!$C$5+1)*((AF9-B9:AE9-Results!$C$5+1)>0)+((AF9-B9:AE9-Results!$C$5+1)<=0))-(GAMMALN(AF9+1)-GAMMALN(AF9-Results!$C$5+1)))))),"")
AF10: =SUM(B10:AE10) -> 0 | AG10: =IF(AF10>0,COUNTIF(B10:AE10,">0"),"") | AH10: =IF(AF10>0,-SUMPRODUCT((B10:AE10>0)*B10:AE10/AF10*LN((B10:AE10+(B10:AE10=0))/AF10)),"") | AI10: =IF(AF10>0,1-SUMPRODUCT((B10:AE10/AF10)^2),"") | AJ10: =IF(AF10>0,COUNTIF(B10:AE10,1),"") | AK10: =IF(AF10>0,COUNTIF(B10:AE10,2),"") | AL10: =IF(AF10>0,AG10+IF(AK10>0,AJ10^2/(2*AK10),AJ10*(AJ10-1)/2),"") | AM10: =IF(AF10>0,SUMPRODUCT((B10:AE10>0)*(((AF10-B10:AE10-Results!$C$5+1)<=0)+((AF10-B10:AE10-Results!$C$5+1)>0)*(1-EXP(GAMMALN(AF10-B10:AE10+1)-GAMMALN((AF10-B10:AE10-Results!$C$5+1)*((AF10-B10:AE10-Results!$C$5+1)>0)+((AF10-B10:AE10-Results!$C$5+1)<=0))-(GAMMALN(AF10+1)-GAMMALN(AF10-Results!$C$5+1)))))),"")
AF11: =SUM(B11:AE11) -> 0 | AG11: =IF(AF11>0,COUNTIF(B11:AE11,">0"),"") | AH11: =IF(AF11>0,-SUMPRODUCT((B11:AE11>0)*B11:AE11/AF11*LN((B11:AE11+(B11:AE11=0))/AF11)),"") | AI11: =IF(AF11>0,1-SUMPRODUCT((B11:AE11/AF11)^2),"") | AJ11: =IF(AF11>0,COUNTIF(B11:AE11,1),"") | AK11: =IF(AF11>0,COUNTIF(B11:AE11,2),"") | AL11: =IF(AF11>0,AG11+IF(AK11>0,AJ11^2/(2*AK11),AJ11*(AJ11-1)/2),"") | AM11: =IF(AF11>0,SUMPRODUCT((B11:AE11>0)*(((AF11-B11:AE11-Results!$C$5+1)<=0)+((AF11-B11:AE11-Results!$C$5+1)>0)*(1-EXP(GAMMALN(AF11-B11:AE11+1)-GAMMALN((AF11-B11:AE11-Results!$C$5+1)*((AF11-B11:AE11-Results!$C$5+1)>0)+((AF11-B11:AE11-Results!$C$5+1)<=0))-(GAMMALN(AF11+1)-GAMMALN(AF11-Results!$C$5+1)))))),"")
AF12: =SUM(B12:AE12) -> 0 | AG12: =IF(AF12>0,COUNTIF(B12:AE12,">0"),"") | AH12: =IF(AF12>0,-SUMPRODUCT((B12:AE12>0)*B12:AE12/AF12*LN((B12:AE12+(B12:AE12=0))/AF12)),"") | AI12: =IF(AF12>0,1-SUMPRODUCT((B12:AE12/AF12)^2),"") | AJ12: =IF(AF12>0,COUNTIF(B12:AE12,1),"") | AK12: =IF(AF12>0,COUNTIF(B12:AE12,2),"") | AL12: =IF(AF12>0,AG12+IF(AK12>0,AJ12^2/(2*AK12),AJ12*(AJ12-1)/2),"") | AM12: =IF(AF12>0,SUMPRODUCT((B12:AE12>0)*(((AF12-B12:AE12-Results!$C$5+1)<=0)+((AF12-B12:AE12-Results!$C$5+1)>0)*(1-EXP(GAMMALN(AF12-B12:AE12+1)-GAMMALN((AF12-B12:AE12-Results!$C$5+1)*((AF12-B12:AE12-Results!$C$5+1)>0)+((AF12-B12:AE12-Results!$C$5+1)<=0))-(GAMMALN(AF12+1)-GAMMALN(AF12-Results!$C$5+1)))))),"")

Sheet Results
B1: Results
B2: Everything on this sheet is calculated. Change only the yellow settings.
B4: Sample size for rarefaction
B5: Records used for rarefaction (default: smallest N) | C5: =IFERROR(SMALL('Enter data'!$AF$7:$AF$12,COUNTIF('Enter data'!$AF$7:$AF$12,0)+1),"") | D5: Smallest number of records among sites that have records.
B7: Diversity by site
B8: Site | C8: Records | D8: Observed richness | E8: Shannon H | F8: Gini-Simpson | G8: Singletons | H8: Rarefied richness | I8: Chao1
B9: =IFERROR(IF('Enter data'!$A$7="","",'Enter data'!$A$7),"") | C9: =IFERROR(IF(ISNUMBER('Enter data'!$AF$7),'Enter data'!$AF$7,""),"") -> 0 | D9: =IFERROR(IF(ISNUMBER('Enter data'!$AG$7),'Enter data'!$AG$7,""),"") | E9: =IFERROR(IF(ISNUMBER('Enter data'!$AH$7),'Enter data'!$AH$7,""),"") | F9: =IFERROR(IF(ISNUMBER('Enter data'!$AI$7),'Enter data'!$AI$7,""),"") | G9: =IFERROR(IF(ISNUMBER('Enter data'!$AJ$7),'Enter data'!$AJ$7,""),"") | H9: =IFERROR(IF(ISNUMBER('Enter data'!$AM$7),'Enter data'!$AM$7,""),"") | I9: =IFERROR(IF(ISNUMBER('Enter data'!$AL$7),'Enter data'!$AL$7,""),"")
B10: =IFERROR(IF('Enter data'!$A$8="","",'Enter data'!$A$8),"") | C10: =IFERROR(IF(ISNUMBER('Enter data'!$AF$8),'Enter data'!$AF$8,""),"") -> 0 | D10: =IFERROR(IF(ISNUMBER('Enter data'!$AG$8),'Enter data'!$AG$8,""),"") | E10: =IFERROR(IF(ISNUMBER('Enter data'!$AH$8),'Enter data'!$AH$8,""),"") | F10: =IFERROR(IF(ISNUMBER('Enter data'!$AI$8),'Enter data'!$AI$8,""),"") | G10: =IFERROR(IF(ISNUMBER('Enter data'!$AJ$8),'Enter data'!$AJ$8,""),"") | H10: =IFERROR(IF(ISNUMBER('Enter data'!$AM$8),'Enter data'!$AM$8,""),"") | I10: =IFERROR(IF(ISNUMBER('Enter data'!$AL$8),'Enter data'!$AL$8,""),"")
B11: =IFERROR(IF('Enter data'!$A$9="","",'Enter data'!$A$9),"") | C11: =IFERROR(IF(ISNUMBER('Enter data'!$AF$9),'Enter data'!$AF$9,""),"") -> 0 | D11: =IFERROR(IF(ISNUMBER('Enter data'!$AG$9),'Enter data'!$AG$9,""),"") | E11: =IFERROR(IF(ISNUMBER('Enter data'!$AH$9),'Enter data'!$AH$9,""),"") | F11: =IFERROR(IF(ISNUMBER('Enter data'!$AI$9),'Enter data'!$AI$9,""),"") | G11: =IFERROR(IF(ISNUMBER('Enter data'!$AJ$9),'Enter data'!$AJ$9,""),"") | H11: =IFERROR(IF(ISNUMBER('Enter data'!$AM$9),'Enter data'!$AM$9,""),"") | I11: =IFERROR(IF(ISNUMBER('Enter data'!$AL$9),'Enter data'!$AL$9,""),"")
B12: =IFERROR(IF('Enter data'!$A$10="","",'Enter data'!$A$10),"") | C12: =IFERROR(IF(ISNUMBER('Enter data'!$AF$10),'Enter data'!$AF$10,""),"") -> 0 | D12: =IFERROR(IF(ISNUMBER('Enter data'!$AG$10),'Enter data'!$AG$10,""),"") | E12: =IFERROR(IF(ISNUMBER('Enter data'!$AH$10),'Enter data'!$AH$10,""),"") | F12: =IFERROR(IF(ISNUMBER('Enter data'!$AI$10),'Enter data'!$AI$10,""),"") | G12: =IFERROR(IF(ISNUMBER('Enter data'!$AJ$10),'Enter data'!$AJ$10,""),"") | H12: =IFERROR(IF(ISNUMBER('Enter data'!$AM$10),'Enter data'!$AM$10,""),"") | I12: =IFERROR(IF(ISNUMBER('Enter data'!$AL$10),'Enter data'!$AL$10,""),"")
B13: =IFERROR(IF('Enter data'!$A$11="","",'Enter data'!$A$11),"") | C13: =IFERROR(IF(ISNUMBER('Enter data'!$AF$11),'Enter data'!$AF$11,""),"") -> 0 | D13: =IFERROR(IF(ISNUMBER('Enter data'!$AG$11),'Enter data'!$AG$11,""),"") | E13: =IFERROR(IF(ISNUMBER('Enter data'!$AH$11),'Enter data'!$AH$11,""),"") | F13: =IFERROR(IF(ISNUMBER('Enter data'!$AI$11),'Enter data'!$AI$11,""),"") | G13: =IFERROR(IF(ISNUMBER('Enter data'!$AJ$11),'Enter data'!$AJ$11,""),"") | H13: =IFERROR(IF(ISNUMBER('Enter data'!$AM$11),'Enter data'!$AM$11,""),"") | I13: =IFERROR(IF(ISNUMBER('Enter data'!$AL$11),'Enter data'!$AL$11,""),"")
B14: =IFERROR(IF('Enter data'!$A$12="","",'Enter data'!$A$12),"") | C14: =IFERROR(IF(ISNUMBER('Enter data'!$AF$12),'Enter data'!$AF$12,""),"") -> 0 | D14: =IFERROR(IF(ISNUMBER('Enter data'!$AG$12),'Enter data'!$AG$12,""),"") | E14: =IFERROR(IF(ISNUMBER('Enter data'!$AH$12),'Enter data'!$AH$12,""),"") | F14: =IFERROR(IF(ISNUMBER('Enter data'!$AI$12),'Enter data'!$AI$12,""),"") | G14: =IFERROR(IF(ISNUMBER('Enter data'!$AJ$12),'Enter data'!$AJ$12,""),"") | H14: =IFERROR(IF(ISNUMBER('Enter data'!$AM$12),'Enter data'!$AM$12,""),"") | I14: =IFERROR(IF(ISNUMBER('Enter data'!$AL$12),'Enter data'!$AL$12,""),"")
