Workbook

Sheet Start here
B1: EM-06 Trend and exceedances in a monitoring series
B2: Excel version of the card. It does the same calculations as the R script em06_trend_exceedance.R.
B4: How to use this workbook
B5: 1. Go to the 'Enter data' sheet. Type only in the yellow cells with blue text. Grey cells are calculated for you.
B6: 2. Fill the blocks that apply. Leave rows you did not use empty. The grey italic row above each table is an example of the format and is not used.
B7: 3. Open the 'Results' sheet. Everything there is calculated. Yellow cells on that sheet are settings you may change.
B9: What the colours mean
B10: Yellow cell, blue text: you type here.
B11: Grey cell: a formula. Sheets are protected without a password so formulas are not overwritten by accident (Review > Unprotect Sheet).
B13: Assumptions and sources
B14: Enter the date (or day number) and the value in time order. The threshold is a setting: use a guideline for the SAME pollutant, averaging time and units, and cite it.
B15: The trend is an ordinary least squares slope per day. Daily values are autocorrelated, so the p value is too optimistic; check the lag-1 autocorrelation of the residuals.
... B22: Compiled by Emmanuel G. Lozano, Department of Biology, College of Arts and Sciences, Pampanga State University. Original material is licensed CC BY-NC 4.0: credit required, non-commercial use only.

Sheet Enter data
A1: Enter your data
A2: Type only in yellow cells. Leave unused rows empty.
A4: 1. Series (in time order; dates or day numbers)
A5: Date or day number | B5: Value | C5: Above threshold (1 or 0) | D5: Run of consecutive exceedances | E5: Residual from the trend line
A6: 1 | B6: 41
C7: =IF(ISNUMBER(B7),IF(B7>Results!$C$5,1,0),"") | D7: =IF(ISNUMBER(C7),IF(C7=1,N(D6)+1,0),"") | E7: =IF(ISNUMBER(B7),B7-(Results!$C$15+Results!$C$14*A7),"")
C8: =IF(ISNUMBER(B8),IF(B8>Results!$C$5,1,0),"") | D8: =IF(ISNUMBER(C8),IF(C8=1,N(D7)+1,0),"") | E8: =IF(ISNUMBER(B8),B8-(Results!$C$15+Results!$C$14*A8),"")
C9: =IF(ISNUMBER(B9),IF(B9>Results!$C$5,1,0),"") | D9: =IF(ISNUMBER(C9),IF(C9=1,N(D8)+1,0),"") | E9: =IF(ISNUMBER(B9),B9-(Results!$C$15+Results!$C$14*A9),"")
C10: =IF(ISNUMBER(B10),IF(B10>Results!$C$5,1,0),"") | D10: =IF(ISNUMBER(C10),IF(C10=1,N(D9)+1,0),"") | E10: =IF(ISNUMBER(B10),B10-(Results!$C$15+Results!$C$14*A10),"")
C11: =IF(ISNUMBER(B11),IF(B11>Results!$C$5,1,0),"") | D11: =IF(ISNUMBER(C11),IF(C11=1,N(D10)+1,0),"") | E11: =IF(ISNUMBER(B11),B11-(Results!$C$15+Results!$C$14*A11),"")
C12: =IF(ISNUMBER(B12),IF(B12>Results!$C$5,1,0),"") | D12: =IF(ISNUMBER(C12),IF(C12=1,N(D11)+1,0),"") | E12: =IF(ISNUMBER(B12),B12-(Results!$C$15+Results!$C$14*A12),"")
C13: =IF(ISNUMBER(B13),IF(B13>Results!$C$5,1,0),"") | D13: =IF(ISNUMBER(C13),IF(C13=1,N(D12)+1,0),"") | E13: =IF(ISNUMBER(B13),B13-(Results!$C$15+Results!$C$14*A13),"")
C14: =IF(ISNUMBER(B14),IF(B14>Results!$C$5,1,0),"") | D14: =IF(ISNUMBER(C14),IF(C14=1,N(D13)+1,0),"") | E14: =IF(ISNUMBER(B14),B14-(Results!$C$15+Results!$C$14*A14),"")
C15: =IF(ISNUMBER(B15),IF(B15>Results!$C$5,1,0),"") | D15: =IF(ISNUMBER(C15),IF(C15=1,N(D14)+1,0),"") | E15: =IF(ISNUMBER(B15),B15-(Results!$C$15+Results!$C$14*A15),"")
C16: =IF(ISNUMBER(B16),IF(B16>Results!$C$5,1,0),"") | D16: =IF(ISNUMBER(C16),IF(C16=1,N(D15)+1,0),"") | E16: =IF(ISNUMBER(B16),B16-(Results!$C$15+Results!$C$14*A16),"")
C17: =IF(ISNUMBER(B17),IF(B17>Results!$C$5,1,0),"") | D17: =IF(ISNUMBER(C17),IF(C17=1,N(D16)+1,0),"") | E17: =IF(ISNUMBER(B17),B17-(Results!$C$15+Results!$C$14*A17),"")
C18: =IF(ISNUMBER(B18),IF(B18>Results!$C$5,1,0),"") | D18: =IF(ISNUMBER(C18),IF(C18=1,N(D17)+1,0),"") | E18: =IF(ISNUMBER(B18),B18-(Results!$C$15+Results!$C$14*A18),"")
... C406: =IF(ISNUMBER(B406),IF(B406>Results!$C$5,1,0),"") | D406: =IF(ISNUMBER(C406),IF(C406=1,N(D405)+1,0),"") | E406: =IF(ISNUMBER(B406),B406-(Results!$C$15+Results!$C$14*A406),"")

Sheet Results
B1: Results
B2: Everything on this sheet is calculated. Change only the yellow settings.
B4: Settings
B5: Threshold (same units as the data) | C5: 60
B7: Summary
B8: Records | C8: =IFERROR(COUNT('Enter data'!$B$7:$B$406),"") -> 0
B9: Mean | C9: =IFERROR(AVERAGE('Enter data'!$B$7:$B$406),"")
B10: Median | C10: =IFERROR(MEDIAN('Enter data'!$B$7:$B$406),"")
B12: Trend (least squares, value against date)
B13: Points used | C13: =IFERROR(SUMPRODUCT(--ISNUMBER('Enter data'!$A$7:$A$406),--ISNUMBER('Enter data'!$B$7:$B$406)),"") -> 0
B14: Slope (units per day) | C14: =IFERROR(SLOPE('Enter data'!$B$7:$B$406,'Enter data'!$A$7:$A$406),"")
B15: Intercept (units per day) | C15: =IFERROR(INTERCEPT('Enter data'!$B$7:$B$406,'Enter data'!$A$7:$A$406),"")
B16: R squared | C16: =IFERROR(RSQ('Enter data'!$B$7:$B$406,'Enter data'!$A$7:$A$406),"")
B17: Residual standard deviation | C17: =IFERROR(STEYX('Enter data'!$B$7:$B$406,'Enter data'!$A$7:$A$406),"")
B18: Standard error of the slope | C18: =IFERROR($C$17/SQRT(DEVSQ('Enter data'!$A$7:$A$406)),"")
B19: 95% interval for the slope, lower | C19: =IFERROR($C$14-TINV(0.05,$C$13-2)*$C$18,"")
B20: 95% interval for the slope, upper | C20: =IFERROR($C$14+TINV(0.05,$C$13-2)*$C$18,"")
B21: p value of the slope (two-sided) | C21: =IFERROR(TDIST(ABS($C$14/$C$18),$C$13-2,2),"")
B23: Exceedances
B24: Days above the threshold | C24: =IFERROR(SUM('Enter data'!$C$7:$C$406),"") -> 0
B25: Share of days above (%) | C25: =IFERROR(100*$C$24/$C$8,"")
B26: Longest run of consecutive days above | C26: =IFERROR(MAX('Enter data'!$D$7:$D$406),"") -> 0
B28: Autocorrelation of the residuals
B29: Lag-1 autocorrelation | C29: =IFERROR(CORREL('Enter data'!$E$7:$E$405,'Enter data'!$E$8:$E$406),"") | D29: A value well above 0 means the trend p value is too optimistic.
