Workbook

Sheet Start here
B1: ENV-03 Stream velocity and discharge by the float method
B2: Excel version of the card. It does the same calculations as the R script env03_float_discharge.R.
B4: How to use this workbook
B5: 1. Go to the 'Enter data' sheet. Type only in the yellow cells with blue text. Grey cells are calculated for you.
B6: 2. Fill the blocks that apply. Leave rows you did not use empty. The grey italic row above each table is an example of the format and is not used.
B7: 3. Open the 'Results' sheet. Everything there is calculated. Yellow cells on that sheet are settings you may change.
B9: What the colours mean
B10: Yellow cell, blue text: you type here.
B11: Grey cell: a formula. Sheets are protected without a password so formulas are not overwritten by accident (Review > Unprotect Sheet).
B13: Assumptions and sources
B14: Area by the trapezoid rule over depth stations (include 0 depth at each bank). Surface velocity = reach length / float time. Mean velocity = k x mean surface velocity. Discharge Q = k x mean surface velocity x area.
B15: k = 0.85 is typical for surface floats in US Geological Survey training material; other guidance gives 0.8 to 0.9, and 0.66 to 0.75 has been quoted for shallow channels. State the value you used.
... B23: Compiled by Emmanuel G. Lozano, Department of Biology, College of Arts and Sciences, Pampanga State University. Original material is licensed CC BY-NC 4.0: credit required, non-commercial use only.

Sheet Enter data
A1: Enter your data
A2: Type only in yellow cells. Leave unused rows empty.
A4: 1. Float times over the reach
A5: Float | B5: Time (s) | C5: Surface velocity (m/s)
A6: float 1 | B6: 26.3
A7: Float 1 | C7: =IF(ISNUMBER(B7),Results!$C$5/B7,"")
A8: Float 2 | C8: =IF(ISNUMBER(B8),Results!$C$5/B8,"")
A9: Float 3 | C9: =IF(ISNUMBER(B9),Results!$C$5/B9,"")
A10: Float 4 | C10: =IF(ISNUMBER(B10),Results!$C$5/B10,"")
A11: Float 5 | C11: =IF(ISNUMBER(B11),Results!$C$5/B11,"")
A12: Float 6 | C12: =IF(ISNUMBER(B12),Results!$C$5/B12,"")
A13: Float 7 | C13: =IF(ISNUMBER(B13),Results!$C$5/B13,"")
A14: Float 8 | C14: =IF(ISNUMBER(B14),Results!$C$5/B14,"")
A15: Float 9 | C15: =IF(ISNUMBER(B15),Results!$C$5/B15,"")
A16: Float 10 | C16: =IF(ISNUMBER(B16),Results!$C$5/B16,"")
A17: Float 11 | C17: =IF(ISNUMBER(B17),Results!$C$5/B17,"")
A18: Float 12 | C18: =IF(ISNUMBER(B18),Results!$C$5/B18,"")
A21: 2. Depth stations across the channel (increasing distance from one bank)
A22: Distance from bank (m) | B22: Depth (m) | C22: Trapezoid area (m2)
A23: 1 | B23: 0.22
C24: =IF(AND(ISNUMBER(A24),ISNUMBER(A25),ISNUMBER(B24),ISNUMBER(B25)),(A25-A24)*(B24+B25)/2,"")
C25: =IF(AND(ISNUMBER(A25),ISNUMBER(A26),ISNUMBER(B25),ISNUMBER(B26)),(A26-A25)*(B25+B26)/2,"")
C26: =IF(AND(ISNUMBER(A26),ISNUMBER(A27),ISNUMBER(B26),ISNUMBER(B27)),(A27-A26)*(B26+B27)/2,"")
C27: =IF(AND(ISNUMBER(A27),ISNUMBER(A28),ISNUMBER(B27),ISNUMBER(B28)),(A28-A27)*(B27+B28)/2,"")
C28: =IF(AND(ISNUMBER(A28),ISNUMBER(A29),ISNUMBER(B28),ISNUMBER(B29)),(A29-A28)*(B28+B29)/2,"")
C29: =IF(AND(ISNUMBER(A29),ISNUMBER(A30),ISNUMBER(B29),ISNUMBER(B30)),(A30-A29)*(B29+B30)/2,"")
C30: =IF(AND(ISNUMBER(A30),ISNUMBER(A31),ISNUMBER(B30),ISNUMBER(B31)),(A31-A30)*(B30+B31)/2,"")
C31: =IF(AND(ISNUMBER(A31),ISNUMBER(A32),ISNUMBER(B31),ISNUMBER(B32)),(A32-A31)*(B31+B32)/2,"")
C32: =IF(AND(ISNUMBER(A32),ISNUMBER(A33),ISNUMBER(B32),ISNUMBER(B33)),(A33-A32)*(B32+B33)/2,"")
C33: =IF(AND(ISNUMBER(A33),ISNUMBER(A34),ISNUMBER(B33),ISNUMBER(B34)),(A34-A33)*(B33+B34)/2,"")
C34: =IF(AND(ISNUMBER(A34),ISNUMBER(A35),ISNUMBER(B34),ISNUMBER(B35)),(A35-A34)*(B34+B35)/2,"")
C35: =IF(AND(ISNUMBER(A35),ISNUMBER(A36),ISNUMBER(B35),ISNUMBER(B36)),(A36-A35)*(B35+B36)/2,"")
... C43: =IF(AND(ISNUMBER(A43),ISNUMBER(A44),ISNUMBER(B43),ISNUMBER(B44)),(A44-A43)*(B43+B44)/2,"")

Sheet Results
B1: Results
B2: Everything on this sheet is calculated. Change only the yellow settings.
B4: Settings
B5: Length of the float reach (m) | C5: 20
B6: Correction coefficient k | C6: 0.85 | D6: 0.85 typical; see the notes.
B8: Cross-section
B9: Cross-section area (m2) | C9: =IFERROR(SUM('Enter data'!$C$24:$C$43),"") -> 0
B10: Channel width (m) | C10: =IFERROR(MAX('Enter data'!$A$24:$A$43)-MIN('Enter data'!$A$24:$A$43),"") -> 0
B11: Mean depth (m) | C11: =IFERROR($C$9/$C$10,"")
B13: Velocity and discharge
B14: Mean surface velocity (m/s) | C14: =IFERROR(AVERAGE('Enter data'!$C$7:$C$18),"")
B15: Standard deviation of float velocities (m/s) | C15: =IFERROR(STDEV('Enter data'!$C$7:$C$18),"")
B16: Mean velocity, k x surface velocity (m/s) | C16: =IFERROR(Results!$C$6*$C$14,"")
B17: Discharge Q (m3/s) | C17: =IFERROR($C$16*$C$9,"")
B18: Discharge (litres per second) | C18: =IFERROR(1000*$C$17,"")
B19: Shortest float time (s); a reach with floats over about 20 s is better | C19: =IFERROR(MIN('Enter data'!$B$7:$B$18),"") -> 0
B21: Sensitivity to k
B22: k | C22: Discharge (m3/s)
B23: 0.66 | C23: =IFERROR(B23*$C$14*$C$9,"")
B24: 0.75 | C24: =IFERROR(B24*$C$14*$C$9,"")
B25: 0.85 | C25: =IFERROR(B25*$C$14*$C$9,"")
B26: 0.9 | C26: =IFERROR(B26*$C$14*$C$9,"")
