Workbook

Sheet Start here
B1: ENV-01 Mineral identification: hardness, streak, density, acid test
B2: Excel version of the card. It does the same calculations as the R script env01_mineral_id.R.
B4: How to use this workbook
B5: 1. Go to the 'Enter data' sheet. Type only in the yellow cells with blue text. Grey cells are calculated for you.
B6: 2. Fill the blocks that apply. Leave rows you did not use empty. The grey italic row above each table is an example of the format and is not used.
B7: 3. Open the 'Results' sheet. Everything there is calculated. Yellow cells on that sheet are settings you may change.
B9: What the colours mean
B10: Yellow cell, blue text: you type here.
B11: Grey cell: a formula. Sheets are protected without a password so formulas are not overwritten by accident (Review > Unprotect Sheet).
B13: Assumptions and sources
B14: Specific gravity = mass in air / mass of displaced water (the balance reading with the specimen hung fully in a beaker on the balance). Use specimens of about 50 g or more.
B15: Scoring: 1 point for hardness within 0.6 of the reference range, 2 for specific gravity within 7 percent of the reference range, 1 for the streak colour and 1 for the acid result. The reference table holds typical values for 13 minerals; check them against a mineralogy reference before formal use.
... B20: Compiled by Emmanuel G. Lozano, Department of Biology, College of Arts and Sciences, Pampanga State University. Original material is licensed CC BY-NC 4.0: credit required, non-commercial use only.

Sheet Enter data
A1: Enter your data
A2: Type only in yellow cells. Leave unused rows empty.
A4: 1. Specimens
A5: Specimen code | B5: Hardness (Mohs, your estimate) | C5: Streak colour | D5: Mass in air (g) | E5: Displaced water, balance reading (g) | F5: Fizzes in acid (yes or no)
A6: A | B6: 7 | C6: white | D6: 38.2 | E6: 14.8 | F6: no
A7: A | B7: 7 | C7: white | D7: 38.2 | E7: 14.8 | F7: no
A8: B | B8: 3 | C8: white | D8: 27.9 | E8: 10.3 | F8: yes
A9: C | B9: 2.5 | C9: gray | D9: 61.4 | E9: 8.2 | F9: no
A10: D | B10: 6 | C10: green-black | D10: 44 | E10: 8.7 | F10: no

Sheet Results
B1: Results
B2: Everything on this sheet is calculated. Change only the yellow settings.
B4: Specific gravity
B5: Specimen | C5: Specific gravity
B6: =IFERROR(IF('Enter data'!$A$7="","",'Enter data'!$A$7),"") -> A | C6: =IFERROR(IF(AND(ISNUMBER('Enter data'!$D$7),ISNUMBER('Enter data'!$E$7)),'Enter data'!$D$7/'Enter data'!$E$7,""),"") -> 2.5810811
B7: =IFERROR(IF('Enter data'!$A$8="","",'Enter data'!$A$8),"") -> B | C7: =IFERROR(IF(AND(ISNUMBER('Enter data'!$D$8),ISNUMBER('Enter data'!$E$8)),'Enter data'!$D$8/'Enter data'!$E$8,""),"") -> 2.7087379
B8: =IFERROR(IF('Enter data'!$A$9="","",'Enter data'!$A$9),"") -> C | C8: =IFERROR(IF(AND(ISNUMBER('Enter data'!$D$9),ISNUMBER('Enter data'!$E$9)),'Enter data'!$D$9/'Enter data'!$E$9,""),"") -> 7.4878049
B9: =IFERROR(IF('Enter data'!$A$10="","",'Enter data'!$A$10),"") -> D | C9: =IFERROR(IF(AND(ISNUMBER('Enter data'!$D$10),ISNUMBER('Enter data'!$E$10)),'Enter data'!$D$10/'Enter data'!$E$10,""),"") -> 5.0574713
B10: =IFERROR(IF('Enter data'!$A$11="","",'Enter data'!$A$11),"") | C10: =IFERROR(IF(AND(ISNUMBER('Enter data'!$D$11),ISNUMBER('Enter data'!$E$11)),'Enter data'!$D$11/'Enter data'!$E$11,""),"")
B11: =IFERROR(IF('Enter data'!$A$12="","",'Enter data'!$A$12),"") | C11: =IFERROR(IF(AND(ISNUMBER('Enter data'!$D$12),ISNUMBER('Enter data'!$E$12)),'Enter data'!$D$12/'Enter data'!$E$12,""),"")
B14: Reference table and scores (rows = minerals, right-hand columns = specimens)
B15: Mineral | C15: Hardness low | D15: Hardness high | E15: SG low | F15: SG high | G15: Streak | H15: Acid | I15: Score: specimen 1 | J15: 2 | K15: 3 | L15: 4 | M15: 5 | N15: 6
B16: quartz | C16: 7 | D16: 7 | E16: 2.65 | F16: 2.65 | G16: white | H16: no | I16: =IFERROR(IF(AND(ISNUMBER('Enter data'!$B$7),ISNUMBER($C$6)),IF(AND('Enter data'!$B$7>=$C16-0.6,'Enter data'!$B$7<=$D16+0.6),1,0)+2*IF(AND($C$6>=$E16*0.93,$C$6<=$F16*1.07),1,0)+IF(LOWER('Enter data'!$C$7)=$G16,1,0)+IF(LOWER('Enter data'!$F$7)=$H16,1,0),""),"") -> 5 | J16: =IFERROR(IF(AND(ISNUMBER('Enter data'!$B$8),ISNUMBER($C$7)),IF(AND('Enter data'!$B$8>=$C16-0.6,'Enter data'!$B$8<=$D16+0.6),1,0)+2*IF(AND($C$7>=$E16*0.93,$C$7<=$F16*1.07),1,0)+IF(LOWER('Enter data'!$C$8)=$G16,1,0)+IF(LOWER('Enter data'!$F$8)=$H16,1,0),""),"") -> 3 | K16: =IFERROR(IF(AND(ISNUMBER('Enter data'!$B$9),ISNUMBER($C$8)),IF(AND('Enter data'!$B$9>=$C16-0.6,'Enter data'!$B$9<=$D16+0.6),1,0)+2*IF(AND($C$8>=$E16*0.93,$C$8<=$F16*1.07),1,0)+IF(LOWER('Enter data'!$C$9)=$G16,1,0)+IF(LOWER('Enter data'!$F$9)=$H16,1,0),""),"") -> 1 | L16: =IFERROR(IF(AND(ISNUMBER('Enter data'!$B$10),ISNUMBER($C$9)),IF(AND('Enter data'!$B$10>=$C16-0.6,'Enter data'!$B$10<=$D16+0.6),1,0)+2*IF(AND($C$9>=$E16*0.93,$C$9<=$F16*1.07),1,0)+IF(LOWER('Enter data'!$C$10)=$G16,1,0)+IF(LOWER('Enter data'!$F$10)=$H16,1,0),""),"") -> 1 | M16: =IFERROR(IF(AND(ISNUMBER('Enter data'!$B$11),ISNUMBER($C$10)),IF(AND('Enter data'!$B$11>=$C16-0.6,'Enter data'!$B$11<=$D16+0.6),1,0)+2*IF(AND($C$10>=$E16*0.93,$C$10<=$F16*1.07),1,0)+IF(LOWER('Enter data'!$C$11)=$G16,1,0)+IF(LOWER('Enter data'!$F$11)=$H16,1,0),""),"") | N16: =IFERROR(IF(AND(ISNUMBER('Enter data'!$B$12),ISNUMBER($C$11)),IF(AND('Enter data'!$B$12>=$C16-0.6,'Enter data'!$B$12<=$D16+0.6),1,0)+2*IF(AND($C$11>=$E16*0.93,$C$11<=$F16*1.07),1,0)+IF(LOWER('Enter data'!$C$12)=$G16,1,0)+IF(LOWER('Enter data'!$F$12)=$H16,1,0),""),"")
B17: calcite | C17: 3 | D17: 3 | E17: 2.71 | F17: 2.71 | G17: white | H17: yes | I17: =IFERROR(IF(AND(ISNUMBER('Enter data'!$B$7),ISNUMBER($C$6)),IF(AND('Enter data'!$B$7>=$C17-0.6,'Enter data'!$B$7<=$D17+0.6),1,0)+2*IF(AND($C$6>=$E17*0.93,$C$6<=$F17*1.07),1,0)+IF(LOWER('Enter data'!$C$7)=$G17,1,0)+IF(LOWER('Enter data'!$F$7)=$H17,1,0),""),"") -> 3 | J17: =IFERROR(IF(AND(ISNUMBER('Enter data'!$B$8),ISNUMBER($C$7)),IF(AND('Enter data'!$B$8>=$C17-0.6,'Enter data'!$B$8<=$D17+0.6),1,0)+2*IF(AND($C$7>=$E17*0.93,$C$7<=$F17*1.07),1,0)+IF(LOWER('Enter data'!$C$8)=$G17,1,0)+IF(LOWER('Enter data'!$F$8)=$H17,1,0),""),"") -> 5 | K17: =IFERROR(IF(AND(ISNUMBER('Enter data'!$B$9),ISNUMBER($C$8)),IF(AND('Enter data'!$B$9>=$C17-0.6,'Enter data'!$B$9<=$D17+0.6),1,0)+2*IF(AND($C$8>=$E17*0.93,$C$8<=$F17*1.07),1,0)+IF(LOWER('Enter data'!$C$9)=$G17,1,0)+IF(LOWER('Enter data'!$F$9)=$H17,1,0),""),"") -> 1 | L17: =IFERROR(IF(AND(ISNUMBER('Enter data'!$B$10),ISNUMBER($C$9)),IF(AND('Enter data'!$B$10>=$C17-0.6,'Enter data'!$B$10<=$D17+0.6),1,0)+2*IF(AND($C$9>=$E17*0.93,$C$9<=$F17*1.07),1,0)+IF(LOWER('Enter data'!$C$10)=$G17,1,0)+IF(LOWER('Enter data'!$F$10)=$H17,1,0),""),"") -> 0 | M17: =IFERROR(IF(AND(ISNUMBER('Enter data'!$B$11),ISNUMBER($C$10)),IF(AND('Enter data'!$B$11>=$C17-0.6,'Enter data'!$B$11<=$D17+0.6),1,0)+2*IF(AND($C$10>=$E17*0.93,$C$10<=$F17*1.07),1,0)+IF(LOWER('Enter data'!$C$11)=$G17,1,0)+IF(LOWER('Enter data'!$F$11)=$H17,1,0),""),"") | N17: =IFERROR(IF(AND(ISNUMBER('Enter data'!$B$12),ISNUMBER($C$11)),IF(AND('Enter data'!$B$12>=$C17-0.6,'Enter data'!$B$12<=$D17+0.6),1,0)+2*IF(AND($C$11>=$E17*0.93,$C$11<=$F17*1.07),1,0)+IF(LOWER('Enter data'!$C$12)=$G17,1,0)+IF(LOWER('Enter data'!$F$12)=$H17,1,0),""),"")
B18: orthoclase feldspar | C18: 6 | D18: 6 | E18: 2.55 | F18: 2.63 | G18: white | H18: no | I18: =IFERROR(IF(AND(ISNUMBER('Enter data'!$B$7),ISNUMBER($C$6)),IF(AND('Enter data'!$B$7>=$C18-0.6,'Enter data'!$B$7<=$D18+0.6),1,0)+2*IF(AND($C$6>=$E18*0.93,$C$6<=$F18*1.07),1,0)+IF(LOWER('Enter data'!$C$7)=$G18,1,0)+IF(LOWER('Enter data'!$F$7)=$H18,1,0),""),"") -> 4 | J18: =IFERROR(IF(AND(ISNUMBER('Enter data'!$B$8),ISNUMBER($C$7)),IF(AND('Enter data'!$B$8>=$C18-0.6,'Enter data'!$B$8<=$D18+0.6),1,0)+2*IF(AND($C$7>=$E18*0.93,$C$7<=$F18*1.07),1,0)+IF(LOWER('Enter data'!$C$8)=$G18,1,0)+IF(LOWER('Enter data'!$F$8)=$H18,1,0),""),"") -> 3 | K18: =IFERROR(IF(AND(ISNUMBER('Enter data'!$B$9),ISNUMBER($C$8)),IF(AND('Enter data'!$B$9>=$C18-0.6,'Enter data'!$B$9<=$D18+0.6),1,0)+2*IF(AND($C$8>=$E18*0.93,$C$8<=$F18*1.07),1,0)+IF(LOWER('Enter data'!$C$9)=$G18,1,0)+IF(LOWER('Enter data'!$F$9)=$H18,1,0),""),"") -> 1 | L18: =IFERROR(IF(AND(ISNUMBER('Enter data'!$B$10),ISNUMBER($C$9)),IF(AND('Enter data'!$B$10>=$C18-0.6,'Enter data'!$B$10<=$D18+0.6),1,0)+2*IF(AND($C$9>=$E18*0.93,$C$9<=$F18*1.07),1,0)+IF(LOWER('Enter data'!$C$10)=$G18,1,0)+IF(LOWER('Enter data'!$F$10)=$H18,1,0),""),"") -> 2 | M18: =IFERROR(IF(AND(ISNUMBER('Enter data'!$B$11),ISNUMBER($C$10)),IF(AND('Enter data'!$B$11>=$C18-0.6,'Enter data'!$B$11<=$D18+0.6),1,0)+2*IF(AND($C$10>=$E18*0.93,$C$10<=$F18*1.07),1,0)+IF(LOWER('Enter data'!$C$11)=$G18,1,0)+IF(LOWER('Enter data'!$F$11)=$H18,1,0),""),"") | N18: =IFERROR(IF(AND(ISNUMBER('Enter data'!$B$12),ISNUMBER($C$11)),IF(AND('Enter data'!$B$12>=$C18-0.6,'Enter data'!$B$12<=$D18+0.6),1,0)+2*IF(AND($C$11>=$E18*0.93,$C$11<=$F18*1.07),1,0)+IF(LOWER('Enter data'!$C$12)=$G18,1,0)+IF(LOWER('Enter data'!$F$12)=$H18,1,0),""),"")
B19: gypsum | C19: 2 | D19: 2 | E19: 2.3 | F19: 2.33 | G19: white | H19: no | I19: =IFERROR(IF(AND(ISNUMBER('Enter data'!$B$7),ISNUMBER($C$6)),IF(AND('Enter data'!$B$7>=$C19-0.6,'Enter data'!$B$7<=$D19+0.6),1,0)+2*IF(AND($C$6>=$E19*0.93,$C$6<=$F19*1.07),1,0)+IF(LOWER('Enter data'!$C$7)=$G19,1,0)+IF(LOWER('Enter data'!$F$7)=$H19,1,0),""),"") -> 2 | J19: =IFERROR(IF(AND(ISNUMBER('Enter data'!$B$8),ISNUMBER($C$7)),IF(AND('Enter data'!$B$8>=$C19-0.6,'Enter data'!$B$8<=$D19+0.6),1,0)+2*IF(AND($C$7>=$E19*0.93,$C$7<=$F19*1.07),1,0)+IF(LOWER('Enter data'!$C$8)=$G19,1,0)+IF(LOWER('Enter data'!$F$8)=$H19,1,0),""),"") -> 1 | K19: =IFERROR(IF(AND(ISNUMBER('Enter data'!$B$9),ISNUMBER($C$8)),IF(AND('Enter data'!$B$9>=$C19-0.6,'Enter data'!$B$9<=$D19+0.6),1,0)+2*IF(AND($C$8>=$E19*0.93,$C$8<=$F19*1.07),1,0)+IF(LOWER('Enter data'!$C$9)=$G19,1,0)+IF(LOWER('Enter data'!$F$9)=$H19,1,0),""),"") -> 2 | L19: =IFERROR(IF(AND(ISNUMBER('Enter data'!$B$10),ISNUMBER($C$9)),IF(AND('Enter data'!$B$10>=$C19-0.6,'Enter data'!$B$10<=$D19+0.6),1,0)+2*IF(AND($C$9>=$E19*0.93,$C$9<=$F19*1.07),1,0)+IF(LOWER('Enter data'!$C$10)=$G19,1,0)+IF(LOWER('Enter data'!$F$10)=$H19,1,0),""),"") -> 1 | M19: =IFERROR(IF(AND(ISNUMBER('Enter data'!$B$11),ISNUMBER($C$10)),IF(AND('Enter data'!$B$11>=$C19-0.6,'Enter data'!$B$11<=$D19+0.6),1,0)+2*IF(AND($C$10>=$E19*0.93,$C$10<=$F19*1.07),1,0)+IF(LOWER('Enter data'!$C$11)=$G19,1,0)+IF(LOWER('Enter data'!$F$11)=$H19,1,0),""),"") | N19: =IFERROR(IF(AND(ISNUMBER('Enter data'!$B$12),ISNUMBER($C$11)),IF(AND('Enter data'!$B$12>=$C19-0.6,'Enter data'!$B$12<=$D19+0.6),1,0)+2*IF(AND($C$11>=$E19*0.93,$C$11<=$F19*1.07),1,0)+IF(LOWER('Enter data'!$C$12)=$G19,1,0)+IF(LOWER('Enter data'!$F$12)=$H19,1,0),""),"")
B20: halite | C20: 2.5 | D20: 2.5 | E20: 2.17 | F20: 2.17 | G20: white | H20: no | I20: =IFERROR(IF(AND(ISNUMBER('Enter data'!$B$7),ISNUMBER($C$6)),IF(AND('Enter data'!$B$7>=$C20-0.6,'Enter data'!$B$7<=$D20+0.6),1,0)+2*IF(AND($C$6>=$E20*0.93,$C$6<=$F20*1.07),1,0)+IF(LOWER('Enter data'!$C$7)=$G20,1,0)+IF(LOWER('Enter data'!$F$7)=$H20,1,0),""),"") -> 2 | J20: =IFERROR(IF(AND(ISNUMBER('Enter data'!$B$8),ISNUMBER($C$7)),IF(AND('Enter data'!$B$8>=$C20-0.6,'Enter data'!$B$8<=$D20+0.6),1,0)+2*IF(AND($C$7>=$E20*0.93,$C$7<=$F20*1.07),1,0)+IF(LOWER('Enter data'!$C$8)=$G20,1,0)+IF(LOWER('Enter data'!$F$8)=$H20,1,0),""),"") -> 2 | K20: =IFERROR(IF(AND(ISNUMBER('Enter data'!$B$9),ISNUMBER($C$8)),IF(AND('Enter data'!$B$9>=$C20-0.6,'Enter data'!$B$9<=$D20+0.6),1,0)+2*IF(AND($C$8>=$E20*0.93,$C$8<=$F20*1.07),1,0)+IF(LOWER('Enter data'!$C$9)=$G20,1,0)+IF(LOWER('Enter data'!$F$9)=$H20,1,0),""),"") -> 2 | L20: =IFERROR(IF(AND(ISNUMBER('Enter data'!$B$10),ISNUMBER($C$9)),IF(AND('Enter data'!$B$10>=$C20-0.6,'Enter data'!$B$10<=$D20+0.6),1,0)+2*IF(AND($C$9>=$E20*0.93,$C$9<=$F20*1.07),1,0)+IF(LOWER('Enter data'!$C$10)=$G20,1,0)+IF(LOWER('Enter data'!$F$10)=$H20,1,0),""),"") -> 1 | M20: =IFERROR(IF(AND(ISNUMBER('Enter data'!$B$11),ISNUMBER($C$10)),IF(AND('Enter data'!$B$11>=$C20-0.6,'Enter data'!$B$11<=$D20+0.6),1,0)+2*IF(AND($C$10>=$E20*0.93,$C$10<=$F20*1.07),1,0)+IF(LOWER('Enter data'!$C$11)=$G20,1,0)+IF(LOWER('Enter data'!$F$11)=$H20,1,0),""),"") | N20: =IFERROR(IF(AND(ISNUMBER('Enter data'!$B$12),ISNUMBER($C$11)),IF(AND('Enter data'!$B$12>=$C20-0.6,'Enter data'!$B$12<=$D20+0.6),1,0)+2*IF(AND($C$11>=$E20*0.93,$C$11<=$F20*1.07),1,0)+IF(LOWER('Enter data'!$C$12)=$G20,1,0)+IF(LOWER('Enter data'!$F$12)=$H20,1,0),""),"")
B21: muscovite | C21: 2 | D21: 2.5 | E21: 2.76 | F21: 3 | G21: white | H21: no | I21: =IFERROR(IF(AND(ISNUMBER('Enter data'!$B$7),ISNUMBER($C$6)),IF(AND('Enter data'!$B$7>=$C21-0.6,'Enter data'!$B$7<=$D21+0.6),1,0)+2*IF(AND($C$6>=$E21*0.93,$C$6<=$F21*1.07),1,0)+IF(LOWER('Enter data'!$C$7)=$G21,1,0)+IF(LOWER('Enter data'!$F$7)=$H21,1,0),""),"") -> 4 | J21: =IFERROR(IF(AND(ISNUMBER('Enter data'!$B$8),ISNUMBER($C$7)),IF(AND('Enter data'!$B$8>=$C21-0.6,'Enter data'!$B$8<=$D21+0.6),1,0)+2*IF(AND($C$7>=$E21*0.93,$C$7<=$F21*1.07),1,0)+IF(LOWER('Enter data'!$C$8)=$G21,1,0)+IF(LOWER('Enter data'!$F$8)=$H21,1,0),""),"") -> 4 | K21: =IFERROR(IF(AND(ISNUMBER('Enter data'!$B$9),ISNUMBER($C$8)),IF(AND('Enter data'!$B$9>=$C21-0.6,'Enter data'!$B$9<=$D21+0.6),1,0)+2*IF(AND($C$8>=$E21*0.93,$C$8<=$F21*1.07),1,0)+IF(LOWER('Enter data'!$C$9)=$G21,1,0)+IF(LOWER('Enter data'!$F$9)=$H21,1,0),""),"") -> 2 | L21: =IFERROR(IF(AND(ISNUMBER('Enter data'!$B$10),ISNUMBER($C$9)),IF(AND('Enter data'!$B$10>=$C21-0.6,'Enter data'!$B$10<=$D21+0.6),1,0)+2*IF(AND($C$9>=$E21*0.93,$C$9<=$F21*1.07),1,0)+IF(LOWER('Enter data'!$C$10)=$G21,1,0)+IF(LOWER('Enter data'!$F$10)=$H21,1,0),""),"") -> 1 | M21: =IFERROR(IF(AND(ISNUMBER('Enter data'!$B$11),ISNUMBER($C$10)),IF(AND('Enter data'!$B$11>=$C21-0.6,'Enter data'!$B$11<=$D21+0.6),1,0)+2*IF(AND($C$10>=$E21*0.93,$C$10<=$F21*1.07),1,0)+IF(LOWER('Enter data'!$C$11)=$G21,1,0)+IF(LOWER('Enter data'!$F$11)=$H21,1,0),""),"") | N21: =IFERROR(IF(AND(ISNUMBER('Enter data'!$B$12),ISNUMBER($C$11)),IF(AND('Enter data'!$B$12>=$C21-0.6,'Enter data'!$B$12<=$D21+0.6),1,0)+2*IF(AND($C$11>=$E21*0.93,$C$11<=$F21*1.07),1,0)+IF(LOWER('Enter data'!$C$12)=$G21,1,0)+IF(LOWER('Enter data'!$F$12)=$H21,1,0),""),"")
B22: biotite | C22: 2.5 | D22: 3 | E22: 2.7 | F22: 3.4 | G22: white | H22: no | I22: =IFERROR(IF(AND(ISNUMBER('Enter data'!$B$7),ISNUMBER($C$6)),IF(AND('Enter data'!$B$7>=$C22-0.6,'Enter data'!$B$7<=$D22+0.6),1,0)+2*IF(AND($C$6>=$E22*0.93,$C$6<=$F22*1.07),1,0)+IF(LOWER('Enter data'!$C$7)=$G22,1,0)+IF(LOWER('Enter data'!$F$7)=$H22,1,0),""),"") -> 4 | J22: =IFERROR(IF(AND(ISNUMBER('Enter data'!$B$8),ISNUMBER($C$7)),IF(AND('Enter data'!$B$8>=$C22-0.6,'Enter data'!$B$8<=$D22+0.6),1,0)+2*IF(AND($C$7>=$E22*0.93,$C$7<=$F22*1.07),1,0)+IF(LOWER('Enter data'!$C$8)=$G22,1,0)+IF(LOWER('Enter data'!$F$8)=$H22,1,0),""),"") -> 4 | K22: =IFERROR(IF(AND(ISNUMBER('Enter data'!$B$9),ISNUMBER($C$8)),IF(AND('Enter data'!$B$9>=$C22-0.6,'Enter data'!$B$9<=$D22+0.6),1,0)+2*IF(AND($C$8>=$E22*0.93,$C$8<=$F22*1.07),1,0)+IF(LOWER('Enter data'!$C$9)=$G22,1,0)+IF(LOWER('Enter data'!$F$9)=$H22,1,0),""),"") -> 2 | L22: =IFERROR(IF(AND(ISNUMBER('Enter data'!$B$10),ISNUMBER($C$9)),IF(AND('Enter data'!$B$10>=$C22-0.6,'Enter data'!$B$10<=$D22+0.6),1,0)+2*IF(AND($C$9>=$E22*0.93,$C$9<=$F22*1.07),1,0)+IF(LOWER('Enter data'!$C$10)=$G22,1,0)+IF(LOWER('Enter data'!$F$10)=$H22,1,0),""),"") -> 1 | M22: =IFERROR(IF(AND(ISNUMBER('Enter data'!$B$11),ISNUMBER($C$10)),IF(AND('Enter data'!$B$11>=$C22-0.6,'Enter data'!$B$11<=$D22+0.6),1,0)+2*IF(AND($C$10>=$E22*0.93,$C$10<=$F22*1.07),1,0)+IF(LOWER('Enter data'!$C$11)=$G22,1,0)+IF(LOWER('Enter data'!$F$11)=$H22,1,0),""),"") | N22: =IFERROR(IF(AND(ISNUMBER('Enter data'!$B$12),ISNUMBER($C$11)),IF(AND('Enter data'!$B$12>=$C22-0.6,'Enter data'!$B$12<=$D22+0.6),1,0)+2*IF(AND($C$11>=$E22*0.93,$C$11<=$F22*1.07),1,0)+IF(LOWER('Enter data'!$C$12)=$G22,1,0)+IF(LOWER('Enter data'!$F$12)=$H22,1,0),""),"")
B23: galena | C23: 2.5 | D23: 2.5 | E23: 7.4 | F23: 7.6 | G23: gray | H23: no | I23: =IFERROR(IF(AND(ISNUMBER('Enter data'!$B$7),ISNUMBER($C$6)),IF(AND('Enter data'!$B$7>=$C23-0.6,'Enter data'!$B$7<=$D23+0.6),1,0)+2*IF(AND($C$6>=$E23*0.93,$C$6<=$F23*1.07),1,0)+IF(LOWER('Enter data'!$C$7)=$G23,1,0)+IF(LOWER('Enter data'!$F$7)=$H23,1,0),""),"") -> 1 | J23: =IFERROR(IF(AND(ISNUMBER('Enter data'!$B$8),ISNUMBER($C$7)),IF(AND('Enter data'!$B$8>=$C23-0.6,'Enter data'!$B$8<=$D23+0.6),1,0)+2*IF(AND($C$7>=$E23*0.93,$C$7<=$F23*1.07),1,0)+IF(LOWER('Enter data'!$C$8)=$G23,1,0)+IF(LOWER('Enter data'!$F$8)=$H23,1,0),""),"") -> 1 | K23: =IFERROR(IF(AND(ISNUMBER('Enter data'!$B$9),ISNUMBER($C$8)),IF(AND('Enter data'!$B$9>=$C23-0.6,'Enter data'!$B$9<=$D23+0.6),1,0)+2*IF(AND($C$8>=$E23*0.93,$C$8<=$F23*1.07),1,0)+IF(LOWER('Enter data'!$C$9)=$G23,1,0)+IF(LOWER('Enter data'!$F$9)=$H23,1,0),""),"") -> 5 | L23: =IFERROR(IF(AND(ISNUMBER('Enter data'!$B$10),ISNUMBER($C$9)),IF(AND('Enter data'!$B$10>=$C23-0.6,'Enter data'!$B$10<=$D23+0.6),1,0)+2*IF(AND($C$9>=$E23*0.93,$C$9<=$F23*1.07),1,0)+IF(LOWER('Enter data'!$C$10)=$G23,1,0)+IF(LOWER('Enter data'!$F$10)=$H23,1,0),""),"") -> 1 | M23: =IFERROR(IF(AND(ISNUMBER('Enter data'!$B$11),ISNUMBER($C$10)),IF(AND('Enter data'!$B$11>=$C23-0.6,'Enter data'!$B$11<=$D23+0.6),1,0)+2*IF(AND($C$10>=$E23*0.93,$C$10<=$F23*1.07),1,0)+IF(LOWER('Enter data'!$C$11)=$G23,1,0)+IF(LOWER('Enter data'!$F$11)=$H23,1,0),""),"") | N23: =IFERROR(IF(AND(ISNUMBER('Enter data'!$B$12),ISNUMBER($C$11)),IF(AND('Enter data'!$B$12>=$C23-0.6,'Enter data'!$B$12<=$D23+0.6),1,0)+2*IF(AND($C$11>=$E23*0.93,$C$11<=$F23*1.07),1,0)+IF(LOWER('Enter data'!$C$12)=$G23,1,0)+IF(LOWER('Enter data'!$F$12)=$H23,1,0),""),"")
B24: pyrite | C24: 6 | D24: 6.5 | E24: 4.9 | F24: 5.2 | G24: green-black | H24: no | I24: =IFERROR(IF(AND(ISNUMBER('Enter data'!$B$7),ISNUMBER($C$6)),IF(AND('Enter data'!$B$7>=$C24-0.6,'Enter data'!$B$7<=$D24+0.6),1,0)+2*IF(AND($C$6>=$E24*0.93,$C$6<=$F24*1.07),1,0)+IF(LOWER('Enter data'!$C$7)=$G24,1,0)+IF(LOWER('Enter data'!$F$7)=$H24,1,0),""),"") -> 2 | J24: =IFERROR(IF(AND(ISNUMBER('Enter data'!$B$8),ISNUMBER($C$7)),IF(AND('Enter data'!$B$8>=$C24-0.6,'Enter data'!$B$8<=$D24+0.6),1,0)+2*IF(AND($C$7>=$E24*0.93,$C$7<=$F24*1.07),1,0)+IF(LOWER('Enter data'!$C$8)=$G24,1,0)+IF(LOWER('Enter data'!$F$8)=$H24,1,0),""),"") -> 0 | K24: =IFERROR(IF(AND(ISNUMBER('Enter data'!$B$9),ISNUMBER($C$8)),IF(AND('Enter data'!$B$9>=$C24-0.6,'Enter data'!$B$9<=$D24+0.6),1,0)+2*IF(AND($C$8>=$E24*0.93,$C$8<=$F24*1.07),1,0)+IF(LOWER('Enter data'!$C$9)=$G24,1,0)+IF(LOWER('Enter data'!$F$9)=$H24,1,0),""),"") -> 1 | L24: =IFERROR(IF(AND(ISNUMBER('Enter data'!$B$10),ISNUMBER($C$9)),IF(AND('Enter data'!$B$10>=$C24-0.6,'Enter data'!$B$10<=$D24+0.6),1,0)+2*IF(AND($C$9>=$E24*0.93,$C$9<=$F24*1.07),1,0)+IF(LOWER('Enter data'!$C$10)=$G24,1,0)+IF(LOWER('Enter data'!$F$10)=$H24,1,0),""),"") -> 5 | M24: =IFERROR(IF(AND(ISNUMBER('Enter data'!$B$11),ISNUMBER($C$10)),IF(AND('Enter data'!$B$11>=$C24-0.6,'Enter data'!$B$11<=$D24+0.6),1,0)+2*IF(AND($C$10>=$E24*0.93,$C$10<=$F24*1.07),1,0)+IF(LOWER('Enter data'!$C$11)=$G24,1,0)+IF(LOWER('Enter data'!$F$11)=$H24,1,0),""),"") | N24: =IFERROR(IF(AND(ISNUMBER('Enter data'!$B$12),ISNUMBER($C$11)),IF(AND('Enter data'!$B$12>=$C24-0.6,'Enter data'!$B$12<=$D24+0.6),1,0)+2*IF(AND($C$11>=$E24*0.93,$C$11<=$F24*1.07),1,0)+IF(LOWER('Enter data'!$C$12)=$G24,1,0)+IF(LOWER('Enter data'!$F$12)=$H24,1,0),""),"")
B25: hematite | C25: 5 | D25: 6 | E25: 4.9 | F25: 5.3 | G25: red-brown | H25: no | I25: =IFERROR(IF(AND(ISNUMBER('Enter data'!$B$7),ISNUMBER($C$6)),IF(AND('Enter data'!$B$7>=$C25-0.6,'Enter data'!$B$7<=$D25+0.6),1,0)+2*IF(AND($C$6>=$E25*0.93,$C$6<=$F25*1.07),1,0)+IF(LOWER('Enter data'!$C$7)=$G25,1,0)+IF(LOWER('Enter data'!$F$7)=$H25,1,0),""),"") -> 1 | J25: =IFERROR(IF(AND(ISNUMBER('Enter data'!$B$8),ISNUMBER($C$7)),IF(AND('Enter data'!$B$8>=$C25-0.6,'Enter data'!$B$8<=$D25+0.6),1,0)+2*IF(AND($C$7>=$E25*0.93,$C$7<=$F25*1.07),1,0)+IF(LOWER('Enter data'!$C$8)=$G25,1,0)+IF(LOWER('Enter data'!$F$8)=$H25,1,0),""),"") -> 0 | K25: =IFERROR(IF(AND(ISNUMBER('Enter data'!$B$9),ISNUMBER($C$8)),IF(AND('Enter data'!$B$9>=$C25-0.6,'Enter data'!$B$9<=$D25+0.6),1,0)+2*IF(AND($C$8>=$E25*0.93,$C$8<=$F25*1.07),1,0)+IF(LOWER('Enter data'!$C$9)=$G25,1,0)+IF(LOWER('Enter data'!$F$9)=$H25,1,0),""),"") -> 1 | L25: =IFERROR(IF(AND(ISNUMBER('Enter data'!$B$10),ISNUMBER($C$9)),IF(AND('Enter data'!$B$10>=$C25-0.6,'Enter data'!$B$10<=$D25+0.6),1,0)+2*IF(AND($C$9>=$E25*0.93,$C$9<=$F25*1.07),1,0)+IF(LOWER('Enter data'!$C$10)=$G25,1,0)+IF(LOWER('Enter data'!$F$10)=$H25,1,0),""),"") -> 4 | M25: =IFERROR(IF(AND(ISNUMBER('Enter data'!$B$11),ISNUMBER($C$10)),IF(AND('Enter data'!$B$11>=$C25-0.6,'Enter data'!$B$11<=$D25+0.6),1,0)+2*IF(AND($C$10>=$E25*0.93,$C$10<=$F25*1.07),1,0)+IF(LOWER('Enter data'!$C$11)=$G25,1,0)+IF(LOWER('Enter data'!$F$11)=$H25,1,0),""),"") | N25: =IFERROR(IF(AND(ISNUMBER('Enter data'!$B$12),ISNUMBER($C$11)),IF(AND('Enter data'!$B$12>=$C25-0.6,'Enter data'!$B$12<=$D25+0.6),1,0)+2*IF(AND($C$11>=$E25*0.93,$C$11<=$F25*1.07),1,0)+IF(LOWER('Enter data'!$C$12)=$G25,1,0)+IF(LOWER('Enter data'!$F$12)=$H25,1,0),""),"")
B26: magnetite | C26: 5.5 | D26: 6.5 | E26: 5.15 | F26: 5.2 | G26: black | H26: no | I26: =IFERROR(IF(AND(ISNUMBER('Enter data'!$B$7),ISNUMBER($C$6)),IF(AND('Enter data'!$B$7>=$C26-0.6,'Enter data'!$B$7<=$D26+0.6),1,0)+2*IF(AND($C$6>=$E26*0.93,$C$6<=$F26*1.07),1,0)+IF(LOWER('Enter data'!$C$7)=$G26,1,0)+IF(LOWER('Enter data'!$F$7)=$H26,1,0),""),"") -> 2 | J26: =IFERROR(IF(AND(ISNUMBER('Enter data'!$B$8),ISNUMBER($C$7)),IF(AND('Enter data'!$B$8>=$C26-0.6,'Enter data'!$B$8<=$D26+0.6),1,0)+2*IF(AND($C$7>=$E26*0.93,$C$7<=$F26*1.07),1,0)+IF(LOWER('Enter data'!$C$8)=$G26,1,0)+IF(LOWER('Enter data'!$F$8)=$H26,1,0),""),"") -> 0 | K26: =IFERROR(IF(AND(ISNUMBER('Enter data'!$B$9),ISNUMBER($C$8)),IF(AND('Enter data'!$B$9>=$C26-0.6,'Enter data'!$B$9<=$D26+0.6),1,0)+2*IF(AND($C$8>=$E26*0.93,$C$8<=$F26*1.07),1,0)+IF(LOWER('Enter data'!$C$9)=$G26,1,0)+IF(LOWER('Enter data'!$F$9)=$H26,1,0),""),"") -> 1 | L26: =IFERROR(IF(AND(ISNUMBER('Enter data'!$B$10),ISNUMBER($C$9)),IF(AND('Enter data'!$B$10>=$C26-0.6,'Enter data'!$B$10<=$D26+0.6),1,0)+2*IF(AND($C$9>=$E26*0.93,$C$9<=$F26*1.07),1,0)+IF(LOWER('Enter data'!$C$10)=$G26,1,0)+IF(LOWER('Enter data'!$F$10)=$H26,1,0),""),"") -> 4 | M26: =IFERROR(IF(AND(ISNUMBER('Enter data'!$B$11),ISNUMBER($C$10)),IF(AND('Enter data'!$B$11>=$C26-0.6,'Enter data'!$B$11<=$D26+0.6),1,0)+2*IF(AND($C$10>=$E26*0.93,$C$10<=$F26*1.07),1,0)+IF(LOWER('Enter data'!$C$11)=$G26,1,0)+IF(LOWER('Enter data'!$F$11)=$H26,1,0),""),"") | N26: =IFERROR(IF(AND(ISNUMBER('Enter data'!$B$12),ISNUMBER($C$11)),IF(AND('Enter data'!$B$12>=$C26-0.6,'Enter data'!$B$12<=$D26+0.6),1,0)+2*IF(AND($C$11>=$E26*0.93,$C$11<=$F26*1.07),1,0)+IF(LOWER('Enter data'!$C$12)=$G26,1,0)+IF(LOWER('Enter data'!$F$12)=$H26,1,0),""),"")
B27: fluorite | C27: 4 | D27: 4 | E27: 3 | F27: 3.3 | G27: white | H27: no | I27: =IFERROR(IF(AND(ISNUMBER('Enter data'!$B$7),ISNUMBER($C$6)),IF(AND('Enter data'!$B$7>=$C27-0.6,'Enter data'!$B$7<=$D27+0.6),1,0)+2*IF(AND($C$6>=$E27*0.93,$C$6<=$F27*1.07),1,0)+IF(LOWER('Enter data'!$C$7)=$G27,1,0)+IF(LOWER('Enter data'!$F$7)=$H27,1,0),""),"") -> 2 | J27: =IFERROR(IF(AND(ISNUMBER('Enter data'!$B$8),ISNUMBER($C$7)),IF(AND('Enter data'!$B$8>=$C27-0.6,'Enter data'!$B$8<=$D27+0.6),1,0)+2*IF(AND($C$7>=$E27*0.93,$C$7<=$F27*1.07),1,0)+IF(LOWER('Enter data'!$C$8)=$G27,1,0)+IF(LOWER('Enter data'!$F$8)=$H27,1,0),""),"") -> 1 | K27: =IFERROR(IF(AND(ISNUMBER('Enter data'!$B$9),ISNUMBER($C$8)),IF(AND('Enter data'!$B$9>=$C27-0.6,'Enter data'!$B$9<=$D27+0.6),1,0)+2*IF(AND($C$8>=$E27*0.93,$C$8<=$F27*1.07),1,0)+IF(LOWER('Enter data'!$C$9)=$G27,1,0)+IF(LOWER('Enter data'!$F$9)=$H27,1,0),""),"") -> 1 | L27: =IFERROR(IF(AND(ISNUMBER('Enter data'!$B$10),ISNUMBER($C$9)),IF(AND('Enter data'!$B$10>=$C27-0.6,'Enter data'!$B$10<=$D27+0.6),1,0)+2*IF(AND($C$9>=$E27*0.93,$C$9<=$F27*1.07),1,0)+IF(LOWER('Enter data'!$C$10)=$G27,1,0)+IF(LOWER('Enter data'!$F$10)=$H27,1,0),""),"") -> 1 | M27: =IFERROR(IF(AND(ISNUMBER('Enter data'!$B$11),ISNUMBER($C$10)),IF(AND('Enter data'!$B$11>=$C27-0.6,'Enter data'!$B$11<=$D27+0.6),1,0)+2*IF(AND($C$10>=$E27*0.93,$C$10<=$F27*1.07),1,0)+IF(LOWER('Enter data'!$C$11)=$G27,1,0)+IF(LOWER('Enter data'!$F$11)=$H27,1,0),""),"") | N27: =IFERROR(IF(AND(ISNUMBER('Enter data'!$B$12),ISNUMBER($C$11)),IF(AND('Enter data'!$B$12>=$C27-0.6,'Enter data'!$B$12<=$D27+0.6),1,0)+2*IF(AND($C$11>=$E27*0.93,$C$11<=$F27*1.07),1,0)+IF(LOWER('Enter data'!$C$12)=$G27,1,0)+IF(LOWER('Enter data'!$F$12)=$H27,1,0),""),"")
B28: talc | C28: 1 | D28: 1 | E28: 2.7 | F28: 2.8 | G28: white | H28: no | I28: =IFERROR(IF(AND(ISNUMBER('Enter data'!$B$7),ISNUMBER($C$6)),IF(AND('Enter data'!$B$7>=$C28-0.6,'Enter data'!$B$7<=$D28+0.6),1,0)+2*IF(AND($C$6>=$E28*0.93,$C$6<=$F28*1.07),1,0)+IF(LOWER('Enter data'!$C$7)=$G28,1,0)+IF(LOWER('Enter data'!$F$7)=$H28,1,0),""),"") -> 4 | J28: =IFERROR(IF(AND(ISNUMBER('Enter data'!$B$8),ISNUMBER($C$7)),IF(AND('Enter data'!$B$8>=$C28-0.6,'Enter data'!$B$8<=$D28+0.6),1,0)+2*IF(AND($C$7>=$E28*0.93,$C$7<=$F28*1.07),1,0)+IF(LOWER('Enter data'!$C$8)=$G28,1,0)+IF(LOWER('Enter data'!$F$8)=$H28,1,0),""),"") -> 3 | K28: =IFERROR(IF(AND(ISNUMBER('Enter data'!$B$9),ISNUMBER($C$8)),IF(AND('Enter data'!$B$9>=$C28-0.6,'Enter data'!$B$9<=$D28+0.6),1,0)+2*IF(AND($C$8>=$E28*0.93,$C$8<=$F28*1.07),1,0)+IF(LOWER('Enter data'!$C$9)=$G28,1,0)+IF(LOWER('Enter data'!$F$9)=$H28,1,0),""),"") -> 1 | L28: =IFERROR(IF(AND(ISNUMBER('Enter data'!$B$10),ISNUMBER($C$9)),IF(AND('Enter data'!$B$10>=$C28-0.6,'Enter data'!$B$10<=$D28+0.6),1,0)+2*IF(AND($C$9>=$E28*0.93,$C$9<=$F28*1.07),1,0)+IF(LOWER('Enter data'!$C$10)=$G28,1,0)+IF(LOWER('Enter data'!$F$10)=$H28,1,0),""),"") -> 1 | M28: =IFERROR(IF(AND(ISNUMBER('Enter data'!$B$11),ISNUMBER($C$10)),IF(AND('Enter data'!$B$11>=$C28-0.6,'Enter data'!$B$11<=$D28+0.6),1,0)+2*IF(AND($C$10>=$E28*0.93,$C$10<=$F28*1.07),1,0)+IF(LOWER('Enter data'!$C$11)=$G28,1,0)+IF(LOWER('Enter data'!$F$11)=$H28,1,0),""),"") | N28: =IFERROR(IF(AND(ISNUMBER('Enter data'!$B$12),ISNUMBER($C$11)),IF(AND('Enter data'!$B$12>=$C28-0.6,'Enter data'!$B$12<=$D28+0.6),1,0)+2*IF(AND($C$11>=$E28*0.93,$C$11<=$F28*1.07),1,0)+IF(LOWER('Enter data'!$C$12)=$G28,1,0)+IF(LOWER('Enter data'!$F$12)=$H28,1,0),""),"")
B31: Best match for each specimen
B32: Specimen | C32: Best match (first in table if tied) | D32: Score (out of 5) | E32: Minerals tied at the top
B33: =IFERROR(IF('Enter data'!$A$7="","",'Enter data'!$A$7),"") -> A | C33: =IFERROR(IF(COUNT($I$16:$I$28)=0,"",INDEX($B$16:$B$28,MATCH(MAX($I$16:$I$28),$I$16:$I$28,0))),"") -> quartz | D33: =IFERROR(IF(COUNT($I$16:$I$28)=0,"",MAX($I$16:$I$28)),"") -> 5 | E33: =IFERROR(IF(COUNT($I$16:$I$28)=0,"",COUNTIF($I$16:$I$28,MAX($I$16:$I$28))),"") -> 1
B34: =IFERROR(IF('Enter data'!$A$8="","",'Enter data'!$A$8),"") -> B | C34: =IFERROR(IF(COUNT($J$16:$J$28)=0,"",INDEX($B$16:$B$28,MATCH(MAX($J$16:$J$28),$J$16:$J$28,0))),"") -> calcite | D34: =IFERROR(IF(COUNT($J$16:$J$28)=0,"",MAX($J$16:$J$28)),"") -> 5 | E34: =IFERROR(IF(COUNT($J$16:$J$28)=0,"",COUNTIF($J$16:$J$28,MAX($J$16:$J$28))),"") -> 1
B35: =IFERROR(IF('Enter data'!$A$9="","",'Enter data'!$A$9),"") -> C | C35: =IFERROR(IF(COUNT($K$16:$K$28)=0,"",INDEX($B$16:$B$28,MATCH(MAX($K$16:$K$28),$K$16:$K$28,0))),"") -> galena | D35: =IFERROR(IF(COUNT($K$16:$K$28)=0,"",MAX($K$16:$K$28)),"") -> 5 | E35: =IFERROR(IF(COUNT($K$16:$K$28)=0,"",COUNTIF($K$16:$K$28,MAX($K$16:$K$28))),"") -> 1
B36: =IFERROR(IF('Enter data'!$A$10="","",'Enter data'!$A$10),"") -> D | C36: =IFERROR(IF(COUNT($L$16:$L$28)=0,"",INDEX($B$16:$B$28,MATCH(MAX($L$16:$L$28),$L$16:$L$28,0))),"") -> pyrite | D36: =IFERROR(IF(COUNT($L$16:$L$28)=0,"",MAX($L$16:$L$28)),"") -> 5 | E36: =IFERROR(IF(COUNT($L$16:$L$28)=0,"",COUNTIF($L$16:$L$28,MAX($L$16:$L$28))),"") -> 1
B37: =IFERROR(IF('Enter data'!$A$11="","",'Enter data'!$A$11),"") | C37: =IFERROR(IF(COUNT($M$16:$M$28)=0,"",INDEX($B$16:$B$28,MATCH(MAX($M$16:$M$28),$M$16:$M$28,0))),"") | D37: =IFERROR(IF(COUNT($M$16:$M$28)=0,"",MAX($M$16:$M$28)),"") | E37: =IFERROR(IF(COUNT($M$16:$M$28)=0,"",COUNTIF($M$16:$M$28,MAX($M$16:$M$28))),"")
B38: =IFERROR(IF('Enter data'!$A$12="","",'Enter data'!$A$12),"") | C38: =IFERROR(IF(COUNT($N$16:$N$28)=0,"",INDEX($B$16:$B$28,MATCH(MAX($N$16:$N$28),$N$16:$N$28,0))),"") | D38: =IFERROR(IF(COUNT($N$16:$N$28)=0,"",MAX($N$16:$N$28)),"") | E38: =IFERROR(IF(COUNT($N$16:$N$28)=0,"",COUNTIF($N$16:$N$28,MAX($N$16:$N$28))),"")
B41: Effect of the balance on specific gravity
B42: Error in SG from 0.1 g reading errors on a 50 g quartz specimen (%) | C42: =IFERROR(100*0.2/(50-31.13),"") -> 1.0598834 | D42: Use specimens of about 50 g or more.
