Workbook

Sheet Start here
B1: ENV-04 Earthquake magnitudes: the Gutenberg-Richter b-value
B2: Excel version of the card. It does the same calculations as the R script env04_gutenberg_richter.R.
B4: How to use this workbook
B5: 1. Go to the 'Enter data' sheet. Type only in the yellow cells with blue text. Grey cells are calculated for you.
B6: 2. Fill the blocks that apply. Leave rows you did not use empty. The grey italic row above each table is an example of the format and is not used.
B7: 3. Open the 'Results' sheet. Everything there is calculated. Yellow cells on that sheet are settings you may change.
B9: What the colours mean
B10: Yellow cell, blue text: you type here.
B11: Grey cell: a formula. Sheets are protected without a password so formulas are not overwritten by accident (Review > Unprotect Sheet).
B13: Assumptions and sources
B14: Enter one magnitude per row from a catalog you have checked the terms of (for example USGS ANSS ComCat). Mc = magnitude of completeness by maximum curvature (the most frequent magnitude bin).
B15: b = log10(e) / (mean magnitude of events at or above Mc - (Mc - bin width / 2)) (Aki 1965 with Utsu's bin correction); standard error = b / sqrt(n).
... B22: Compiled by Emmanuel G. Lozano, Department of Biology, College of Arts and Sciences, Pampanga State University. Original material is licensed CC BY-NC 4.0: credit required, non-commercial use only.

Sheet Enter data
A1: Enter your data
A2: Type only in yellow cells. Leave unused rows empty.
A4: 1. Magnitudes
A5: Magnitude | B5: Binned magnitude
A6: 4.6
A7: 4 | B7: =IF(ISNUMBER(A7),ROUND(A7/Results!$C$5,0)*Results!$C$5,"") -> 4
A8: 4.1 | B8: =IF(ISNUMBER(A8),ROUND(A8/Results!$C$5,0)*Results!$C$5,"") -> 4.1
A9: 4.6 | B9: =IF(ISNUMBER(A9),ROUND(A9/Results!$C$5,0)*Results!$C$5,"") -> 4.6
A10: 4.9 | B10: =IF(ISNUMBER(A10),ROUND(A10/Results!$C$5,0)*Results!$C$5,"") -> 4.9
A11: 4.1 | B11: =IF(ISNUMBER(A11),ROUND(A11/Results!$C$5,0)*Results!$C$5,"") -> 4.1
A12: 4.1 | B12: =IF(ISNUMBER(A12),ROUND(A12/Results!$C$5,0)*Results!$C$5,"") -> 4.1
A13: 4.1 | B13: =IF(ISNUMBER(A13),ROUND(A13/Results!$C$5,0)*Results!$C$5,"") -> 4.1
A14: 4 | B14: =IF(ISNUMBER(A14),ROUND(A14/Results!$C$5,0)*Results!$C$5,"") -> 4
A15: 4.4 | B15: =IF(ISNUMBER(A15),ROUND(A15/Results!$C$5,0)*Results!$C$5,"") -> 4.4
A16: 4 | B16: =IF(ISNUMBER(A16),ROUND(A16/Results!$C$5,0)*Results!$C$5,"") -> 4
A17: 4.1 | B17: =IF(ISNUMBER(A17),ROUND(A17/Results!$C$5,0)*Results!$C$5,"") -> 4.1
A18: 5.4 | B18: =IF(ISNUMBER(A18),ROUND(A18/Results!$C$5,0)*Results!$C$5,"") -> 5.4
... A806: 4 | B806: =IF(ISNUMBER(A806),ROUND(A806/Results!$C$5,0)*Results!$C$5,"") -> 4
B807: =IF(ISNUMBER(A807),ROUND(A807/Results!$C$5,0)*Results!$C$5,"")
B808: =IF(ISNUMBER(A808),ROUND(A808/Results!$C$5,0)*Results!$C$5,"")
B809: =IF(ISNUMBER(A809),ROUND(A809/Results!$C$5,0)*Results!$C$5,"")
B810: =IF(ISNUMBER(A810),ROUND(A810/Results!$C$5,0)*Results!$C$5,"")
B811: =IF(ISNUMBER(A811),ROUND(A811/Results!$C$5,0)*Results!$C$5,"")
B812: =IF(ISNUMBER(A812),ROUND(A812/Results!$C$5,0)*Results!$C$5,"")
B813: =IF(ISNUMBER(A813),ROUND(A813/Results!$C$5,0)*Results!$C$5,"")
B814: =IF(ISNUMBER(A814),ROUND(A814/Results!$C$5,0)*Results!$C$5,"")
B815: =IF(ISNUMBER(A815),ROUND(A815/Results!$C$5,0)*Results!$C$5,"")
B816: =IF(ISNUMBER(A816),ROUND(A816/Results!$C$5,0)*Results!$C$5,"")
B817: =IF(ISNUMBER(A817),ROUND(A817/Results!$C$5,0)*Results!$C$5,"")
B818: =IF(ISNUMBER(A818),ROUND(A818/Results!$C$5,0)*Results!$C$5,"")
... B1006: =IF(ISNUMBER(A1006),ROUND(A1006/Results!$C$5,0)*Results!$C$5,"")

Sheet Results
B1: Results
B2: Everything on this sheet is calculated. Change only the yellow settings.
B4: Settings
B5: Magnitude bin width | C5: 0.1
B7: Completeness magnitude and b-value
B8: Events | C8: =IFERROR(COUNT('Enter data'!$A$7:$A$1006),"") -> 800
B9: Mc by maximum curvature | C9: =IFERROR(MODE('Enter data'!$B$7:$B$1006),"") -> 4
B10: Events at or above Mc | C10: =IFERROR(COUNTIF('Enter data'!$A$7:$A$1006,">="&$C$9),"") -> 800
B11: Mean magnitude above Mc | C11: =IFERROR(AVERAGEIF('Enter data'!$A$7:$A$1006,">="&$C$9),"") -> 4.39275
B12: b-value (maximum likelihood) | C12: =IFERROR(LOG10(EXP(1))/($C$11-($C$9-Results!$C$5/2)),"") -> 0.98090227
B13: Standard error | C13: =IFERROR($C$12/SQRT($C$10),"") -> 0.034680132
B14: Approximate 95% interval, lower | C14: =IFERROR($C$12-1.96*$C$13,"") -> 0.91292921
B15: Approximate 95% interval, upper | C15: =IFERROR($C$12+1.96*$C$13,"") -> 1.0488753
B17: Sensitivity to the cutoff magnitude
B18: Cutoff | C18: Events | D18: Mean magnitude | E18: b | F18: Standard error
B19: =IFERROR($C$9+0,"") -> 4 | C19: =IFERROR(COUNTIF('Enter data'!$A$7:$A$1006,">="&B19),"") -> 800 | D19: =IFERROR(AVERAGEIF('Enter data'!$A$7:$A$1006,">="&B19),"") -> 4.39275 | E19: =IFERROR(LOG10(EXP(1))/(D19-(B19-Results!$C$5/2)),"") -> 0.98090227 | F19: =IFERROR(E19/SQRT(C19),"") -> 0.034680132
B20: =IFERROR($C$9+0.2,"") -> 4.2 | C20: =IFERROR(COUNTIF('Enter data'!$A$7:$A$1006,">="&B20),"") -> 508 | D20: =IFERROR(AVERAGEIF('Enter data'!$A$7:$A$1006,">="&B20),"") -> 4.5917323 | E20: =IFERROR(LOG10(EXP(1))/(D20-(B20-Results!$C$5/2)),"") -> 0.9831622 | F20: =IFERROR(E20/SQRT(C20),"") -> 0.043620769
B21: =IFERROR($C$9+0.4,"") -> 4.4 | C21: =IFERROR(COUNTIF('Enter data'!$A$7:$A$1006,">="&B21),"") -> 330 | D21: =IFERROR(AVERAGEIF('Enter data'!$A$7:$A$1006,">="&B21),"") -> 4.78 | E21: =IFERROR(LOG10(EXP(1))/(D21-(B21-Results!$C$5/2)),"") -> 1.0099872 | F21: =IFERROR(E21/SQRT(C21),"") -> 0.055597964
B22: =IFERROR($C$9+0.6,"") -> 4.6 | C22: =IFERROR(COUNTIF('Enter data'!$A$7:$A$1006,">="&B22),"") -> 204 | D22: =IFERROR(AVERAGEIF('Enter data'!$A$7:$A$1006,">="&B22),"") -> 4.9823529 | E22: =IFERROR(LOG10(EXP(1))/(D22-(B22-Results!$C$5/2)),"") -> 1.0044906 | F22: =IFERROR(E22/SQRT(C22),"") -> 0.070328412
