Workbook

Sheet Start here
B1: ENV-02 Porosity and density of rocks by water absorption
B2: Excel version of the card. It does the same calculations as the R script env02_rock_porosity.R.
B4: How to use this workbook
B5: 1. Go to the 'Enter data' sheet. Type only in the yellow cells with blue text. Grey cells are calculated for you.
B6: 2. Fill the blocks that apply. Leave rows you did not use empty. The grey italic row above each table is an example of the format and is not used.
B7: 3. Open the 'Results' sheet. Everything there is calculated. Yellow cells on that sheet are settings you may change.
B9: What the colours mean
B10: Yellow cell, blue text: you type here.
B11: Grey cell: a formula. Sheets are protected without a password so formulas are not overwritten by accident (Review > Unprotect Sheet).
B13: Assumptions and sources
B14: Absorption (%) = (saturated mass - dry mass) / dry mass x 100. Bulk density = dry mass / bulk volume. Apparent porosity (%) = (saturated mass - dry mass) / (water density x volume) x 100.
B15: Bulk volume: read the balance with the saturated piece suspended in a beaker of water; the reading in grams divided by the water density gives the volume in mL (use 1 for approximately 1 g/mL, or set the density below).
... B20: Compiled by Emmanuel G. Lozano, Department of Biology, College of Arts and Sciences, Pampanga State University. Original material is licensed CC BY-NC 4.0: credit required, non-commercial use only.

Sheet Enter data
A1: Enter your data
A2: Type only in yellow cells. Leave unused rows empty.
A4: 1. Rock type names
A5: Type 1 | B5: Type 2 | C5: Type 3 | D5: Type 4 | E5: Type 5
A6: limestone | B6: sandstone | C6: andesite | D6: basalt | E6: coral limestone
A9: 2. Pieces
A10: Rock type | B10: Dry mass (g) | C10: Saturated mass (g) | D10: Bulk volume (mL) | E10: Absorption (%) | F10: Bulk density (g/mL) | G10: Apparent porosity (%) | H10: Density (text blank) | I10: Porosity (text blank)
A11: limestone | B11: 250 | C11: 258.2 | D11: 100
A12: limestone | B12: 261.9 | C12: 267 | D12: 103 | E12: =IF(AND(ISNUMBER(B12),ISNUMBER(C12),B12>0),100*(C12-B12)/B12,0) -> 1.9473081 | F12: =IF(AND(ISNUMBER(B12),ISNUMBER(D12),D12>0),B12/D12,0) -> 2.5427184 | G12: =IF(AND(ISNUMBER(B12),ISNUMBER(C12),ISNUMBER(D12),D12>0),100*(C12-B12)/(Results!$C$5*D12),0) -> 4.9663554 | H12: =IF(F12>0,F12,"") -> 2.5427184 | I12: =IF(G12>0,G12,"") -> 4.9663554
A13: limestone | B13: 244.8 | C13: 249.6 | D13: 97 | E13: =IF(AND(ISNUMBER(B13),ISNUMBER(C13),B13>0),100*(C13-B13)/B13,0) -> 1.9607843 | F13: =IF(AND(ISNUMBER(B13),ISNUMBER(D13),D13>0),B13/D13,0) -> 2.5237113 | G13: =IF(AND(ISNUMBER(B13),ISNUMBER(C13),ISNUMBER(D13),D13>0),100*(C13-B13)/(Results!$C$5*D13),0) -> 4.9633436 | H13: =IF(F13>0,F13,"") -> 2.5237113 | I13: =IF(G13>0,G13,"") -> 4.9633436
A14: limestone | B14: 231.1 | C14: 235.7 | D14: 92 | E14: =IF(AND(ISNUMBER(B14),ISNUMBER(C14),B14>0),100*(C14-B14)/B14,0) -> 1.9904803 | F14: =IF(AND(ISNUMBER(B14),ISNUMBER(D14),D14>0),B14/D14,0) -> 2.5119565 | G14: =IF(AND(ISNUMBER(B14),ISNUMBER(C14),ISNUMBER(D14),D14>0),100*(C14-B14)/(Results!$C$5*D14),0) -> 5.0150451 | H14: =IF(F14>0,F14,"") -> 2.5119565 | I14: =IF(G14>0,G14,"") -> 5.0150451
A15: sandstone | B15: 229.2 | C15: 247.7 | D15: 103 | E15: =IF(AND(ISNUMBER(B15),ISNUMBER(C15),B15>0),100*(C15-B15)/B15,0) -> 8.0715532 | F15: =IF(AND(ISNUMBER(B15),ISNUMBER(D15),D15>0),B15/D15,0) -> 2.2252427 | G15: =IF(AND(ISNUMBER(B15),ISNUMBER(C15),ISNUMBER(D15),D15>0),100*(C15-B15)/(Results!$C$5*D15),0) -> 18.015211 | H15: =IF(F15>0,F15,"") -> 2.2252427 | I15: =IF(G15>0,G15,"") -> 18.015211
A16: sandstone | B16: 226.5 | C16: 244.9 | D16: 103 | E16: =IF(AND(ISNUMBER(B16),ISNUMBER(C16),B16>0),100*(C16-B16)/B16,0) -> 8.1236203 | F16: =IF(AND(ISNUMBER(B16),ISNUMBER(D16),D16>0),B16/D16,0) -> 2.1990291 | G16: =IF(AND(ISNUMBER(B16),ISNUMBER(C16),ISNUMBER(D16),D16>0),100*(C16-B16)/(Results!$C$5*D16),0) -> 17.917831 | H16: =IF(F16>0,F16,"") -> 2.1990291 | I16: =IF(G16>0,G16,"") -> 17.917831
A17: sandstone | B17: 223.6 | C17: 241.9 | D17: 102 | E17: =IF(AND(ISNUMBER(B17),ISNUMBER(C17),B17>0),100*(C17-B17)/B17,0) -> 8.1842576 | F17: =IF(AND(ISNUMBER(B17),ISNUMBER(D17),D17>0),B17/D17,0) -> 2.1921569 | G17: =IF(AND(ISNUMBER(B17),ISNUMBER(C17),ISNUMBER(D17),D17>0),100*(C17-B17)/(Results!$C$5*D17),0) -> 17.995162 | H17: =IF(F17>0,F17,"") -> 2.1921569 | I17: =IF(G17>0,G17,"") -> 17.995162
A18: andesite | B18: 267.8 | C18: 273.1 | D18: 106 | E18: =IF(AND(ISNUMBER(B18),ISNUMBER(C18),B18>0),100*(C18-B18)/B18,0) -> 1.9790889 | F18: =IF(AND(ISNUMBER(B18),ISNUMBER(D18),D18>0),B18/D18,0) -> 2.5264151 | G18: =IF(AND(ISNUMBER(B18),ISNUMBER(C18),ISNUMBER(D18),D18>0),100*(C18-B18)/(Results!$C$5*D18),0) -> 5.0150451 | H18: =IF(F18>0,F18,"") -> 2.5264151 | I18: =IF(G18>0,G18,"") -> 5.0150451
A19: andesite | B19: 271 | C19: 276.3 | D19: 106 | E19: =IF(AND(ISNUMBER(B19),ISNUMBER(C19),B19>0),100*(C19-B19)/B19,0) -> 1.9557196 | F19: =IF(AND(ISNUMBER(B19),ISNUMBER(D19),D19>0),B19/D19,0) -> 2.5566038 | G19: =IF(AND(ISNUMBER(B19),ISNUMBER(C19),ISNUMBER(D19),D19>0),100*(C19-B19)/(Results!$C$5*D19),0) -> 5.0150451 | H19: =IF(F19>0,F19,"") -> 2.5566038 | I19: =IF(G19>0,G19,"") -> 5.0150451
A20: andesite | B20: 251 | C20: 256 | D20: 100 | E20: =IF(AND(ISNUMBER(B20),ISNUMBER(C20),B20>0),100*(C20-B20)/B20,0) -> 1.9920319 | F20: =IF(AND(ISNUMBER(B20),ISNUMBER(D20),D20>0),B20/D20,0) -> 2.51 | G20: =IF(AND(ISNUMBER(B20),ISNUMBER(C20),ISNUMBER(D20),D20>0),100*(C20-B20)/(Results!$C$5*D20),0) -> 5.0150451 | H20: =IF(F20>0,F20,"") -> 2.51 | I20: =IF(G20>0,G20,"") -> 5.0150451
A21: basalt | B21: 293.4 | C21: 296.4 | D21: 100 | E21: =IF(AND(ISNUMBER(B21),ISNUMBER(C21),B21>0),100*(C21-B21)/B21,0) -> 1.0224949 | F21: =IF(AND(ISNUMBER(B21),ISNUMBER(D21),D21>0),B21/D21,0) -> 2.934 | G21: =IF(AND(ISNUMBER(B21),ISNUMBER(C21),ISNUMBER(D21),D21>0),100*(C21-B21)/(Results!$C$5*D21),0) -> 3.0090271 | H21: =IF(F21>0,F21,"") -> 2.934 | I21: =IF(G21>0,G21,"") -> 3.0090271
A22: basalt | B22: 282.6 | C22: 285.6 | D22: 100 | E22: =IF(AND(ISNUMBER(B22),ISNUMBER(C22),B22>0),100*(C22-B22)/B22,0) -> 1.0615711 | F22: =IF(AND(ISNUMBER(B22),ISNUMBER(D22),D22>0),B22/D22,0) -> 2.826 | G22: =IF(AND(ISNUMBER(B22),ISNUMBER(C22),ISNUMBER(D22),D22>0),100*(C22-B22)/(Results!$C$5*D22),0) -> 3.0090271 | H22: =IF(F22>0,F22,"") -> 2.826 | I22: =IF(G22>0,G22,"") -> 3.0090271
A23: basalt | B23: 294.6 | C23: 297.7 | D23: 102 | E23: =IF(AND(ISNUMBER(B23),ISNUMBER(C23),B23>0),100*(C23-B23)/B23,0) -> 1.0522743 | F23: =IF(AND(ISNUMBER(B23),ISNUMBER(D23),D23>0),B23/D23,0) -> 2.8882353 | G23: =IF(AND(ISNUMBER(B23),ISNUMBER(C23),ISNUMBER(D23),D23>0),100*(C23-B23)/(Results!$C$5*D23),0) -> 3.0483608 | H23: =IF(F23>0,F23,"") -> 2.8882353 | I23: =IF(G23>0,G23,"") -> 3.0483608
... A26: coral limestone | B26: 180.6 | C26: 210.4 | D26: 100 | E26: =IF(AND(ISNUMBER(B26),ISNUMBER(C26),B26>0),100*(C26-B26)/B26,0) -> 16.500554 | F26: =IF(AND(ISNUMBER(B26),ISNUMBER(D26),D26>0),B26/D26,0) -> 1.806 | G26: =IF(AND(ISNUMBER(B26),ISNUMBER(C26),ISNUMBER(D26),D26>0),100*(C26-B26)/(Results!$C$5*D26),0) -> 29.889669 | H26: =IF(F26>0,F26,"") -> 1.806 | I26: =IF(G26>0,G26,"") -> 29.889669
E27: =IF(AND(ISNUMBER(B27),ISNUMBER(C27),B27>0),100*(C27-B27)/B27,0) -> 0 | F27: =IF(AND(ISNUMBER(B27),ISNUMBER(D27),D27>0),B27/D27,0) -> 0 | G27: =IF(AND(ISNUMBER(B27),ISNUMBER(C27),ISNUMBER(D27),D27>0),100*(C27-B27)/(Results!$C$5*D27),0) -> 0 | H27: =IF(F27>0,F27,"") | I27: =IF(G27>0,G27,"")
E28: =IF(AND(ISNUMBER(B28),ISNUMBER(C28),B28>0),100*(C28-B28)/B28,0) -> 0 | F28: =IF(AND(ISNUMBER(B28),ISNUMBER(D28),D28>0),B28/D28,0) -> 0 | G28: =IF(AND(ISNUMBER(B28),ISNUMBER(C28),ISNUMBER(D28),D28>0),100*(C28-B28)/(Results!$C$5*D28),0) -> 0 | H28: =IF(F28>0,F28,"") | I28: =IF(G28>0,G28,"")
E29: =IF(AND(ISNUMBER(B29),ISNUMBER(C29),B29>0),100*(C29-B29)/B29,0) -> 0 | F29: =IF(AND(ISNUMBER(B29),ISNUMBER(D29),D29>0),B29/D29,0) -> 0 | G29: =IF(AND(ISNUMBER(B29),ISNUMBER(C29),ISNUMBER(D29),D29>0),100*(C29-B29)/(Results!$C$5*D29),0) -> 0 | H29: =IF(F29>0,F29,"") | I29: =IF(G29>0,G29,"")
E30: =IF(AND(ISNUMBER(B30),ISNUMBER(C30),B30>0),100*(C30-B30)/B30,0) -> 0 | F30: =IF(AND(ISNUMBER(B30),ISNUMBER(D30),D30>0),B30/D30,0) -> 0 | G30: =IF(AND(ISNUMBER(B30),ISNUMBER(C30),ISNUMBER(D30),D30>0),100*(C30-B30)/(Results!$C$5*D30),0) -> 0 | H30: =IF(F30>0,F30,"") | I30: =IF(G30>0,G30,"")
E31: =IF(AND(ISNUMBER(B31),ISNUMBER(C31),B31>0),100*(C31-B31)/B31,0) -> 0 | F31: =IF(AND(ISNUMBER(B31),ISNUMBER(D31),D31>0),B31/D31,0) -> 0 | G31: =IF(AND(ISNUMBER(B31),ISNUMBER(C31),ISNUMBER(D31),D31>0),100*(C31-B31)/(Results!$C$5*D31),0) -> 0 | H31: =IF(F31>0,F31,"") | I31: =IF(G31>0,G31,"")
E32: =IF(AND(ISNUMBER(B32),ISNUMBER(C32),B32>0),100*(C32-B32)/B32,0) -> 0 | F32: =IF(AND(ISNUMBER(B32),ISNUMBER(D32),D32>0),B32/D32,0) -> 0 | G32: =IF(AND(ISNUMBER(B32),ISNUMBER(C32),ISNUMBER(D32),D32>0),100*(C32-B32)/(Results!$C$5*D32),0) -> 0 | H32: =IF(F32>0,F32,"") | I32: =IF(G32>0,G32,"")
E33: =IF(AND(ISNUMBER(B33),ISNUMBER(C33),B33>0),100*(C33-B33)/B33,0) -> 0 | F33: =IF(AND(ISNUMBER(B33),ISNUMBER(D33),D33>0),B33/D33,0) -> 0 | G33: =IF(AND(ISNUMBER(B33),ISNUMBER(C33),ISNUMBER(D33),D33>0),100*(C33-B33)/(Results!$C$5*D33),0) -> 0 | H33: =IF(F33>0,F33,"") | I33: =IF(G33>0,G33,"")
E34: =IF(AND(ISNUMBER(B34),ISNUMBER(C34),B34>0),100*(C34-B34)/B34,0) -> 0 | F34: =IF(AND(ISNUMBER(B34),ISNUMBER(D34),D34>0),B34/D34,0) -> 0 | G34: =IF(AND(ISNUMBER(B34),ISNUMBER(C34),ISNUMBER(D34),D34>0),100*(C34-B34)/(Results!$C$5*D34),0) -> 0 | H34: =IF(F34>0,F34,"") | I34: =IF(G34>0,G34,"")
E35: =IF(AND(ISNUMBER(B35),ISNUMBER(C35),B35>0),100*(C35-B35)/B35,0) -> 0 | F35: =IF(AND(ISNUMBER(B35),ISNUMBER(D35),D35>0),B35/D35,0) -> 0 | G35: =IF(AND(ISNUMBER(B35),ISNUMBER(C35),ISNUMBER(D35),D35>0),100*(C35-B35)/(Results!$C$5*D35),0) -> 0 | H35: =IF(F35>0,F35,"") | I35: =IF(G35>0,G35,"")
E36: =IF(AND(ISNUMBER(B36),ISNUMBER(C36),B36>0),100*(C36-B36)/B36,0) -> 0 | F36: =IF(AND(ISNUMBER(B36),ISNUMBER(D36),D36>0),B36/D36,0) -> 0 | G36: =IF(AND(ISNUMBER(B36),ISNUMBER(C36),ISNUMBER(D36),D36>0),100*(C36-B36)/(Results!$C$5*D36),0) -> 0 | H36: =IF(F36>0,F36,"") | I36: =IF(G36>0,G36,"")
E37: =IF(AND(ISNUMBER(B37),ISNUMBER(C37),B37>0),100*(C37-B37)/B37,0) -> 0 | F37: =IF(AND(ISNUMBER(B37),ISNUMBER(D37),D37>0),B37/D37,0) -> 0 | G37: =IF(AND(ISNUMBER(B37),ISNUMBER(C37),ISNUMBER(D37),D37>0),100*(C37-B37)/(Results!$C$5*D37),0) -> 0 | H37: =IF(F37>0,F37,"") | I37: =IF(G37>0,G37,"")
E38: =IF(AND(ISNUMBER(B38),ISNUMBER(C38),B38>0),100*(C38-B38)/B38,0) -> 0 | F38: =IF(AND(ISNUMBER(B38),ISNUMBER(D38),D38>0),B38/D38,0) -> 0 | G38: =IF(AND(ISNUMBER(B38),ISNUMBER(C38),ISNUMBER(D38),D38>0),100*(C38-B38)/(Results!$C$5*D38),0) -> 0 | H38: =IF(F38>0,F38,"") | I38: =IF(G38>0,G38,"")
... E51: =IF(AND(ISNUMBER(B51),ISNUMBER(C51),B51>0),100*(C51-B51)/B51,0) -> 0 | F51: =IF(AND(ISNUMBER(B51),ISNUMBER(D51),D51>0),B51/D51,0) -> 0 | G51: =IF(AND(ISNUMBER(B51),ISNUMBER(C51),ISNUMBER(D51),D51>0),100*(C51-B51)/(Results!$C$5*D51),0) -> 0 | H51: =IF(F51>0,F51,"") | I51: =IF(G51>0,G51,"")

Sheet Results
B1: Results
B2: Everything on this sheet is calculated. Change only the yellow settings.
B4: Settings
B5: Water density (g/mL) | C5: 0.997 | D5: About 0.997 at 25 C.
B7: Absorption (%) by rock type
B8: Name | C8: n | D8: Mean | E8: SD | F8: SE
B9: =IFERROR('Enter data'!$A$6,"") -> limestone | C9: =IFERROR(COUNTIFS('Enter data'!$A$12:$A$51,'Enter data'!$A$6,'Enter data'!$E$12:$E$51,"<>0"),"") -> 3 | D9: =IFERROR(AVERAGEIFS('Enter data'!$E$12:$E$51,'Enter data'!$A$12:$A$51,'Enter data'!$A$6,'Enter data'!$E$12:$E$51,"<>0"),"") -> 1.9661909 | E9: =IFERROR(SQRT(MAX(0,(SUMPRODUCT(('Enter data'!$A$12:$A$51='Enter data'!$A$6)*('Enter data'!$E$12:$E$51<>0)*'Enter data'!$E$12:$E$51^2)-C9*D9^2)/(C9-1))),"") -> 0.022088069 | F9: =IFERROR(E9/SQRT(C9),"") -> 0.012752553
B10: =IFERROR('Enter data'!$B$6,"") -> sandstone | C10: =IFERROR(COUNTIFS('Enter data'!$A$12:$A$51,'Enter data'!$B$6,'Enter data'!$E$12:$E$51,"<>0"),"") -> 3 | D10: =IFERROR(AVERAGEIFS('Enter data'!$E$12:$E$51,'Enter data'!$A$12:$A$51,'Enter data'!$B$6,'Enter data'!$E$12:$E$51,"<>0"),"") -> 8.126477 | E10: =IFERROR(SQRT(MAX(0,(SUMPRODUCT(('Enter data'!$A$12:$A$51='Enter data'!$B$6)*('Enter data'!$E$12:$E$51<>0)*'Enter data'!$E$12:$E$51^2)-C10*D10^2)/(C10-1))),"") -> 0.056406469 | F10: =IFERROR(E10/SQRT(C10),"") -> 0.03256629
B11: =IFERROR('Enter data'!$C$6,"") -> andesite | C11: =IFERROR(COUNTIFS('Enter data'!$A$12:$A$51,'Enter data'!$C$6,'Enter data'!$E$12:$E$51,"<>0"),"") -> 3 | D11: =IFERROR(AVERAGEIFS('Enter data'!$E$12:$E$51,'Enter data'!$A$12:$A$51,'Enter data'!$C$6,'Enter data'!$E$12:$E$51,"<>0"),"") -> 1.9756134 | E11: =IFERROR(SQRT(MAX(0,(SUMPRODUCT(('Enter data'!$A$12:$A$51='Enter data'!$C$6)*('Enter data'!$E$12:$E$51<>0)*'Enter data'!$E$12:$E$51^2)-C11*D11^2)/(C11-1))),"") -> 0.018403942 | F11: =IFERROR(E11/SQRT(C11),"") -> 0.010625521
B12: =IFERROR('Enter data'!$D$6,"") -> basalt | C12: =IFERROR(COUNTIFS('Enter data'!$A$12:$A$51,'Enter data'!$D$6,'Enter data'!$E$12:$E$51,"<>0"),"") -> 3 | D12: =IFERROR(AVERAGEIFS('Enter data'!$E$12:$E$51,'Enter data'!$A$12:$A$51,'Enter data'!$D$6,'Enter data'!$E$12:$E$51,"<>0"),"") -> 1.0454468 | E12: =IFERROR(SQRT(MAX(0,(SUMPRODUCT(('Enter data'!$A$12:$A$51='Enter data'!$D$6)*('Enter data'!$E$12:$E$51<>0)*'Enter data'!$E$12:$E$51^2)-C12*D12^2)/(C12-1))),"") -> 0.020413213 | F12: =IFERROR(E12/SQRT(C12),"") -> 0.011785574
B13: =IFERROR('Enter data'!$E$6,"") -> coral limestone | C13: =IFERROR(COUNTIFS('Enter data'!$A$12:$A$51,'Enter data'!$E$6,'Enter data'!$E$12:$E$51,"<>0"),"") -> 3 | D13: =IFERROR(AVERAGEIFS('Enter data'!$E$12:$E$51,'Enter data'!$A$12:$A$51,'Enter data'!$E$6,'Enter data'!$E$12:$E$51,"<>0"),"") -> 16.378288 | E13: =IFERROR(SQRT(MAX(0,(SUMPRODUCT(('Enter data'!$A$12:$A$51='Enter data'!$E$6)*('Enter data'!$E$12:$E$51<>0)*'Enter data'!$E$12:$E$51^2)-C13*D13^2)/(C13-1))),"") -> 0.10907154 | F13: =IFERROR(E13/SQRT(C13),"") -> 0.062972482
B16: Bulk density (g/mL) by rock type
B17: Name | C17: n | D17: Mean | E17: SD | F17: SE
B18: =IFERROR('Enter data'!$A$6,"") -> limestone | C18: =IFERROR(COUNTIFS('Enter data'!$A$12:$A$51,'Enter data'!$A$6,'Enter data'!$F$12:$F$51,"<>0"),"") -> 3 | D18: =IFERROR(AVERAGEIFS('Enter data'!$F$12:$F$51,'Enter data'!$A$12:$A$51,'Enter data'!$A$6,'Enter data'!$F$12:$F$51,"<>0"),"") -> 2.5261288 | E18: =IFERROR(SQRT(MAX(0,(SUMPRODUCT(('Enter data'!$A$12:$A$51='Enter data'!$A$6)*('Enter data'!$F$12:$F$51<>0)*'Enter data'!$F$12:$F$51^2)-C18*D18^2)/(C18-1))),"") -> 0.015522789 | F18: =IFERROR(E18/SQRT(C18),"") -> 0.0089620864
B19: =IFERROR('Enter data'!$B$6,"") -> sandstone | C19: =IFERROR(COUNTIFS('Enter data'!$A$12:$A$51,'Enter data'!$B$6,'Enter data'!$F$12:$F$51,"<>0"),"") -> 3 | D19: =IFERROR(AVERAGEIFS('Enter data'!$F$12:$F$51,'Enter data'!$A$12:$A$51,'Enter data'!$B$6,'Enter data'!$F$12:$F$51,"<>0"),"") -> 2.2054762 | E19: =IFERROR(SQRT(MAX(0,(SUMPRODUCT(('Enter data'!$A$12:$A$51='Enter data'!$B$6)*('Enter data'!$F$12:$F$51<>0)*'Enter data'!$F$12:$F$51^2)-C19*D19^2)/(C19-1))),"") -> 0.017459736 | F19: =IFERROR(E19/SQRT(C19),"") -> 0.010080383
B20: =IFERROR('Enter data'!$C$6,"") -> andesite | C20: =IFERROR(COUNTIFS('Enter data'!$A$12:$A$51,'Enter data'!$C$6,'Enter data'!$F$12:$F$51,"<>0"),"") -> 3 | D20: =IFERROR(AVERAGEIFS('Enter data'!$F$12:$F$51,'Enter data'!$A$12:$A$51,'Enter data'!$C$6,'Enter data'!$F$12:$F$51,"<>0"),"") -> 2.5310063 | E20: =IFERROR(SQRT(MAX(0,(SUMPRODUCT(('Enter data'!$A$12:$A$51='Enter data'!$C$6)*('Enter data'!$F$12:$F$51<>0)*'Enter data'!$F$12:$F$51^2)-C20*D20^2)/(C20-1))),"") -> 0.023638681 | F20: =IFERROR(E20/SQRT(C20),"") -> 0.013647799
B21: =IFERROR('Enter data'!$D$6,"") -> basalt | C21: =IFERROR(COUNTIFS('Enter data'!$A$12:$A$51,'Enter data'!$D$6,'Enter data'!$F$12:$F$51,"<>0"),"") -> 3 | D21: =IFERROR(AVERAGEIFS('Enter data'!$F$12:$F$51,'Enter data'!$A$12:$A$51,'Enter data'!$D$6,'Enter data'!$F$12:$F$51,"<>0"),"") -> 2.8827451 | E21: =IFERROR(SQRT(MAX(0,(SUMPRODUCT(('Enter data'!$A$12:$A$51='Enter data'!$D$6)*('Enter data'!$F$12:$F$51<>0)*'Enter data'!$F$12:$F$51^2)-C21*D21^2)/(C21-1))),"") -> 0.054208917 | F21: =IFERROR(E21/SQRT(C21),"") -> 0.031297533
B22: =IFERROR('Enter data'!$E$6,"") -> coral limestone | C22: =IFERROR(COUNTIFS('Enter data'!$A$12:$A$51,'Enter data'!$E$6,'Enter data'!$F$12:$F$51,"<>0"),"") -> 3 | D22: =IFERROR(AVERAGEIFS('Enter data'!$F$12:$F$51,'Enter data'!$A$12:$A$51,'Enter data'!$E$6,'Enter data'!$F$12:$F$51,"<>0"),"") -> 1.8255139 | E22: =IFERROR(SQRT(MAX(0,(SUMPRODUCT(('Enter data'!$A$12:$A$51='Enter data'!$E$6)*('Enter data'!$F$12:$F$51<>0)*'Enter data'!$F$12:$F$51^2)-C22*D22^2)/(C22-1))),"") -> 0.018014275 | F22: =IFERROR(E22/SQRT(C22),"") -> 0.010400547
B25: Apparent porosity (%) by rock type
B26: Name | C26: n | D26: Mean | E26: SD | F26: SE
B27: =IFERROR('Enter data'!$A$6,"") -> limestone | C27: =IFERROR(COUNTIFS('Enter data'!$A$12:$A$51,'Enter data'!$A$6,'Enter data'!$G$12:$G$51,"<>0"),"") -> 3 | D27: =IFERROR(AVERAGEIFS('Enter data'!$G$12:$G$51,'Enter data'!$A$12:$A$51,'Enter data'!$A$6,'Enter data'!$G$12:$G$51,"<>0"),"") -> 4.9815814 | E27: =IFERROR(SQRT(MAX(0,(SUMPRODUCT(('Enter data'!$A$12:$A$51='Enter data'!$A$6)*('Enter data'!$G$12:$G$51<>0)*'Enter data'!$G$12:$G$51^2)-C27*D27^2)/(C27-1))),"") -> 0.029019556 | F27: =IFERROR(E27/SQRT(C27),"") -> 0.016754449
B28: =IFERROR('Enter data'!$B$6,"") -> sandstone | C28: =IFERROR(COUNTIFS('Enter data'!$A$12:$A$51,'Enter data'!$B$6,'Enter data'!$G$12:$G$51,"<>0"),"") -> 3 | D28: =IFERROR(AVERAGEIFS('Enter data'!$G$12:$G$51,'Enter data'!$A$12:$A$51,'Enter data'!$B$6,'Enter data'!$G$12:$G$51,"<>0"),"") -> 17.976068 | E28: =IFERROR(SQRT(MAX(0,(SUMPRODUCT(('Enter data'!$A$12:$A$51='Enter data'!$B$6)*('Enter data'!$G$12:$G$51<>0)*'Enter data'!$G$12:$G$51^2)-C28*D28^2)/(C28-1))),"") -> 0.051421094 | F28: =IFERROR(E28/SQRT(C28),"") -> 0.029687982
B29: =IFERROR('Enter data'!$C$6,"") -> andesite | C29: =IFERROR(COUNTIFS('Enter data'!$A$12:$A$51,'Enter data'!$C$6,'Enter data'!$G$12:$G$51,"<>0"),"") -> 3 | D29: =IFERROR(AVERAGEIFS('Enter data'!$G$12:$G$51,'Enter data'!$A$12:$A$51,'Enter data'!$C$6,'Enter data'!$G$12:$G$51,"<>0"),"") -> 5.0150451 | E29: =IFERROR(SQRT(MAX(0,(SUMPRODUCT(('Enter data'!$A$12:$A$51='Enter data'!$C$6)*('Enter data'!$G$12:$G$51<>0)*'Enter data'!$G$12:$G$51^2)-C29*D29^2)/(C29-1))),"") -> 0 | F29: =IFERROR(E29/SQRT(C29),"") -> 0
B30: =IFERROR('Enter data'!$D$6,"") -> basalt | C30: =IFERROR(COUNTIFS('Enter data'!$A$12:$A$51,'Enter data'!$D$6,'Enter data'!$G$12:$G$51,"<>0"),"") -> 3 | D30: =IFERROR(AVERAGEIFS('Enter data'!$G$12:$G$51,'Enter data'!$A$12:$A$51,'Enter data'!$D$6,'Enter data'!$G$12:$G$51,"<>0"),"") -> 3.0221383 | E30: =IFERROR(SQRT(MAX(0,(SUMPRODUCT(('Enter data'!$A$12:$A$51='Enter data'!$D$6)*('Enter data'!$G$12:$G$51<>0)*'Enter data'!$G$12:$G$51^2)-C30*D30^2)/(C30-1))),"") -> 0.022709315 | F30: =IFERROR(E30/SQRT(C30),"") -> 0.013111229
B31: =IFERROR('Enter data'!$E$6,"") -> coral limestone | C31: =IFERROR(COUNTIFS('Enter data'!$A$12:$A$51,'Enter data'!$E$6,'Enter data'!$G$12:$G$51,"<>0"),"") -> 3 | D31: =IFERROR(AVERAGEIFS('Enter data'!$G$12:$G$51,'Enter data'!$A$12:$A$51,'Enter data'!$E$6,'Enter data'!$G$12:$G$51,"<>0"),"") -> 29.987453 | E31: =IFERROR(SQRT(MAX(0,(SUMPRODUCT(('Enter data'!$A$12:$A$51='Enter data'!$E$6)*('Enter data'!$G$12:$G$51<>0)*'Enter data'!$G$12:$G$51^2)-C31*D31^2)/(C31-1))),"") -> 0.10039557 | F31: =IFERROR(E31/SQRT(C31),"") -> 0.057963407
B34: Porosity against bulk density (all pieces)
B35: Points used | C35: =IFERROR(SUMPRODUCT(--ISNUMBER('Enter data'!$H$12:$H$51),--ISNUMBER('Enter data'!$I$12:$I$51)),"") -> 15
B36: Slope | C36: =IFERROR(SLOPE('Enter data'!$I$12:$I$51,'Enter data'!$H$12:$H$51),"") -> -27.677833
B37: Intercept | C37: =IFERROR(INTERCEPT('Enter data'!$I$12:$I$51,'Enter data'!$H$12:$H$51),"") -> 78.462007
B38: R squared | C38: =IFERROR(RSQ('Enter data'!$I$12:$I$51,'Enter data'!$H$12:$H$51),"") -> 0.90710311
B39: Residual standard deviation | C39: =IFERROR(STEYX('Enter data'!$I$12:$I$51,'Enter data'!$H$12:$H$51),"") -> 3.3952433
B40: Standard error of the slope | C40: =IFERROR($C$39/SQRT(DEVSQ('Enter data'!$H$12:$H$51)),"") -> 2.45659
B41: 95% interval for the slope, lower | C41: =IFERROR($C$36-TINV(0.05,$C$35-2)*$C$40,"") -> -32.984973
B42: 95% interval for the slope, upper | C42: =IFERROR($C$36+TINV(0.05,$C$35-2)*$C$40,"") -> -22.370693
