Workbook

Sheet Start here
B1: EVO-02 Morphometrics and selection in a wild population
B2: Excel version of the card. It does the same calculations as the R script morphometrics_analysis.R.
B4: How to use this workbook
B5: 1. Go to the 'Enter data' sheet. Type only in the yellow cells with blue text. Grey cells are calculated for you.
B6: 2. Fill the blocks that apply. Leave rows you did not use empty. The grey italic row above each table is an example of the format and is not used.
B7: 3. Open the 'Results' sheet. Everything there is calculated. Yellow cells on that sheet are settings you may change.
B9: What the colours mean
B10: Yellow cell, blue text: you type here.
B11: Grey cell: a formula. Sheets are protected without a password so formulas are not overwritten by accident (Review > Unprotect Sheet).
B13: Assumptions and sources
B14: Measure every specimen twice (ideally by a different person on another day). Repeatability r = (MSamong - MSwithin) / (MSamong + MSwithin) with two measurements per specimen.
B15: Allometry: slope of log10 width on log10 height for live specimens; a slope whose 95% interval includes 1 is consistent with isometry.
... B23: Compiled by Emmanuel G. Lozano, Department of Biology, College of Arts and Sciences, Pampanga State University. Original material is licensed CC BY-NC 4.0: credit required, non-commercial use only.

Sheet Enter data
A1: Enter your data
A2: Type only in yellow cells. Leave unused rows empty.
A4: 1. The two site names
A5: Site 1 | B5: Site 2
A6: Site_A | B6: Site_B
A9: 2. Specimens (one row per specimen; type live or dead in the last column)
A10: Specimen | B10: Site | C10: Height, measure 1 | D10: Height, measure 2 | E10: Width, measure 1 | F10: Width, measure 2 | G10: Status (live or dead) | H10: Height mean (all) | I10: Height mean (live) | J10: Width mean (live) | K10: Height difference (m1 - m2) | L10: Width difference (m1 - m2) | M10: Width mean (all) | N10: Height mean (all, text blank) | O10: log10 height (live) | P10: log10 width (live)
A11: s1 | B11: Site_A | C11: 21.4 | D11: 21.6 | E11: 16.8 | F11: 16.6 | G11: live
A12: Site_A_live_1 | B12: Site_A | C12: 22.2 | D12: 22.2 | E12: 18.4 | F12: 17.5 | G12: live | H12: =IF(AND(ISNUMBER(C12),ISNUMBER(D12)),AVERAGE(C12:D12),0) -> 22.2 | I12: =IF(AND(H12>0,G12<>"dead"),H12,0) -> 22.2 | J12: =IF(AND(ISNUMBER(E12),ISNUMBER(F12),G12<>"dead"),AVERAGE(E12:F12),0) -> 17.95 | K12: =IF(AND(ISNUMBER(C12),ISNUMBER(D12)),C12-D12,"") -> 0 | L12: =IF(AND(ISNUMBER(E12),ISNUMBER(F12)),E12-F12,"") -> 0.9 | M12: =IF(AND(ISNUMBER(E12),ISNUMBER(F12)),AVERAGE(E12:F12),"") -> 17.95 | N12: =IF(H12>0,H12,"") -> 22.2 | O12: =IF(AND(I12>0,J12>0),LOG10(I12),"") -> 1.346353 | P12: =IF(AND(I12>0,J12>0),LOG10(J12),"") -> 1.2540645
A13: Site_A_live_2 | B13: Site_A | C13: 20.6 | D13: 20.9 | E13: 15.2 | F13: 15.4 | G13: live | H13: =IF(AND(ISNUMBER(C13),ISNUMBER(D13)),AVERAGE(C13:D13),0) -> 20.75 | I13: =IF(AND(H13>0,G13<>"dead"),H13,0) -> 20.75 | J13: =IF(AND(ISNUMBER(E13),ISNUMBER(F13),G13<>"dead"),AVERAGE(E13:F13),0) -> 15.3 | K13: =IF(AND(ISNUMBER(C13),ISNUMBER(D13)),C13-D13,"") -> -0.3 | L13: =IF(AND(ISNUMBER(E13),ISNUMBER(F13)),E13-F13,"") -> -0.2 | M13: =IF(AND(ISNUMBER(E13),ISNUMBER(F13)),AVERAGE(E13:F13),"") -> 15.3 | N13: =IF(H13>0,H13,"") -> 20.75 | O13: =IF(AND(I13>0,J13>0),LOG10(I13),"") -> 1.3170181 | P13: =IF(AND(I13>0,J13>0),LOG10(J13),"") -> 1.1846914
A14: Site_A_live_3 | B14: Site_A | C14: 17.5 | D14: 18.3 | E14: 14.2 | F14: 14.2 | G14: live | H14: =IF(AND(ISNUMBER(C14),ISNUMBER(D14)),AVERAGE(C14:D14),0) -> 17.9 | I14: =IF(AND(H14>0,G14<>"dead"),H14,0) -> 17.9 | J14: =IF(AND(ISNUMBER(E14),ISNUMBER(F14),G14<>"dead"),AVERAGE(E14:F14),0) -> 14.2 | K14: =IF(AND(ISNUMBER(C14),ISNUMBER(D14)),C14-D14,"") -> -0.8 | L14: =IF(AND(ISNUMBER(E14),ISNUMBER(F14)),E14-F14,"") -> 0 | M14: =IF(AND(ISNUMBER(E14),ISNUMBER(F14)),AVERAGE(E14:F14),"") -> 14.2 | N14: =IF(H14>0,H14,"") -> 17.9 | O14: =IF(AND(I14>0,J14>0),LOG10(I14),"") -> 1.252853 | P14: =IF(AND(I14>0,J14>0),LOG10(J14),"") -> 1.1522883
A15: Site_A_live_4 | B15: Site_A | C15: 22.1 | D15: 21.8 | E15: 17.3 | F15: 17.4 | G15: live | H15: =IF(AND(ISNUMBER(C15),ISNUMBER(D15)),AVERAGE(C15:D15),0) -> 21.95 | I15: =IF(AND(H15>0,G15<>"dead"),H15,0) -> 21.95 | J15: =IF(AND(ISNUMBER(E15),ISNUMBER(F15),G15<>"dead"),AVERAGE(E15:F15),0) -> 17.35 | K15: =IF(AND(ISNUMBER(C15),ISNUMBER(D15)),C15-D15,"") -> 0.3 | L15: =IF(AND(ISNUMBER(E15),ISNUMBER(F15)),E15-F15,"") -> -0.1 | M15: =IF(AND(ISNUMBER(E15),ISNUMBER(F15)),AVERAGE(E15:F15),"") -> 17.35 | N15: =IF(H15>0,H15,"") -> 21.95 | O15: =IF(AND(I15>0,J15>0),LOG10(I15),"") -> 1.3414345 | P15: =IF(AND(I15>0,J15>0),LOG10(J15),"") -> 1.2392995
A16: Site_A_live_5 | B16: Site_A | C16: 20.6 | D16: 20.4 | E16: 16 | F16: 15.3 | G16: live | H16: =IF(AND(ISNUMBER(C16),ISNUMBER(D16)),AVERAGE(C16:D16),0) -> 20.5 | I16: =IF(AND(H16>0,G16<>"dead"),H16,0) -> 20.5 | J16: =IF(AND(ISNUMBER(E16),ISNUMBER(F16),G16<>"dead"),AVERAGE(E16:F16),0) -> 15.65 | K16: =IF(AND(ISNUMBER(C16),ISNUMBER(D16)),C16-D16,"") -> 0.2 | L16: =IF(AND(ISNUMBER(E16),ISNUMBER(F16)),E16-F16,"") -> 0.7 | M16: =IF(AND(ISNUMBER(E16),ISNUMBER(F16)),AVERAGE(E16:F16),"") -> 15.65 | N16: =IF(H16>0,H16,"") -> 20.5 | O16: =IF(AND(I16>0,J16>0),LOG10(I16),"") -> 1.3117539 | P16: =IF(AND(I16>0,J16>0),LOG10(J16),"") -> 1.1945143
A17: Site_A_live_6 | B17: Site_A | C17: 23.6 | D17: 23.4 | E17: 18.1 | F17: 18 | G17: live | H17: =IF(AND(ISNUMBER(C17),ISNUMBER(D17)),AVERAGE(C17:D17),0) -> 23.5 | I17: =IF(AND(H17>0,G17<>"dead"),H17,0) -> 23.5 | J17: =IF(AND(ISNUMBER(E17),ISNUMBER(F17),G17<>"dead"),AVERAGE(E17:F17),0) -> 18.05 | K17: =IF(AND(ISNUMBER(C17),ISNUMBER(D17)),C17-D17,"") -> 0.2 | L17: =IF(AND(ISNUMBER(E17),ISNUMBER(F17)),E17-F17,"") -> 0.1 | M17: =IF(AND(ISNUMBER(E17),ISNUMBER(F17)),AVERAGE(E17:F17),"") -> 18.05 | N17: =IF(H17>0,H17,"") -> 23.5 | O17: =IF(AND(I17>0,J17>0),LOG10(I17),"") -> 1.3710679 | P17: =IF(AND(I17>0,J17>0),LOG10(J17),"") -> 1.2564772
A18: Site_A_live_7 | B18: Site_A | C18: 22.4 | D18: 23 | E18: 17.2 | F18: 16.9 | G18: live | H18: =IF(AND(ISNUMBER(C18),ISNUMBER(D18)),AVERAGE(C18:D18),0) -> 22.7 | I18: =IF(AND(H18>0,G18<>"dead"),H18,0) -> 22.7 | J18: =IF(AND(ISNUMBER(E18),ISNUMBER(F18),G18<>"dead"),AVERAGE(E18:F18),0) -> 17.05 | K18: =IF(AND(ISNUMBER(C18),ISNUMBER(D18)),C18-D18,"") -> -0.6 | L18: =IF(AND(ISNUMBER(E18),ISNUMBER(F18)),E18-F18,"") -> 0.3 | M18: =IF(AND(ISNUMBER(E18),ISNUMBER(F18)),AVERAGE(E18:F18),"") -> 17.05 | N18: =IF(H18>0,H18,"") -> 22.7 | O18: =IF(AND(I18>0,J18>0),LOG10(I18),"") -> 1.3560259 | P18: =IF(AND(I18>0,J18>0),LOG10(J18),"") -> 1.2317244
A19: Site_A_live_8 | B19: Site_A | C19: 24.3 | D19: 24.3 | E19: 18.6 | F19: 18.1 | G19: live | H19: =IF(AND(ISNUMBER(C19),ISNUMBER(D19)),AVERAGE(C19:D19),0) -> 24.3 | I19: =IF(AND(H19>0,G19<>"dead"),H19,0) -> 24.3 | J19: =IF(AND(ISNUMBER(E19),ISNUMBER(F19),G19<>"dead"),AVERAGE(E19:F19),0) -> 18.35 | K19: =IF(AND(ISNUMBER(C19),ISNUMBER(D19)),C19-D19,"") -> 0 | L19: =IF(AND(ISNUMBER(E19),ISNUMBER(F19)),E19-F19,"") -> 0.5 | M19: =IF(AND(ISNUMBER(E19),ISNUMBER(F19)),AVERAGE(E19:F19),"") -> 18.35 | N19: =IF(H19>0,H19,"") -> 24.3 | O19: =IF(AND(I19>0,J19>0),LOG10(I19),"") -> 1.3856063 | P19: =IF(AND(I19>0,J19>0),LOG10(J19),"") -> 1.2636361
A20: Site_A_live_9 | B20: Site_A | C20: 21.1 | D20: 21.4 | E20: 17.2 | F20: 16.8 | G20: live | H20: =IF(AND(ISNUMBER(C20),ISNUMBER(D20)),AVERAGE(C20:D20),0) -> 21.25 | I20: =IF(AND(H20>0,G20<>"dead"),H20,0) -> 21.25 | J20: =IF(AND(ISNUMBER(E20),ISNUMBER(F20),G20<>"dead"),AVERAGE(E20:F20),0) -> 17 | K20: =IF(AND(ISNUMBER(C20),ISNUMBER(D20)),C20-D20,"") -> -0.3 | L20: =IF(AND(ISNUMBER(E20),ISNUMBER(F20)),E20-F20,"") -> 0.4 | M20: =IF(AND(ISNUMBER(E20),ISNUMBER(F20)),AVERAGE(E20:F20),"") -> 17 | N20: =IF(H20>0,H20,"") -> 21.25 | O20: =IF(AND(I20>0,J20>0),LOG10(I20),"") -> 1.3273589 | P20: =IF(AND(I20>0,J20>0),LOG10(J20),"") -> 1.2304489
A21: Site_A_live_10 | B21: Site_A | C21: 25 | D21: 25.1 | E21: 20.9 | F21: 21.2 | G21: live | H21: =IF(AND(ISNUMBER(C21),ISNUMBER(D21)),AVERAGE(C21:D21),0) -> 25.05 | I21: =IF(AND(H21>0,G21<>"dead"),H21,0) -> 25.05 | J21: =IF(AND(ISNUMBER(E21),ISNUMBER(F21),G21<>"dead"),AVERAGE(E21:F21),0) -> 21.05 | K21: =IF(AND(ISNUMBER(C21),ISNUMBER(D21)),C21-D21,"") -> -0.1 | L21: =IF(AND(ISNUMBER(E21),ISNUMBER(F21)),E21-F21,"") -> -0.3 | M21: =IF(AND(ISNUMBER(E21),ISNUMBER(F21)),AVERAGE(E21:F21),"") -> 21.05 | N21: =IF(H21>0,H21,"") -> 25.05 | O21: =IF(AND(I21>0,J21>0),LOG10(I21),"") -> 1.3988077 | P21: =IF(AND(I21>0,J21>0),LOG10(J21),"") -> 1.3232521
A22: Site_A_live_11 | B22: Site_A | C22: 22.6 | D22: 22.1 | E22: 17 | F22: 17.2 | G22: live | H22: =IF(AND(ISNUMBER(C22),ISNUMBER(D22)),AVERAGE(C22:D22),0) -> 22.35 | I22: =IF(AND(H22>0,G22<>"dead"),H22,0) -> 22.35 | J22: =IF(AND(ISNUMBER(E22),ISNUMBER(F22),G22<>"dead"),AVERAGE(E22:F22),0) -> 17.1 | K22: =IF(AND(ISNUMBER(C22),ISNUMBER(D22)),C22-D22,"") -> 0.5 | L22: =IF(AND(ISNUMBER(E22),ISNUMBER(F22)),E22-F22,"") -> -0.2 | M22: =IF(AND(ISNUMBER(E22),ISNUMBER(F22)),AVERAGE(E22:F22),"") -> 17.1 | N22: =IF(H22>0,H22,"") -> 22.35 | O22: =IF(AND(I22>0,J22>0),LOG10(I22),"") -> 1.3492775 | P22: =IF(AND(I22>0,J22>0),LOG10(J22),"") -> 1.2329961
A23: Site_A_live_12 | B23: Site_A | C23: 22.4 | D23: 22.3 | E23: 18 | F23: 18.1 | G23: live | H23: =IF(AND(ISNUMBER(C23),ISNUMBER(D23)),AVERAGE(C23:D23),0) -> 22.35 | I23: =IF(AND(H23>0,G23<>"dead"),H23,0) -> 22.35 | J23: =IF(AND(ISNUMBER(E23),ISNUMBER(F23),G23<>"dead"),AVERAGE(E23:F23),0) -> 18.05 | K23: =IF(AND(ISNUMBER(C23),ISNUMBER(D23)),C23-D23,"") -> 0.1 | L23: =IF(AND(ISNUMBER(E23),ISNUMBER(F23)),E23-F23,"") -> -0.1 | M23: =IF(AND(ISNUMBER(E23),ISNUMBER(F23)),AVERAGE(E23:F23),"") -> 18.05 | N23: =IF(H23>0,H23,"") -> 22.35 | O23: =IF(AND(I23>0,J23>0),LOG10(I23),"") -> 1.3492775 | P23: =IF(AND(I23>0,J23>0),LOG10(J23),"") -> 1.2564772
... A86: Site_B_dead_15 | B86: Site_B | C86: 26.8 | D86: 27.2 | E86: 20.2 | F86: 20.1 | G86: dead | H86: =IF(AND(ISNUMBER(C86),ISNUMBER(D86)),AVERAGE(C86:D86),0) -> 27 | I86: =IF(AND(H86>0,G86<>"dead"),H86,0) -> 0 | J86: =IF(AND(ISNUMBER(E86),ISNUMBER(F86),G86<>"dead"),AVERAGE(E86:F86),0) -> 0 | K86: =IF(AND(ISNUMBER(C86),ISNUMBER(D86)),C86-D86,"") -> -0.4 | L86: =IF(AND(ISNUMBER(E86),ISNUMBER(F86)),E86-F86,"") -> 0.1 | M86: =IF(AND(ISNUMBER(E86),ISNUMBER(F86)),AVERAGE(E86:F86),"") -> 20.15 | N86: =IF(H86>0,H86,"") -> 27 | O86: =IF(AND(I86>0,J86>0),LOG10(I86),"") | P86: =IF(AND(I86>0,J86>0),LOG10(J86),"")
H87: =IF(AND(ISNUMBER(C87),ISNUMBER(D87)),AVERAGE(C87:D87),0) -> 0 | I87: =IF(AND(H87>0,G87<>"dead"),H87,0) -> 0 | J87: =IF(AND(ISNUMBER(E87),ISNUMBER(F87),G87<>"dead"),AVERAGE(E87:F87),0) -> 0 | K87: =IF(AND(ISNUMBER(C87),ISNUMBER(D87)),C87-D87,"") | L87: =IF(AND(ISNUMBER(E87),ISNUMBER(F87)),E87-F87,"") | M87: =IF(AND(ISNUMBER(E87),ISNUMBER(F87)),AVERAGE(E87:F87),"") | N87: =IF(H87>0,H87,"") | O87: =IF(AND(I87>0,J87>0),LOG10(I87),"") | P87: =IF(AND(I87>0,J87>0),LOG10(J87),"")
H88: =IF(AND(ISNUMBER(C88),ISNUMBER(D88)),AVERAGE(C88:D88),0) -> 0 | I88: =IF(AND(H88>0,G88<>"dead"),H88,0) -> 0 | J88: =IF(AND(ISNUMBER(E88),ISNUMBER(F88),G88<>"dead"),AVERAGE(E88:F88),0) -> 0 | K88: =IF(AND(ISNUMBER(C88),ISNUMBER(D88)),C88-D88,"") | L88: =IF(AND(ISNUMBER(E88),ISNUMBER(F88)),E88-F88,"") | M88: =IF(AND(ISNUMBER(E88),ISNUMBER(F88)),AVERAGE(E88:F88),"") | N88: =IF(H88>0,H88,"") | O88: =IF(AND(I88>0,J88>0),LOG10(I88),"") | P88: =IF(AND(I88>0,J88>0),LOG10(J88),"")
H89: =IF(AND(ISNUMBER(C89),ISNUMBER(D89)),AVERAGE(C89:D89),0) -> 0 | I89: =IF(AND(H89>0,G89<>"dead"),H89,0) -> 0 | J89: =IF(AND(ISNUMBER(E89),ISNUMBER(F89),G89<>"dead"),AVERAGE(E89:F89),0) -> 0 | K89: =IF(AND(ISNUMBER(C89),ISNUMBER(D89)),C89-D89,"") | L89: =IF(AND(ISNUMBER(E89),ISNUMBER(F89)),E89-F89,"") | M89: =IF(AND(ISNUMBER(E89),ISNUMBER(F89)),AVERAGE(E89:F89),"") | N89: =IF(H89>0,H89,"") | O89: =IF(AND(I89>0,J89>0),LOG10(I89),"") | P89: =IF(AND(I89>0,J89>0),LOG10(J89),"")
H90: =IF(AND(ISNUMBER(C90),ISNUMBER(D90)),AVERAGE(C90:D90),0) -> 0 | I90: =IF(AND(H90>0,G90<>"dead"),H90,0) -> 0 | J90: =IF(AND(ISNUMBER(E90),ISNUMBER(F90),G90<>"dead"),AVERAGE(E90:F90),0) -> 0 | K90: =IF(AND(ISNUMBER(C90),ISNUMBER(D90)),C90-D90,"") | L90: =IF(AND(ISNUMBER(E90),ISNUMBER(F90)),E90-F90,"") | M90: =IF(AND(ISNUMBER(E90),ISNUMBER(F90)),AVERAGE(E90:F90),"") | N90: =IF(H90>0,H90,"") | O90: =IF(AND(I90>0,J90>0),LOG10(I90),"") | P90: =IF(AND(I90>0,J90>0),LOG10(J90),"")
H91: =IF(AND(ISNUMBER(C91),ISNUMBER(D91)),AVERAGE(C91:D91),0) -> 0 | I91: =IF(AND(H91>0,G91<>"dead"),H91,0) -> 0 | J91: =IF(AND(ISNUMBER(E91),ISNUMBER(F91),G91<>"dead"),AVERAGE(E91:F91),0) -> 0 | K91: =IF(AND(ISNUMBER(C91),ISNUMBER(D91)),C91-D91,"") | L91: =IF(AND(ISNUMBER(E91),ISNUMBER(F91)),E91-F91,"") | M91: =IF(AND(ISNUMBER(E91),ISNUMBER(F91)),AVERAGE(E91:F91),"") | N91: =IF(H91>0,H91,"") | O91: =IF(AND(I91>0,J91>0),LOG10(I91),"") | P91: =IF(AND(I91>0,J91>0),LOG10(J91),"")
H92: =IF(AND(ISNUMBER(C92),ISNUMBER(D92)),AVERAGE(C92:D92),0) -> 0 | I92: =IF(AND(H92>0,G92<>"dead"),H92,0) -> 0 | J92: =IF(AND(ISNUMBER(E92),ISNUMBER(F92),G92<>"dead"),AVERAGE(E92:F92),0) -> 0 | K92: =IF(AND(ISNUMBER(C92),ISNUMBER(D92)),C92-D92,"") | L92: =IF(AND(ISNUMBER(E92),ISNUMBER(F92)),E92-F92,"") | M92: =IF(AND(ISNUMBER(E92),ISNUMBER(F92)),AVERAGE(E92:F92),"") | N92: =IF(H92>0,H92,"") | O92: =IF(AND(I92>0,J92>0),LOG10(I92),"") | P92: =IF(AND(I92>0,J92>0),LOG10(J92),"")
H93: =IF(AND(ISNUMBER(C93),ISNUMBER(D93)),AVERAGE(C93:D93),0) -> 0 | I93: =IF(AND(H93>0,G93<>"dead"),H93,0) -> 0 | J93: =IF(AND(ISNUMBER(E93),ISNUMBER(F93),G93<>"dead"),AVERAGE(E93:F93),0) -> 0 | K93: =IF(AND(ISNUMBER(C93),ISNUMBER(D93)),C93-D93,"") | L93: =IF(AND(ISNUMBER(E93),ISNUMBER(F93)),E93-F93,"") | M93: =IF(AND(ISNUMBER(E93),ISNUMBER(F93)),AVERAGE(E93:F93),"") | N93: =IF(H93>0,H93,"") | O93: =IF(AND(I93>0,J93>0),LOG10(I93),"") | P93: =IF(AND(I93>0,J93>0),LOG10(J93),"")
H94: =IF(AND(ISNUMBER(C94),ISNUMBER(D94)),AVERAGE(C94:D94),0) -> 0 | I94: =IF(AND(H94>0,G94<>"dead"),H94,0) -> 0 | J94: =IF(AND(ISNUMBER(E94),ISNUMBER(F94),G94<>"dead"),AVERAGE(E94:F94),0) -> 0 | K94: =IF(AND(ISNUMBER(C94),ISNUMBER(D94)),C94-D94,"") | L94: =IF(AND(ISNUMBER(E94),ISNUMBER(F94)),E94-F94,"") | M94: =IF(AND(ISNUMBER(E94),ISNUMBER(F94)),AVERAGE(E94:F94),"") | N94: =IF(H94>0,H94,"") | O94: =IF(AND(I94>0,J94>0),LOG10(I94),"") | P94: =IF(AND(I94>0,J94>0),LOG10(J94),"")
H95: =IF(AND(ISNUMBER(C95),ISNUMBER(D95)),AVERAGE(C95:D95),0) -> 0 | I95: =IF(AND(H95>0,G95<>"dead"),H95,0) -> 0 | J95: =IF(AND(ISNUMBER(E95),ISNUMBER(F95),G95<>"dead"),AVERAGE(E95:F95),0) -> 0 | K95: =IF(AND(ISNUMBER(C95),ISNUMBER(D95)),C95-D95,"") | L95: =IF(AND(ISNUMBER(E95),ISNUMBER(F95)),E95-F95,"") | M95: =IF(AND(ISNUMBER(E95),ISNUMBER(F95)),AVERAGE(E95:F95),"") | N95: =IF(H95>0,H95,"") | O95: =IF(AND(I95>0,J95>0),LOG10(I95),"") | P95: =IF(AND(I95>0,J95>0),LOG10(J95),"")
H96: =IF(AND(ISNUMBER(C96),ISNUMBER(D96)),AVERAGE(C96:D96),0) -> 0 | I96: =IF(AND(H96>0,G96<>"dead"),H96,0) -> 0 | J96: =IF(AND(ISNUMBER(E96),ISNUMBER(F96),G96<>"dead"),AVERAGE(E96:F96),0) -> 0 | K96: =IF(AND(ISNUMBER(C96),ISNUMBER(D96)),C96-D96,"") | L96: =IF(AND(ISNUMBER(E96),ISNUMBER(F96)),E96-F96,"") | M96: =IF(AND(ISNUMBER(E96),ISNUMBER(F96)),AVERAGE(E96:F96),"") | N96: =IF(H96>0,H96,"") | O96: =IF(AND(I96>0,J96>0),LOG10(I96),"") | P96: =IF(AND(I96>0,J96>0),LOG10(J96),"")
H97: =IF(AND(ISNUMBER(C97),ISNUMBER(D97)),AVERAGE(C97:D97),0) -> 0 | I97: =IF(AND(H97>0,G97<>"dead"),H97,0) -> 0 | J97: =IF(AND(ISNUMBER(E97),ISNUMBER(F97),G97<>"dead"),AVERAGE(E97:F97),0) -> 0 | K97: =IF(AND(ISNUMBER(C97),ISNUMBER(D97)),C97-D97,"") | L97: =IF(AND(ISNUMBER(E97),ISNUMBER(F97)),E97-F97,"") | M97: =IF(AND(ISNUMBER(E97),ISNUMBER(F97)),AVERAGE(E97:F97),"") | N97: =IF(H97>0,H97,"") | O97: =IF(AND(I97>0,J97>0),LOG10(I97),"") | P97: =IF(AND(I97>0,J97>0),LOG10(J97),"")
H98: =IF(AND(ISNUMBER(C98),ISNUMBER(D98)),AVERAGE(C98:D98),0) -> 0 | I98: =IF(AND(H98>0,G98<>"dead"),H98,0) -> 0 | J98: =IF(AND(ISNUMBER(E98),ISNUMBER(F98),G98<>"dead"),AVERAGE(E98:F98),0) -> 0 | K98: =IF(AND(ISNUMBER(C98),ISNUMBER(D98)),C98-D98,"") | L98: =IF(AND(ISNUMBER(E98),ISNUMBER(F98)),E98-F98,"") | M98: =IF(AND(ISNUMBER(E98),ISNUMBER(F98)),AVERAGE(E98:F98),"") | N98: =IF(H98>0,H98,"") | O98: =IF(AND(I98>0,J98>0),LOG10(I98),"") | P98: =IF(AND(I98>0,J98>0),LOG10(J98),"")
... H131: =IF(AND(ISNUMBER(C131),ISNUMBER(D131)),AVERAGE(C131:D131),0) -> 0 | I131: =IF(AND(H131>0,G131<>"dead"),H131,0) -> 0 | J131: =IF(AND(ISNUMBER(E131),ISNUMBER(F131),G131<>"dead"),AVERAGE(E131:F131),0) -> 0 | K131: =IF(AND(ISNUMBER(C131),ISNUMBER(D131)),C131-D131,"") | L131: =IF(AND(ISNUMBER(E131),ISNUMBER(F131)),E131-F131,"") | M131: =IF(AND(ISNUMBER(E131),ISNUMBER(F131)),AVERAGE(E131:F131),"") | N131: =IF(H131>0,H131,"") | O131: =IF(AND(I131>0,J131>0),LOG10(I131),"") | P131: =IF(AND(I131>0,J131>0),LOG10(J131),"")

Sheet Results
B1: Results
B2: Everything on this sheet is calculated. Change only the yellow settings.
B4: Settings
B5: Site used for the selection differential (type its name) | C5: Site_B
B7: Repeatability (two measurements per specimen)
B8: Specimens measured twice (height) | C8: =IFERROR(COUNT('Enter data'!$K$12:$K$131),"") -> 75
B9: Mean square among specimens | C9: =IFERROR(2*VAR('Enter data'!$N$12:$N$131),"") -> 14.084805
B10: Mean square within specimens | C10: =IFERROR(SUMSQ('Enter data'!$K$12:$K$131)/(2*$C$8),"") -> 0.066266667
B11: Repeatability r | C11: =IFERROR(($C$9-$C$10)/($C$9+$C$10),"") -> 0.9906344
B12: Specimens measured twice (width) | C12: =IFERROR(COUNT('Enter data'!$L$12:$L$131),"") -> 75
B13: Mean square among specimens | C13: =IFERROR(2*VAR('Enter data'!$M$12:$M$131),"") -> 10.393418
B14: Mean square within specimens | C14: =IFERROR(SUMSQ('Enter data'!$L$12:$L$131)/(2*$C$12),"") -> 0.1116
B15: Repeatability r | C15: =IFERROR(($C$13-$C$14)/($C$13+$C$14),"") -> 0.97875301
B17: Two-site comparison, live specimens (Welch t test)
B18: Name | C18: n | D18: Mean | E18: SD | F18: SE
B19: =IFERROR('Enter data'!$A$6,"") -> Site_A | C19: =IFERROR(COUNTIFS('Enter data'!$B$12:$B$131,'Enter data'!$A$6,'Enter data'!$I$12:$I$131,"<>0"),"") -> 30 | D19: =IFERROR(AVERAGEIFS('Enter data'!$I$12:$I$131,'Enter data'!$B$12:$B$131,'Enter data'!$A$6,'Enter data'!$I$12:$I$131,"<>0"),"") -> 22.25 | E19: =IFERROR(SQRT(MAX(0,(SUMPRODUCT(('Enter data'!$B$12:$B$131='Enter data'!$A$6)*('Enter data'!$I$12:$I$131<>0)*'Enter data'!$I$12:$I$131^2)-C19*D19^2)/(C19-1))),"") -> 2.2898201 | F19: =IFERROR(E19/SQRT(C19),"") -> 0.41806203
B20: =IFERROR('Enter data'!$B$6,"") -> Site_B | C20: =IFERROR(COUNTIFS('Enter data'!$B$12:$B$131,'Enter data'!$B$6,'Enter data'!$I$12:$I$131,"<>0"),"") -> 30 | D20: =IFERROR(AVERAGEIFS('Enter data'!$I$12:$I$131,'Enter data'!$B$12:$B$131,'Enter data'!$B$6,'Enter data'!$I$12:$I$131,"<>0"),"") -> 25.298333 | E20: =IFERROR(SQRT(MAX(0,(SUMPRODUCT(('Enter data'!$B$12:$B$131='Enter data'!$B$6)*('Enter data'!$I$12:$I$131<>0)*'Enter data'!$I$12:$I$131^2)-C20*D20^2)/(C20-1))),"") -> 1.3900188 | F20: =IFERROR(E20/SQRT(C20),"") -> 0.25378155
B22: Height: difference in means (site 1 minus site 2) | C22: =IFERROR($D$19-$D$20,"") -> -3.0483333
B23: Standard error of the difference | C23: =IFERROR(SQRT($F$19^2+$F$20^2),"") -> 0.48906128
B24: Degrees of freedom (Welch) | C24: =IFERROR((($E$19^2/$C$19+$E$20^2/$C$20)^2/(($E$19^2/$C$19)^2/($C$19-1)+($E$20^2/$C$20)^2/($C$20-1))),"") -> 47.81774
B25: p value | C25: =IFERROR(TDIST(ABS($C$22/$C$23),$C$24,2),"") -> 1.1937842e-07
B26: 95% interval, lower | C26: =IFERROR($C$22-TINV(0.05,$C$24)*$C$23,"") -> -4.0321977
B27: 95% interval, upper | C27: =IFERROR($C$22+TINV(0.05,$C$24)*$C$23,"") -> -2.0644689
B29: Allometry (live specimens): log10 width on log10 height
B30: Points used | C30: =IFERROR(SUMPRODUCT(--ISNUMBER('Enter data'!$O$12:$O$131),--ISNUMBER('Enter data'!$P$12:$P$131)),"") -> 60
B31: Slope (isometry = 1) | C31: =IFERROR(SLOPE('Enter data'!$P$12:$P$131,'Enter data'!$O$12:$O$131),"") -> 0.98983234
B32: Intercept (isometry = 1) | C32: =IFERROR(INTERCEPT('Enter data'!$P$12:$P$131,'Enter data'!$O$12:$O$131),"") -> -0.095702994
B33: R squared | C33: =IFERROR(RSQ('Enter data'!$P$12:$P$131,'Enter data'!$O$12:$O$131),"") -> 0.86890178
B34: Residual standard deviation | C34: =IFERROR(STEYX('Enter data'!$P$12:$P$131,'Enter data'!$O$12:$O$131),"") -> 0.017945219
B35: Standard error of the slope | C35: =IFERROR($C$34/SQRT(DEVSQ('Enter data'!$O$12:$O$131)),"") -> 0.050484806
B36: 95% interval for the slope, lower | C36: =IFERROR($C$31-TINV(0.05,$C$30-2)*$C$35,"") -> 0.88877603
B37: 95% interval for the slope, upper | C37: =IFERROR($C$31+TINV(0.05,$C$30-2)*$C$35,"") -> 1.0908887
B39: Selection differential for the site named in the settings (height)
B40: Cohort size (live plus dead) | C40: =IFERROR(COUNTIFS('Enter data'!$B$12:$B$131,Results!$C$5,'Enter data'!$H$12:$H$131,">0"),"") -> 45
B41: Survivors (live) | C41: =IFERROR(COUNTIFS('Enter data'!$B$12:$B$131,Results!$C$5,'Enter data'!$I$12:$I$131,">0"),"") -> 30
B42: S = mean of survivors minus mean of cohort | C42: =IFERROR(AVERAGEIFS('Enter data'!$I$12:$I$131,'Enter data'!$B$12:$B$131,Results!$C$5,'Enter data'!$I$12:$I$131,">0")-AVERAGEIFS('Enter data'!$H$12:$H$131,'Enter data'!$B$12:$B$131,Results!$C$5,'Enter data'!$H$12:$H$131,">0"),"") -> -0.42833333
B43: Standard deviation of the cohort | C43: =IFERROR(SQRT((SUMPRODUCT(('Enter data'!$B$12:$B$131=Results!$C$5)*('Enter data'!$H$12:$H$131>0)*'Enter data'!$H$12:$H$131^2)-$C$40*AVERAGEIFS('Enter data'!$H$12:$H$131,'Enter data'!$B$12:$B$131,Results!$C$5,'Enter data'!$H$12:$H$131,">0")^2)/($C$40-1)),"") -> 1.8556609
B44: Standardized differential i = S / sd | C44: =IFERROR($C$42/$C$43,"") -> -0.23082522
