Workbook

Sheet Start here
B1: EVO-05 Testing Hardy-Weinberg proportions
B2: Excel version of the card. It does the same calculations as the R script evo05_hardy_weinberg.R.
B4: How to use this workbook
B5: 1. Go to the 'Enter data' sheet. Type only in the yellow cells with blue text. Grey cells are calculated for you.
B6: 2. Fill the blocks that apply. Leave rows you did not use empty. The grey italic row above each table is an example of the format and is not used.
B7: 3. Open the 'Results' sheet. Everything there is calculated. Yellow cells on that sheet are settings you may change.
B9: What the colours mean
B10: Yellow cell, blue text: you type here.
B11: Grey cell: a formula. Sheets are protected without a password so formulas are not overwritten by accident (Review > Unprotect Sheet).
B13: Assumptions and sources
B14: p = (2 AA + Aa) / 2n. Expected counts n p^2, 2 n p q, n q^2. Chi-square with 1 degree of freedom (3 classes, minus 1, minus 1 estimated allele frequency). F = 1 - observed / expected heterozygosity.
B15: The last row of the results pools all populations entered, to show a Wahlund effect (heterozygote deficit from pooling populations with different allele frequencies).
... B22: Compiled by Emmanuel G. Lozano, Department of Biology, College of Arts and Sciences, Pampanga State University. Original material is licensed CC BY-NC 4.0: credit required, non-commercial use only.

Sheet Enter data
A1: Enter your data
A2: Type only in yellow cells. Leave unused rows empty.
A4: 1. Genotype counts
A5: Population | B5: AA | C5: Aa | D5: aa
A6: A | B6: 100 | C6: 40 | D6: 60
A7: A | B7: 129 | C7: 56 | D7: 15
A8: B | B8: 9 | C8: 57 | D8: 134
A9: C | B9: 56 | C9: 99 | D9: 45
A10: D | B10: 72 | C10: 71 | D10: 57

Sheet Results
B1: Results
B2: Everything on this sheet is calculated. Change only the yellow settings.
B4: Hardy-Weinberg tests
B5: Population | C5: n | D5: Allele frequency p | E5: Expected heterozygosity | F5: Observed heterozygosity | G5: F | H5: Chi-square | I5: p value
B6: =IFERROR(IF(COUNT('Enter data'!$B$7,'Enter data'!$C$7,'Enter data'!$D$7)=3,'Enter data'!$A$7,""),"") -> A | C6: =IFERROR(IF(COUNT('Enter data'!$B$7,'Enter data'!$C$7,'Enter data'!$D$7)=3,('Enter data'!$B$7+'Enter data'!$C$7+'Enter data'!$D$7),""),"") -> 200 | D6: =IFERROR(IF(COUNT('Enter data'!$B$7,'Enter data'!$C$7,'Enter data'!$D$7)=3,((2*'Enter data'!$B$7+'Enter data'!$C$7)/(2*('Enter data'!$B$7+'Enter data'!$C$7+'Enter data'!$D$7))),""),"") -> 0.785 | E6: =IFERROR(IF(COUNT('Enter data'!$B$7,'Enter data'!$C$7,'Enter data'!$D$7)=3,2*D6*(1-D6),""),"") -> 0.33755 | F6: =IFERROR(IF(COUNT('Enter data'!$B$7,'Enter data'!$C$7,'Enter data'!$D$7)=3,'Enter data'!$C$7/('Enter data'!$B$7+'Enter data'!$C$7+'Enter data'!$D$7),""),"") -> 0.28 | G6: =IFERROR(IF(COUNT('Enter data'!$B$7,'Enter data'!$C$7,'Enter data'!$D$7)=3,1-F6/E6,""),"") -> 0.17049326 | H6: =IFERROR(IF(COUNT('Enter data'!$B$7,'Enter data'!$C$7,'Enter data'!$D$7)=3,('Enter data'!$B$7-('Enter data'!$B$7+'Enter data'!$C$7+'Enter data'!$D$7)*D6^2)^2/(('Enter data'!$B$7+'Enter data'!$C$7+'Enter data'!$D$7)*D6^2)+('Enter data'!$C$7-2*('Enter data'!$B$7+'Enter data'!$C$7+'Enter data'!$D$7)*D6*(1-D6))^2/(2*('Enter data'!$B$7+'Enter data'!$C$7+'Enter data'!$D$7)*D6*(1-D6))+('Enter data'!$D$7-('Enter data'!$B$7+'Enter data'!$C$7+'Enter data'!$D$7)*(1-D6)^2)^2/(('Enter data'!$B$7+'Enter data'!$C$7+'Enter data'!$D$7)*(1-D6)^2),""),"") -> 5.8135904 | I6: =IFERROR(IF(ISNUMBER(H6),CHIDIST(H6,1),""),"") -> 0.015902795
B7: =IFERROR(IF(COUNT('Enter data'!$B$8,'Enter data'!$C$8,'Enter data'!$D$8)=3,'Enter data'!$A$8,""),"") -> B | C7: =IFERROR(IF(COUNT('Enter data'!$B$8,'Enter data'!$C$8,'Enter data'!$D$8)=3,('Enter data'!$B$8+'Enter data'!$C$8+'Enter data'!$D$8),""),"") -> 200 | D7: =IFERROR(IF(COUNT('Enter data'!$B$8,'Enter data'!$C$8,'Enter data'!$D$8)=3,((2*'Enter data'!$B$8+'Enter data'!$C$8)/(2*('Enter data'!$B$8+'Enter data'!$C$8+'Enter data'!$D$8))),""),"") -> 0.1875 | E7: =IFERROR(IF(COUNT('Enter data'!$B$8,'Enter data'!$C$8,'Enter data'!$D$8)=3,2*D7*(1-D7),""),"") -> 0.3046875 | F7: =IFERROR(IF(COUNT('Enter data'!$B$8,'Enter data'!$C$8,'Enter data'!$D$8)=3,'Enter data'!$C$8/('Enter data'!$B$8+'Enter data'!$C$8+'Enter data'!$D$8),""),"") -> 0.285 | G7: =IFERROR(IF(COUNT('Enter data'!$B$8,'Enter data'!$C$8,'Enter data'!$D$8)=3,1-F7/E7,""),"") -> 0.064615385 | H7: =IFERROR(IF(COUNT('Enter data'!$B$8,'Enter data'!$C$8,'Enter data'!$D$8)=3,('Enter data'!$B$8-('Enter data'!$B$8+'Enter data'!$C$8+'Enter data'!$D$8)*D7^2)^2/(('Enter data'!$B$8+'Enter data'!$C$8+'Enter data'!$D$8)*D7^2)+('Enter data'!$C$8-2*('Enter data'!$B$8+'Enter data'!$C$8+'Enter data'!$D$8)*D7*(1-D7))^2/(2*('Enter data'!$B$8+'Enter data'!$C$8+'Enter data'!$D$8)*D7*(1-D7))+('Enter data'!$D$8-('Enter data'!$B$8+'Enter data'!$C$8+'Enter data'!$D$8)*(1-D7)^2)^2/(('Enter data'!$B$8+'Enter data'!$C$8+'Enter data'!$D$8)*(1-D7)^2),""),"") -> 0.83502959 | I7: =IFERROR(IF(ISNUMBER(H7),CHIDIST(H7,1),""),"") -> 0.36082219
B8: =IFERROR(IF(COUNT('Enter data'!$B$9,'Enter data'!$C$9,'Enter data'!$D$9)=3,'Enter data'!$A$9,""),"") -> C | C8: =IFERROR(IF(COUNT('Enter data'!$B$9,'Enter data'!$C$9,'Enter data'!$D$9)=3,('Enter data'!$B$9+'Enter data'!$C$9+'Enter data'!$D$9),""),"") -> 200 | D8: =IFERROR(IF(COUNT('Enter data'!$B$9,'Enter data'!$C$9,'Enter data'!$D$9)=3,((2*'Enter data'!$B$9+'Enter data'!$C$9)/(2*('Enter data'!$B$9+'Enter data'!$C$9+'Enter data'!$D$9))),""),"") -> 0.5275 | E8: =IFERROR(IF(COUNT('Enter data'!$B$9,'Enter data'!$C$9,'Enter data'!$D$9)=3,2*D8*(1-D8),""),"") -> 0.4984875 | F8: =IFERROR(IF(COUNT('Enter data'!$B$9,'Enter data'!$C$9,'Enter data'!$D$9)=3,'Enter data'!$C$9/('Enter data'!$B$9+'Enter data'!$C$9+'Enter data'!$D$9),""),"") -> 0.495 | G8: =IFERROR(IF(COUNT('Enter data'!$B$9,'Enter data'!$C$9,'Enter data'!$D$9)=3,1-F8/E8,""),"") -> 0.0069961634 | H8: =IFERROR(IF(COUNT('Enter data'!$B$9,'Enter data'!$C$9,'Enter data'!$D$9)=3,('Enter data'!$B$9-('Enter data'!$B$9+'Enter data'!$C$9+'Enter data'!$D$9)*D8^2)^2/(('Enter data'!$B$9+'Enter data'!$C$9+'Enter data'!$D$9)*D8^2)+('Enter data'!$C$9-2*('Enter data'!$B$9+'Enter data'!$C$9+'Enter data'!$D$9)*D8*(1-D8))^2/(2*('Enter data'!$B$9+'Enter data'!$C$9+'Enter data'!$D$9)*D8*(1-D8))+('Enter data'!$D$9-('Enter data'!$B$9+'Enter data'!$C$9+'Enter data'!$D$9)*(1-D8)^2)^2/(('Enter data'!$B$9+'Enter data'!$C$9+'Enter data'!$D$9)*(1-D8)^2),""),"") -> 0.0097892604 | I8: =IFERROR(IF(ISNUMBER(H8),CHIDIST(H8,1),""),"") -> 0.92118536
B9: =IFERROR(IF(COUNT('Enter data'!$B$10,'Enter data'!$C$10,'Enter data'!$D$10)=3,'Enter data'!$A$10,""),"") -> D | C9: =IFERROR(IF(COUNT('Enter data'!$B$10,'Enter data'!$C$10,'Enter data'!$D$10)=3,('Enter data'!$B$10+'Enter data'!$C$10+'Enter data'!$D$10),""),"") -> 200 | D9: =IFERROR(IF(COUNT('Enter data'!$B$10,'Enter data'!$C$10,'Enter data'!$D$10)=3,((2*'Enter data'!$B$10+'Enter data'!$C$10)/(2*('Enter data'!$B$10+'Enter data'!$C$10+'Enter data'!$D$10))),""),"") -> 0.5375 | E9: =IFERROR(IF(COUNT('Enter data'!$B$10,'Enter data'!$C$10,'Enter data'!$D$10)=3,2*D9*(1-D9),""),"") -> 0.4971875 | F9: =IFERROR(IF(COUNT('Enter data'!$B$10,'Enter data'!$C$10,'Enter data'!$D$10)=3,'Enter data'!$C$10/('Enter data'!$B$10+'Enter data'!$C$10+'Enter data'!$D$10),""),"") -> 0.355 | G9: =IFERROR(IF(COUNT('Enter data'!$B$10,'Enter data'!$C$10,'Enter data'!$D$10)=3,1-F9/E9,""),"") -> 0.28598366 | H9: =IFERROR(IF(COUNT('Enter data'!$B$10,'Enter data'!$C$10,'Enter data'!$D$10)=3,('Enter data'!$B$10-('Enter data'!$B$10+'Enter data'!$C$10+'Enter data'!$D$10)*D9^2)^2/(('Enter data'!$B$10+'Enter data'!$C$10+'Enter data'!$D$10)*D9^2)+('Enter data'!$C$10-2*('Enter data'!$B$10+'Enter data'!$C$10+'Enter data'!$D$10)*D9*(1-D9))^2/(2*('Enter data'!$B$10+'Enter data'!$C$10+'Enter data'!$D$10)*D9*(1-D9))+('Enter data'!$D$10-('Enter data'!$B$10+'Enter data'!$C$10+'Enter data'!$D$10)*(1-D9)^2)^2/(('Enter data'!$B$10+'Enter data'!$C$10+'Enter data'!$D$10)*(1-D9)^2),""),"") -> 16.357331 | I9: =IFERROR(IF(ISNUMBER(H9),CHIDIST(H9,1),""),"") -> 5.2452887e-05
B10: =IFERROR(IF(COUNT('Enter data'!$B$11,'Enter data'!$C$11,'Enter data'!$D$11)=3,'Enter data'!$A$11,""),"") | C10: =IFERROR(IF(COUNT('Enter data'!$B$11,'Enter data'!$C$11,'Enter data'!$D$11)=3,('Enter data'!$B$11+'Enter data'!$C$11+'Enter data'!$D$11),""),"") | D10: =IFERROR(IF(COUNT('Enter data'!$B$11,'Enter data'!$C$11,'Enter data'!$D$11)=3,((2*'Enter data'!$B$11+'Enter data'!$C$11)/(2*('Enter data'!$B$11+'Enter data'!$C$11+'Enter data'!$D$11))),""),"") | E10: =IFERROR(IF(COUNT('Enter data'!$B$11,'Enter data'!$C$11,'Enter data'!$D$11)=3,2*D10*(1-D10),""),"") | F10: =IFERROR(IF(COUNT('Enter data'!$B$11,'Enter data'!$C$11,'Enter data'!$D$11)=3,'Enter data'!$C$11/('Enter data'!$B$11+'Enter data'!$C$11+'Enter data'!$D$11),""),"") | G10: =IFERROR(IF(COUNT('Enter data'!$B$11,'Enter data'!$C$11,'Enter data'!$D$11)=3,1-F10/E10,""),"") | H10: =IFERROR(IF(COUNT('Enter data'!$B$11,'Enter data'!$C$11,'Enter data'!$D$11)=3,('Enter data'!$B$11-('Enter data'!$B$11+'Enter data'!$C$11+'Enter data'!$D$11)*D10^2)^2/(('Enter data'!$B$11+'Enter data'!$C$11+'Enter data'!$D$11)*D10^2)+('Enter data'!$C$11-2*('Enter data'!$B$11+'Enter data'!$C$11+'Enter data'!$D$11)*D10*(1-D10))^2/(2*('Enter data'!$B$11+'Enter data'!$C$11+'Enter data'!$D$11)*D10*(1-D10))+('Enter data'!$D$11-('Enter data'!$B$11+'Enter data'!$C$11+'Enter data'!$D$11)*(1-D10)^2)^2/(('Enter data'!$B$11+'Enter data'!$C$11+'Enter data'!$D$11)*(1-D10)^2),""),"") | I10: =IFERROR(IF(ISNUMBER(H10),CHIDIST(H10,1),""),"")
B11: =IFERROR(IF(COUNT('Enter data'!$B$12,'Enter data'!$C$12,'Enter data'!$D$12)=3,'Enter data'!$A$12,""),"") | C11: =IFERROR(IF(COUNT('Enter data'!$B$12,'Enter data'!$C$12,'Enter data'!$D$12)=3,('Enter data'!$B$12+'Enter data'!$C$12+'Enter data'!$D$12),""),"") | D11: =IFERROR(IF(COUNT('Enter data'!$B$12,'Enter data'!$C$12,'Enter data'!$D$12)=3,((2*'Enter data'!$B$12+'Enter data'!$C$12)/(2*('Enter data'!$B$12+'Enter data'!$C$12+'Enter data'!$D$12))),""),"") | E11: =IFERROR(IF(COUNT('Enter data'!$B$12,'Enter data'!$C$12,'Enter data'!$D$12)=3,2*D11*(1-D11),""),"") | F11: =IFERROR(IF(COUNT('Enter data'!$B$12,'Enter data'!$C$12,'Enter data'!$D$12)=3,'Enter data'!$C$12/('Enter data'!$B$12+'Enter data'!$C$12+'Enter data'!$D$12),""),"") | G11: =IFERROR(IF(COUNT('Enter data'!$B$12,'Enter data'!$C$12,'Enter data'!$D$12)=3,1-F11/E11,""),"") | H11: =IFERROR(IF(COUNT('Enter data'!$B$12,'Enter data'!$C$12,'Enter data'!$D$12)=3,('Enter data'!$B$12-('Enter data'!$B$12+'Enter data'!$C$12+'Enter data'!$D$12)*D11^2)^2/(('Enter data'!$B$12+'Enter data'!$C$12+'Enter data'!$D$12)*D11^2)+('Enter data'!$C$12-2*('Enter data'!$B$12+'Enter data'!$C$12+'Enter data'!$D$12)*D11*(1-D11))^2/(2*('Enter data'!$B$12+'Enter data'!$C$12+'Enter data'!$D$12)*D11*(1-D11))+('Enter data'!$D$12-('Enter data'!$B$12+'Enter data'!$C$12+'Enter data'!$D$12)*(1-D11)^2)^2/(('Enter data'!$B$12+'Enter data'!$C$12+'Enter data'!$D$12)*(1-D11)^2),""),"") | I11: =IFERROR(IF(ISNUMBER(H11),CHIDIST(H11,1),""),"")
B12: =IFERROR(IF(COUNT('Enter data'!$B$13,'Enter data'!$C$13,'Enter data'!$D$13)=3,'Enter data'!$A$13,""),"") | C12: =IFERROR(IF(COUNT('Enter data'!$B$13,'Enter data'!$C$13,'Enter data'!$D$13)=3,('Enter data'!$B$13+'Enter data'!$C$13+'Enter data'!$D$13),""),"") | D12: =IFERROR(IF(COUNT('Enter data'!$B$13,'Enter data'!$C$13,'Enter data'!$D$13)=3,((2*'Enter data'!$B$13+'Enter data'!$C$13)/(2*('Enter data'!$B$13+'Enter data'!$C$13+'Enter data'!$D$13))),""),"") | E12: =IFERROR(IF(COUNT('Enter data'!$B$13,'Enter data'!$C$13,'Enter data'!$D$13)=3,2*D12*(1-D12),""),"") | F12: =IFERROR(IF(COUNT('Enter data'!$B$13,'Enter data'!$C$13,'Enter data'!$D$13)=3,'Enter data'!$C$13/('Enter data'!$B$13+'Enter data'!$C$13+'Enter data'!$D$13),""),"") | G12: =IFERROR(IF(COUNT('Enter data'!$B$13,'Enter data'!$C$13,'Enter data'!$D$13)=3,1-F12/E12,""),"") | H12: =IFERROR(IF(COUNT('Enter data'!$B$13,'Enter data'!$C$13,'Enter data'!$D$13)=3,('Enter data'!$B$13-('Enter data'!$B$13+'Enter data'!$C$13+'Enter data'!$D$13)*D12^2)^2/(('Enter data'!$B$13+'Enter data'!$C$13+'Enter data'!$D$13)*D12^2)+('Enter data'!$C$13-2*('Enter data'!$B$13+'Enter data'!$C$13+'Enter data'!$D$13)*D12*(1-D12))^2/(2*('Enter data'!$B$13+'Enter data'!$C$13+'Enter data'!$D$13)*D12*(1-D12))+('Enter data'!$D$13-('Enter data'!$B$13+'Enter data'!$C$13+'Enter data'!$D$13)*(1-D12)^2)^2/(('Enter data'!$B$13+'Enter data'!$C$13+'Enter data'!$D$13)*(1-D12)^2),""),"") | I12: =IFERROR(IF(ISNUMBER(H12),CHIDIST(H12,1),""),"")
B13: =IFERROR(IF(COUNT('Enter data'!$B$14,'Enter data'!$C$14,'Enter data'!$D$14)=3,'Enter data'!$A$14,""),"") | C13: =IFERROR(IF(COUNT('Enter data'!$B$14,'Enter data'!$C$14,'Enter data'!$D$14)=3,('Enter data'!$B$14+'Enter data'!$C$14+'Enter data'!$D$14),""),"") | D13: =IFERROR(IF(COUNT('Enter data'!$B$14,'Enter data'!$C$14,'Enter data'!$D$14)=3,((2*'Enter data'!$B$14+'Enter data'!$C$14)/(2*('Enter data'!$B$14+'Enter data'!$C$14+'Enter data'!$D$14))),""),"") | E13: =IFERROR(IF(COUNT('Enter data'!$B$14,'Enter data'!$C$14,'Enter data'!$D$14)=3,2*D13*(1-D13),""),"") | F13: =IFERROR(IF(COUNT('Enter data'!$B$14,'Enter data'!$C$14,'Enter data'!$D$14)=3,'Enter data'!$C$14/('Enter data'!$B$14+'Enter data'!$C$14+'Enter data'!$D$14),""),"") | G13: =IFERROR(IF(COUNT('Enter data'!$B$14,'Enter data'!$C$14,'Enter data'!$D$14)=3,1-F13/E13,""),"") | H13: =IFERROR(IF(COUNT('Enter data'!$B$14,'Enter data'!$C$14,'Enter data'!$D$14)=3,('Enter data'!$B$14-('Enter data'!$B$14+'Enter data'!$C$14+'Enter data'!$D$14)*D13^2)^2/(('Enter data'!$B$14+'Enter data'!$C$14+'Enter data'!$D$14)*D13^2)+('Enter data'!$C$14-2*('Enter data'!$B$14+'Enter data'!$C$14+'Enter data'!$D$14)*D13*(1-D13))^2/(2*('Enter data'!$B$14+'Enter data'!$C$14+'Enter data'!$D$14)*D13*(1-D13))+('Enter data'!$D$14-('Enter data'!$B$14+'Enter data'!$C$14+'Enter data'!$D$14)*(1-D13)^2)^2/(('Enter data'!$B$14+'Enter data'!$C$14+'Enter data'!$D$14)*(1-D13)^2),""),"") | I13: =IFERROR(IF(ISNUMBER(H13),CHIDIST(H13,1),""),"")
B14: =IFERROR(IF(COUNT('Enter data'!$B$15,'Enter data'!$C$15,'Enter data'!$D$15)=3,'Enter data'!$A$15,""),"") | C14: =IFERROR(IF(COUNT('Enter data'!$B$15,'Enter data'!$C$15,'Enter data'!$D$15)=3,('Enter data'!$B$15+'Enter data'!$C$15+'Enter data'!$D$15),""),"") | D14: =IFERROR(IF(COUNT('Enter data'!$B$15,'Enter data'!$C$15,'Enter data'!$D$15)=3,((2*'Enter data'!$B$15+'Enter data'!$C$15)/(2*('Enter data'!$B$15+'Enter data'!$C$15+'Enter data'!$D$15))),""),"") | E14: =IFERROR(IF(COUNT('Enter data'!$B$15,'Enter data'!$C$15,'Enter data'!$D$15)=3,2*D14*(1-D14),""),"") | F14: =IFERROR(IF(COUNT('Enter data'!$B$15,'Enter data'!$C$15,'Enter data'!$D$15)=3,'Enter data'!$C$15/('Enter data'!$B$15+'Enter data'!$C$15+'Enter data'!$D$15),""),"") | G14: =IFERROR(IF(COUNT('Enter data'!$B$15,'Enter data'!$C$15,'Enter data'!$D$15)=3,1-F14/E14,""),"") | H14: =IFERROR(IF(COUNT('Enter data'!$B$15,'Enter data'!$C$15,'Enter data'!$D$15)=3,('Enter data'!$B$15-('Enter data'!$B$15+'Enter data'!$C$15+'Enter data'!$D$15)*D14^2)^2/(('Enter data'!$B$15+'Enter data'!$C$15+'Enter data'!$D$15)*D14^2)+('Enter data'!$C$15-2*('Enter data'!$B$15+'Enter data'!$C$15+'Enter data'!$D$15)*D14*(1-D14))^2/(2*('Enter data'!$B$15+'Enter data'!$C$15+'Enter data'!$D$15)*D14*(1-D14))+('Enter data'!$D$15-('Enter data'!$B$15+'Enter data'!$C$15+'Enter data'!$D$15)*(1-D14)^2)^2/(('Enter data'!$B$15+'Enter data'!$C$15+'Enter data'!$D$15)*(1-D14)^2),""),"") | I14: =IFERROR(IF(ISNUMBER(H14),CHIDIST(H14,1),""),"")
B15: =IFERROR(IF(COUNT('Enter data'!$B$16,'Enter data'!$C$16,'Enter data'!$D$16)=3,'Enter data'!$A$16,""),"") | C15: =IFERROR(IF(COUNT('Enter data'!$B$16,'Enter data'!$C$16,'Enter data'!$D$16)=3,('Enter data'!$B$16+'Enter data'!$C$16+'Enter data'!$D$16),""),"") | D15: =IFERROR(IF(COUNT('Enter data'!$B$16,'Enter data'!$C$16,'Enter data'!$D$16)=3,((2*'Enter data'!$B$16+'Enter data'!$C$16)/(2*('Enter data'!$B$16+'Enter data'!$C$16+'Enter data'!$D$16))),""),"") | E15: =IFERROR(IF(COUNT('Enter data'!$B$16,'Enter data'!$C$16,'Enter data'!$D$16)=3,2*D15*(1-D15),""),"") | F15: =IFERROR(IF(COUNT('Enter data'!$B$16,'Enter data'!$C$16,'Enter data'!$D$16)=3,'Enter data'!$C$16/('Enter data'!$B$16+'Enter data'!$C$16+'Enter data'!$D$16),""),"") | G15: =IFERROR(IF(COUNT('Enter data'!$B$16,'Enter data'!$C$16,'Enter data'!$D$16)=3,1-F15/E15,""),"") | H15: =IFERROR(IF(COUNT('Enter data'!$B$16,'Enter data'!$C$16,'Enter data'!$D$16)=3,('Enter data'!$B$16-('Enter data'!$B$16+'Enter data'!$C$16+'Enter data'!$D$16)*D15^2)^2/(('Enter data'!$B$16+'Enter data'!$C$16+'Enter data'!$D$16)*D15^2)+('Enter data'!$C$16-2*('Enter data'!$B$16+'Enter data'!$C$16+'Enter data'!$D$16)*D15*(1-D15))^2/(2*('Enter data'!$B$16+'Enter data'!$C$16+'Enter data'!$D$16)*D15*(1-D15))+('Enter data'!$D$16-('Enter data'!$B$16+'Enter data'!$C$16+'Enter data'!$D$16)*(1-D15)^2)^2/(('Enter data'!$B$16+'Enter data'!$C$16+'Enter data'!$D$16)*(1-D15)^2),""),"") | I15: =IFERROR(IF(ISNUMBER(H15),CHIDIST(H15,1),""),"")
B16: =IFERROR(IF(COUNT('Enter data'!$B$17,'Enter data'!$C$17,'Enter data'!$D$17)=3,'Enter data'!$A$17,""),"") | C16: =IFERROR(IF(COUNT('Enter data'!$B$17,'Enter data'!$C$17,'Enter data'!$D$17)=3,('Enter data'!$B$17+'Enter data'!$C$17+'Enter data'!$D$17),""),"") | D16: =IFERROR(IF(COUNT('Enter data'!$B$17,'Enter data'!$C$17,'Enter data'!$D$17)=3,((2*'Enter data'!$B$17+'Enter data'!$C$17)/(2*('Enter data'!$B$17+'Enter data'!$C$17+'Enter data'!$D$17))),""),"") | E16: =IFERROR(IF(COUNT('Enter data'!$B$17,'Enter data'!$C$17,'Enter data'!$D$17)=3,2*D16*(1-D16),""),"") | F16: =IFERROR(IF(COUNT('Enter data'!$B$17,'Enter data'!$C$17,'Enter data'!$D$17)=3,'Enter data'!$C$17/('Enter data'!$B$17+'Enter data'!$C$17+'Enter data'!$D$17),""),"") | G16: =IFERROR(IF(COUNT('Enter data'!$B$17,'Enter data'!$C$17,'Enter data'!$D$17)=3,1-F16/E16,""),"") | H16: =IFERROR(IF(COUNT('Enter data'!$B$17,'Enter data'!$C$17,'Enter data'!$D$17)=3,('Enter data'!$B$17-('Enter data'!$B$17+'Enter data'!$C$17+'Enter data'!$D$17)*D16^2)^2/(('Enter data'!$B$17+'Enter data'!$C$17+'Enter data'!$D$17)*D16^2)+('Enter data'!$C$17-2*('Enter data'!$B$17+'Enter data'!$C$17+'Enter data'!$D$17)*D16*(1-D16))^2/(2*('Enter data'!$B$17+'Enter data'!$C$17+'Enter data'!$D$17)*D16*(1-D16))+('Enter data'!$D$17-('Enter data'!$B$17+'Enter data'!$C$17+'Enter data'!$D$17)*(1-D16)^2)^2/(('Enter data'!$B$17+'Enter data'!$C$17+'Enter data'!$D$17)*(1-D16)^2),""),"") | I16: =IFERROR(IF(ISNUMBER(H16),CHIDIST(H16,1),""),"")
B17: =IFERROR(IF(COUNT('Enter data'!$B$18,'Enter data'!$C$18,'Enter data'!$D$18)=3,'Enter data'!$A$18,""),"") | C17: =IFERROR(IF(COUNT('Enter data'!$B$18,'Enter data'!$C$18,'Enter data'!$D$18)=3,('Enter data'!$B$18+'Enter data'!$C$18+'Enter data'!$D$18),""),"") | D17: =IFERROR(IF(COUNT('Enter data'!$B$18,'Enter data'!$C$18,'Enter data'!$D$18)=3,((2*'Enter data'!$B$18+'Enter data'!$C$18)/(2*('Enter data'!$B$18+'Enter data'!$C$18+'Enter data'!$D$18))),""),"") | E17: =IFERROR(IF(COUNT('Enter data'!$B$18,'Enter data'!$C$18,'Enter data'!$D$18)=3,2*D17*(1-D17),""),"") | F17: =IFERROR(IF(COUNT('Enter data'!$B$18,'Enter data'!$C$18,'Enter data'!$D$18)=3,'Enter data'!$C$18/('Enter data'!$B$18+'Enter data'!$C$18+'Enter data'!$D$18),""),"") | G17: =IFERROR(IF(COUNT('Enter data'!$B$18,'Enter data'!$C$18,'Enter data'!$D$18)=3,1-F17/E17,""),"") | H17: =IFERROR(IF(COUNT('Enter data'!$B$18,'Enter data'!$C$18,'Enter data'!$D$18)=3,('Enter data'!$B$18-('Enter data'!$B$18+'Enter data'!$C$18+'Enter data'!$D$18)*D17^2)^2/(('Enter data'!$B$18+'Enter data'!$C$18+'Enter data'!$D$18)*D17^2)+('Enter data'!$C$18-2*('Enter data'!$B$18+'Enter data'!$C$18+'Enter data'!$D$18)*D17*(1-D17))^2/(2*('Enter data'!$B$18+'Enter data'!$C$18+'Enter data'!$D$18)*D17*(1-D17))+('Enter data'!$D$18-('Enter data'!$B$18+'Enter data'!$C$18+'Enter data'!$D$18)*(1-D17)^2)^2/(('Enter data'!$B$18+'Enter data'!$C$18+'Enter data'!$D$18)*(1-D17)^2),""),"") | I17: =IFERROR(IF(ISNUMBER(H17),CHIDIST(H17,1),""),"")
B18: =IFERROR(IF(TRUE(),"Pooled (all rows)",""),"") -> Pooled (all rows) | C18: =IFERROR(IF(TRUE(),(SUM('Enter data'!$B$7:$B$18)+SUM('Enter data'!$C$7:$C$18)+SUM('Enter data'!$D$7:$D$18)),""),"") -> 800 | D18: =IFERROR(IF(TRUE(),((2*SUM('Enter data'!$B$7:$B$18)+SUM('Enter data'!$C$7:$C$18))/(2*(SUM('Enter data'!$B$7:$B$18)+SUM('Enter data'!$C$7:$C$18)+SUM('Enter data'!$D$7:$D$18)))),""),"") -> 0.509375 | E18: =IFERROR(IF(TRUE(),2*D18*(1-D18),""),"") -> 0.49982422 | F18: =IFERROR(IF(TRUE(),SUM('Enter data'!$C$7:$C$18)/(SUM('Enter data'!$B$7:$B$18)+SUM('Enter data'!$C$7:$C$18)+SUM('Enter data'!$D$7:$D$18)),""),"") -> 0.35375 | G18: =IFERROR(IF(TRUE(),1-F18/E18,""),"") -> 0.29225118 | H18: =IFERROR(IF(TRUE(),(SUM('Enter data'!$B$7:$B$18)-(SUM('Enter data'!$B$7:$B$18)+SUM('Enter data'!$C$7:$C$18)+SUM('Enter data'!$D$7:$D$18))*D18^2)^2/((SUM('Enter data'!$B$7:$B$18)+SUM('Enter data'!$C$7:$C$18)+SUM('Enter data'!$D$7:$D$18))*D18^2)+(SUM('Enter data'!$C$7:$C$18)-2*(SUM('Enter data'!$B$7:$B$18)+SUM('Enter data'!$C$7:$C$18)+SUM('Enter data'!$D$7:$D$18))*D18*(1-D18))^2/(2*(SUM('Enter data'!$B$7:$B$18)+SUM('Enter data'!$C$7:$C$18)+SUM('Enter data'!$D$7:$D$18))*D18*(1-D18))+(SUM('Enter data'!$D$7:$D$18)-(SUM('Enter data'!$B$7:$B$18)+SUM('Enter data'!$C$7:$C$18)+SUM('Enter data'!$D$7:$D$18))*(1-D18)^2)^2/((SUM('Enter data'!$B$7:$B$18)+SUM('Enter data'!$C$7:$C$18)+SUM('Enter data'!$D$7:$D$18))*(1-D18)^2),""),"") -> 68.328603 | I18: =IFERROR(IF(ISNUMBER(H18),CHIDIST(H18,1),""),"") -> 1.3839888e-16
