Workbook

Sheet Start here
B1: HG-03 Forensic DNA: random match probability
B2: Excel version of the card. It does the same calculations as the R script hg03_forensic_rmp.R.
B4: How to use this workbook
B5: 1. Go to the 'Enter data' sheet. Type only in the yellow cells with blue text. Grey cells are calculated for you.
B6: 2. Fill the blocks that apply. Leave rows you did not use empty. The grey italic row above each table is an example of the format and is not used.
B7: 3. Open the 'Results' sheet. Everything there is calculated. Yellow cells on that sheet are settings you may change.
B9: What the colours mean
B10: Yellow cell, blue text: you type here.
B11: Grey cell: a formula. Sheets are protected without a password so formulas are not overwritten by accident (Review > Unprotect Sheet).
B13: Assumptions and sources
B14: Genotype frequency: homozygote [2t + (1 - t)p][3t + (1 - t)p] / [(1 + t)(1 + 2t)]; heterozygote 2 [t + (1 - t)pi][t + (1 - t)pj] / [(1 + t)(1 + 2t)], with t = theta (NRC II 1996, eq. 4.10). t = 0 gives p^2 and 2 pi pj.
B15: The allele frequencies in the filled example are SYNTHETIC teaching values, not a population database. Use a published frequency table (with its terms of use checked) and cite it. Use only synthetic or published profiles; never casework or real persons' profiles.
... B19: Compiled by Emmanuel G. Lozano, Department of Biology, College of Arts and Sciences, Pampanga State University. Original material is licensed CC BY-NC 4.0: credit required, non-commercial use only.

Sheet Enter data
A1: Enter your data
A2: Type only in yellow cells. Leave unused rows empty.
A4: 1. Profile: one row per locus (enter the allele frequencies; if both alleles are the same, enter the same label and frequency)
A5: Locus | B5: Allele 1 label | C5: Allele 2 label | D5: Frequency of allele 1 | E5: Frequency of allele 2 | F5: Genotype frequency, theta = 0 | G5: Genotype frequency with theta
A6: L1 | B6: 12 | C6: 13 | D6: 0.25 | E6: 0.3
A7: L1 | B7: 12 | C7: 13 | D7: 0.25 | E7: 0.3 | F7: =IF(AND(ISNUMBER(D7),ISNUMBER(E7)),IF(B7=C7,D7^2,2*D7*E7),"") -> 0.15 | G7: =IF(AND(ISNUMBER(D7),ISNUMBER(E7)),IF(B7=C7,((2*Results!$C$5+(1-Results!$C$5)*D7)*(3*Results!$C$5+(1-Results!$C$5)*D7))/((1+Results!$C$5)*(1+2*Results!$C$5)),2*(Results!$C$5+(1-Results!$C$5)*D7)*(Results!$C$5+(1-Results!$C$5)*E7)/((1+Results!$C$5)*(1+2*Results!$C$5))),"") -> 0.16023539
A8: L2 | B8: 10 | C8: 10 | D8: 0.35 | E8: 0.35 | F8: =IF(AND(ISNUMBER(D8),ISNUMBER(E8)),IF(B8=C8,D8^2,2*D8*E8),"") -> 0.1225 | G8: =IF(AND(ISNUMBER(D8),ISNUMBER(E8)),IF(B8=C8,((2*Results!$C$5+(1-Results!$C$5)*D8)*(3*Results!$C$5+(1-Results!$C$5)*D8))/((1+Results!$C$5)*(1+2*Results!$C$5)),2*(Results!$C$5+(1-Results!$C$5)*D8)*(Results!$C$5+(1-Results!$C$5)*E8)/((1+Results!$C$5)*(1+2*Results!$C$5))),"") -> 0.15715813
A9: L3 | B9: 17 | C9: 18 | D9: 0.3 | E9: 0.3 | F9: =IF(AND(ISNUMBER(D9),ISNUMBER(E9)),IF(B9=C9,D9^2,2*D9*E9),"") -> 0.18 | G9: =IF(AND(ISNUMBER(D9),ISNUMBER(E9)),IF(B9=C9,((2*Results!$C$5+(1-Results!$C$5)*D9)*(3*Results!$C$5+(1-Results!$C$5)*D9))/((1+Results!$C$5)*(1+2*Results!$C$5)),2*(Results!$C$5+(1-Results!$C$5)*D9)*(Results!$C$5+(1-Results!$C$5)*E9)/((1+Results!$C$5)*(1+2*Results!$C$5))),"") -> 0.18875435
A10: L4 | B10: 8 | C10: 9 | D10: 0.4 | E10: 0.25 | F10: =IF(AND(ISNUMBER(D10),ISNUMBER(E10)),IF(B10=C10,D10^2,2*D10*E10),"") -> 0.2 | G10: =IF(AND(ISNUMBER(D10),ISNUMBER(E10)),IF(B10=C10,((2*Results!$C$5+(1-Results!$C$5)*D10)*(3*Results!$C$5+(1-Results!$C$5)*D10))/((1+Results!$C$5)*(1+2*Results!$C$5)),2*(Results!$C$5+(1-Results!$C$5)*D10)*(Results!$C$5+(1-Results!$C$5)*E10)/((1+Results!$C$5)*(1+2*Results!$C$5))),"") -> 0.20865543
A11: L5 | B11: 22 | C11: 22 | D11: 0.3 | E11: 0.3 | F11: =IF(AND(ISNUMBER(D11),ISNUMBER(E11)),IF(B11=C11,D11^2,2*D11*E11),"") -> 0.09 | G11: =IF(AND(ISNUMBER(D11),ISNUMBER(E11)),IF(B11=C11,((2*Results!$C$5+(1-Results!$C$5)*D11)*(3*Results!$C$5+(1-Results!$C$5)*D11))/((1+Results!$C$5)*(1+2*Results!$C$5)),2*(Results!$C$5+(1-Results!$C$5)*D11)*(Results!$C$5+(1-Results!$C$5)*E11)/((1+Results!$C$5)*(1+2*Results!$C$5))),"") -> 0.12248672
F12: =IF(AND(ISNUMBER(D12),ISNUMBER(E12)),IF(B12=C12,D12^2,2*D12*E12),"") | G12: =IF(AND(ISNUMBER(D12),ISNUMBER(E12)),IF(B12=C12,((2*Results!$C$5+(1-Results!$C$5)*D12)*(3*Results!$C$5+(1-Results!$C$5)*D12))/((1+Results!$C$5)*(1+2*Results!$C$5)),2*(Results!$C$5+(1-Results!$C$5)*D12)*(Results!$C$5+(1-Results!$C$5)*E12)/((1+Results!$C$5)*(1+2*Results!$C$5))),"")
F13: =IF(AND(ISNUMBER(D13),ISNUMBER(E13)),IF(B13=C13,D13^2,2*D13*E13),"") | G13: =IF(AND(ISNUMBER(D13),ISNUMBER(E13)),IF(B13=C13,((2*Results!$C$5+(1-Results!$C$5)*D13)*(3*Results!$C$5+(1-Results!$C$5)*D13))/((1+Results!$C$5)*(1+2*Results!$C$5)),2*(Results!$C$5+(1-Results!$C$5)*D13)*(Results!$C$5+(1-Results!$C$5)*E13)/((1+Results!$C$5)*(1+2*Results!$C$5))),"")
F14: =IF(AND(ISNUMBER(D14),ISNUMBER(E14)),IF(B14=C14,D14^2,2*D14*E14),"") | G14: =IF(AND(ISNUMBER(D14),ISNUMBER(E14)),IF(B14=C14,((2*Results!$C$5+(1-Results!$C$5)*D14)*(3*Results!$C$5+(1-Results!$C$5)*D14))/((1+Results!$C$5)*(1+2*Results!$C$5)),2*(Results!$C$5+(1-Results!$C$5)*D14)*(Results!$C$5+(1-Results!$C$5)*E14)/((1+Results!$C$5)*(1+2*Results!$C$5))),"")
F15: =IF(AND(ISNUMBER(D15),ISNUMBER(E15)),IF(B15=C15,D15^2,2*D15*E15),"") | G15: =IF(AND(ISNUMBER(D15),ISNUMBER(E15)),IF(B15=C15,((2*Results!$C$5+(1-Results!$C$5)*D15)*(3*Results!$C$5+(1-Results!$C$5)*D15))/((1+Results!$C$5)*(1+2*Results!$C$5)),2*(Results!$C$5+(1-Results!$C$5)*D15)*(Results!$C$5+(1-Results!$C$5)*E15)/((1+Results!$C$5)*(1+2*Results!$C$5))),"")
F16: =IF(AND(ISNUMBER(D16),ISNUMBER(E16)),IF(B16=C16,D16^2,2*D16*E16),"") | G16: =IF(AND(ISNUMBER(D16),ISNUMBER(E16)),IF(B16=C16,((2*Results!$C$5+(1-Results!$C$5)*D16)*(3*Results!$C$5+(1-Results!$C$5)*D16))/((1+Results!$C$5)*(1+2*Results!$C$5)),2*(Results!$C$5+(1-Results!$C$5)*D16)*(Results!$C$5+(1-Results!$C$5)*E16)/((1+Results!$C$5)*(1+2*Results!$C$5))),"")
F17: =IF(AND(ISNUMBER(D17),ISNUMBER(E17)),IF(B17=C17,D17^2,2*D17*E17),"") | G17: =IF(AND(ISNUMBER(D17),ISNUMBER(E17)),IF(B17=C17,((2*Results!$C$5+(1-Results!$C$5)*D17)*(3*Results!$C$5+(1-Results!$C$5)*D17))/((1+Results!$C$5)*(1+2*Results!$C$5)),2*(Results!$C$5+(1-Results!$C$5)*D17)*(Results!$C$5+(1-Results!$C$5)*E17)/((1+Results!$C$5)*(1+2*Results!$C$5))),"")
F18: =IF(AND(ISNUMBER(D18),ISNUMBER(E18)),IF(B18=C18,D18^2,2*D18*E18),"") | G18: =IF(AND(ISNUMBER(D18),ISNUMBER(E18)),IF(B18=C18,((2*Results!$C$5+(1-Results!$C$5)*D18)*(3*Results!$C$5+(1-Results!$C$5)*D18))/((1+Results!$C$5)*(1+2*Results!$C$5)),2*(Results!$C$5+(1-Results!$C$5)*D18)*(Results!$C$5+(1-Results!$C$5)*E18)/((1+Results!$C$5)*(1+2*Results!$C$5))),"")
F19: =IF(AND(ISNUMBER(D19),ISNUMBER(E19)),IF(B19=C19,D19^2,2*D19*E19),"") | G19: =IF(AND(ISNUMBER(D19),ISNUMBER(E19)),IF(B19=C19,((2*Results!$C$5+(1-Results!$C$5)*D19)*(3*Results!$C$5+(1-Results!$C$5)*D19))/((1+Results!$C$5)*(1+2*Results!$C$5)),2*(Results!$C$5+(1-Results!$C$5)*D19)*(Results!$C$5+(1-Results!$C$5)*E19)/((1+Results!$C$5)*(1+2*Results!$C$5))),"")
F20: =IF(AND(ISNUMBER(D20),ISNUMBER(E20)),IF(B20=C20,D20^2,2*D20*E20),"") | G20: =IF(AND(ISNUMBER(D20),ISNUMBER(E20)),IF(B20=C20,((2*Results!$C$5+(1-Results!$C$5)*D20)*(3*Results!$C$5+(1-Results!$C$5)*D20))/((1+Results!$C$5)*(1+2*Results!$C$5)),2*(Results!$C$5+(1-Results!$C$5)*D20)*(Results!$C$5+(1-Results!$C$5)*E20)/((1+Results!$C$5)*(1+2*Results!$C$5))),"")
F21: =IF(AND(ISNUMBER(D21),ISNUMBER(E21)),IF(B21=C21,D21^2,2*D21*E21),"") | G21: =IF(AND(ISNUMBER(D21),ISNUMBER(E21)),IF(B21=C21,((2*Results!$C$5+(1-Results!$C$5)*D21)*(3*Results!$C$5+(1-Results!$C$5)*D21))/((1+Results!$C$5)*(1+2*Results!$C$5)),2*(Results!$C$5+(1-Results!$C$5)*D21)*(Results!$C$5+(1-Results!$C$5)*E21)/((1+Results!$C$5)*(1+2*Results!$C$5))),"")
F22: =IF(AND(ISNUMBER(D22),ISNUMBER(E22)),IF(B22=C22,D22^2,2*D22*E22),"") | G22: =IF(AND(ISNUMBER(D22),ISNUMBER(E22)),IF(B22=C22,((2*Results!$C$5+(1-Results!$C$5)*D22)*(3*Results!$C$5+(1-Results!$C$5)*D22))/((1+Results!$C$5)*(1+2*Results!$C$5)),2*(Results!$C$5+(1-Results!$C$5)*D22)*(Results!$C$5+(1-Results!$C$5)*E22)/((1+Results!$C$5)*(1+2*Results!$C$5))),"")
F23: =IF(AND(ISNUMBER(D23),ISNUMBER(E23)),IF(B23=C23,D23^2,2*D23*E23),"") | G23: =IF(AND(ISNUMBER(D23),ISNUMBER(E23)),IF(B23=C23,((2*Results!$C$5+(1-Results!$C$5)*D23)*(3*Results!$C$5+(1-Results!$C$5)*D23))/((1+Results!$C$5)*(1+2*Results!$C$5)),2*(Results!$C$5+(1-Results!$C$5)*D23)*(Results!$C$5+(1-Results!$C$5)*E23)/((1+Results!$C$5)*(1+2*Results!$C$5))),"")
... F26: =IF(AND(ISNUMBER(D26),ISNUMBER(E26)),IF(B26=C26,D26^2,2*D26*E26),"") | G26: =IF(AND(ISNUMBER(D26),ISNUMBER(E26)),IF(B26=C26,((2*Results!$C$5+(1-Results!$C$5)*D26)*(3*Results!$C$5+(1-Results!$C$5)*D26))/((1+Results!$C$5)*(1+2*Results!$C$5)),2*(Results!$C$5+(1-Results!$C$5)*D26)*(Results!$C$5+(1-Results!$C$5)*E26)/((1+Results!$C$5)*(1+2*Results!$C$5))),"")

Sheet Results
B1: Results
B2: Everything on this sheet is calculated. Change only the yellow settings.
B4: Settings
B5: Theta (population substructure) | C5: 0.03 | D5: 0.01 to 0.03 are values often used for teaching.
B6: Number of possible sources | C6: 100000
B8: Random match probability
B9: Loci used | C9: =IFERROR(COUNT('Enter data'!$F$7:$F$26),"") -> 5
B10: Random match probability, theta = 0 | C10: =IFERROR(PRODUCT('Enter data'!$F$7:$F$26),"") -> 5.9535e-05
B11: 1 in | C11: =IFERROR(1/$C$10,"") -> 16796.842
B12: Random match probability with theta | C12: =IFERROR(PRODUCT('Enter data'!$G$7:$G$26),"") -> 0.00012148173
B13: 1 in | C13: =IFERROR(1/$C$12,"") -> 8231.6904
B15: What a match means (with theta = 0)
B16: Expected chance matches among the possible sources | C16: =IFERROR($C$10*Results!$C$6,"") -> 5.9535
B17: Posterior odds that the suspect is the source (prior odds 1 : (N - 1)) | C17: =IFERROR((1/(Results!$C$6-1))/$C$10,"") -> 0.1679701
B18: Probability the suspect is the source, given a match and no other evidence | C18: =IFERROR($C$17/(1+$C$17),"") -> 0.1438137
B19: Chance of at least one coincidental match among N unrelated people | C19: =IFERROR(1-(1-$C$10)^Results!$C$6,"") -> 0.99740372
