Workbook

Sheet Start here
B1: PAR-01 Blood-film parasitemia and observer agreement
B2: Excel version of the card. It does the same calculations as the R script par01_parasitemia.R.
B4: How to use this workbook
B5: 1. Go to the 'Enter data' sheet. Type only in the yellow cells with blue text. Grey cells are calculated for you.
B6: 2. Fill the blocks that apply. Leave rows you did not use empty. The grey italic row above each table is an example of the format and is not used.
B7: 3. Open the 'Results' sheet. Everything there is calculated. Yellow cells on that sheet are settings you may change.
B9: What the colours mean
B10: Yellow cell, blue text: you type here.
B11: Grey cell: a formula. Sheets are protected without a password so formulas are not overwritten by accident (Review > Unprotect Sheet).
B13: Assumptions and sources
B14: Thin film: parasitemia % = parasitized red cells / red cells counted x 100 (exact Clopper-Pearson 95% interval). Thick film: parasites per microlitre = parasites / white cells counted x 8000 (the conventional assumed white cell count per microlitre; change it below if you know better).
B15: Prepared slides only; never use fresh blood in class.
... B19: Compiled by Emmanuel G. Lozano, Department of Biology, College of Arts and Sciences, Pampanga State University. Original material is licensed CC BY-NC 4.0: credit required, non-commercial use only.

Sheet Enter data
A1: Enter your data
A2: Type only in yellow cells. Leave unused rows empty.
A4: 1. Thin films
A5: Slide | B5: Parasitized red cells (observer A) | C5: Red cells counted (A) | D5: Parasitized red cells (observer B) | E5: Red cells counted (B) | F5: A: parasitemia (%) | G5: A: interval lower | H5: A: interval upper | I5: B: parasitemia (%) | J5: B minus A (percentage points)
A6: S1 | B6: 12 | C6: 500 | D6: 14 | E6: 500
F7: =IF(AND(ISNUMBER(B7),ISNUMBER(C7)),100*B7/C7,"") | G7: =IF(ISNUMBER(F7),100*IF(B7=0,0,BETAINV(0.025,B7,C7-B7+1)),"") | H7: =IF(ISNUMBER(F7),100*IF(B7=C7,1,BETAINV(0.975,B7+1,C7-B7)),"") | I7: =IF(AND(ISNUMBER(D7),ISNUMBER(E7)),100*D7/E7,"") | J7: =IF(AND(ISNUMBER(F7),ISNUMBER(I7)),I7-F7,"")
F8: =IF(AND(ISNUMBER(B8),ISNUMBER(C8)),100*B8/C8,"") | G8: =IF(ISNUMBER(F8),100*IF(B8=0,0,BETAINV(0.025,B8,C8-B8+1)),"") | H8: =IF(ISNUMBER(F8),100*IF(B8=C8,1,BETAINV(0.975,B8+1,C8-B8)),"") | I8: =IF(AND(ISNUMBER(D8),ISNUMBER(E8)),100*D8/E8,"") | J8: =IF(AND(ISNUMBER(F8),ISNUMBER(I8)),I8-F8,"")
F9: =IF(AND(ISNUMBER(B9),ISNUMBER(C9)),100*B9/C9,"") | G9: =IF(ISNUMBER(F9),100*IF(B9=0,0,BETAINV(0.025,B9,C9-B9+1)),"") | H9: =IF(ISNUMBER(F9),100*IF(B9=C9,1,BETAINV(0.975,B9+1,C9-B9)),"") | I9: =IF(AND(ISNUMBER(D9),ISNUMBER(E9)),100*D9/E9,"") | J9: =IF(AND(ISNUMBER(F9),ISNUMBER(I9)),I9-F9,"")
F10: =IF(AND(ISNUMBER(B10),ISNUMBER(C10)),100*B10/C10,"") | G10: =IF(ISNUMBER(F10),100*IF(B10=0,0,BETAINV(0.025,B10,C10-B10+1)),"") | H10: =IF(ISNUMBER(F10),100*IF(B10=C10,1,BETAINV(0.975,B10+1,C10-B10)),"") | I10: =IF(AND(ISNUMBER(D10),ISNUMBER(E10)),100*D10/E10,"") | J10: =IF(AND(ISNUMBER(F10),ISNUMBER(I10)),I10-F10,"")
F11: =IF(AND(ISNUMBER(B11),ISNUMBER(C11)),100*B11/C11,"") | G11: =IF(ISNUMBER(F11),100*IF(B11=0,0,BETAINV(0.025,B11,C11-B11+1)),"") | H11: =IF(ISNUMBER(F11),100*IF(B11=C11,1,BETAINV(0.975,B11+1,C11-B11)),"") | I11: =IF(AND(ISNUMBER(D11),ISNUMBER(E11)),100*D11/E11,"") | J11: =IF(AND(ISNUMBER(F11),ISNUMBER(I11)),I11-F11,"")
F12: =IF(AND(ISNUMBER(B12),ISNUMBER(C12)),100*B12/C12,"") | G12: =IF(ISNUMBER(F12),100*IF(B12=0,0,BETAINV(0.025,B12,C12-B12+1)),"") | H12: =IF(ISNUMBER(F12),100*IF(B12=C12,1,BETAINV(0.975,B12+1,C12-B12)),"") | I12: =IF(AND(ISNUMBER(D12),ISNUMBER(E12)),100*D12/E12,"") | J12: =IF(AND(ISNUMBER(F12),ISNUMBER(I12)),I12-F12,"")
F13: =IF(AND(ISNUMBER(B13),ISNUMBER(C13)),100*B13/C13,"") | G13: =IF(ISNUMBER(F13),100*IF(B13=0,0,BETAINV(0.025,B13,C13-B13+1)),"") | H13: =IF(ISNUMBER(F13),100*IF(B13=C13,1,BETAINV(0.975,B13+1,C13-B13)),"") | I13: =IF(AND(ISNUMBER(D13),ISNUMBER(E13)),100*D13/E13,"") | J13: =IF(AND(ISNUMBER(F13),ISNUMBER(I13)),I13-F13,"")
F14: =IF(AND(ISNUMBER(B14),ISNUMBER(C14)),100*B14/C14,"") | G14: =IF(ISNUMBER(F14),100*IF(B14=0,0,BETAINV(0.025,B14,C14-B14+1)),"") | H14: =IF(ISNUMBER(F14),100*IF(B14=C14,1,BETAINV(0.975,B14+1,C14-B14)),"") | I14: =IF(AND(ISNUMBER(D14),ISNUMBER(E14)),100*D14/E14,"") | J14: =IF(AND(ISNUMBER(F14),ISNUMBER(I14)),I14-F14,"")
F15: =IF(AND(ISNUMBER(B15),ISNUMBER(C15)),100*B15/C15,"") | G15: =IF(ISNUMBER(F15),100*IF(B15=0,0,BETAINV(0.025,B15,C15-B15+1)),"") | H15: =IF(ISNUMBER(F15),100*IF(B15=C15,1,BETAINV(0.975,B15+1,C15-B15)),"") | I15: =IF(AND(ISNUMBER(D15),ISNUMBER(E15)),100*D15/E15,"") | J15: =IF(AND(ISNUMBER(F15),ISNUMBER(I15)),I15-F15,"")
F16: =IF(AND(ISNUMBER(B16),ISNUMBER(C16)),100*B16/C16,"") | G16: =IF(ISNUMBER(F16),100*IF(B16=0,0,BETAINV(0.025,B16,C16-B16+1)),"") | H16: =IF(ISNUMBER(F16),100*IF(B16=C16,1,BETAINV(0.975,B16+1,C16-B16)),"") | I16: =IF(AND(ISNUMBER(D16),ISNUMBER(E16)),100*D16/E16,"") | J16: =IF(AND(ISNUMBER(F16),ISNUMBER(I16)),I16-F16,"")
F17: =IF(AND(ISNUMBER(B17),ISNUMBER(C17)),100*B17/C17,"") | G17: =IF(ISNUMBER(F17),100*IF(B17=0,0,BETAINV(0.025,B17,C17-B17+1)),"") | H17: =IF(ISNUMBER(F17),100*IF(B17=C17,1,BETAINV(0.975,B17+1,C17-B17)),"") | I17: =IF(AND(ISNUMBER(D17),ISNUMBER(E17)),100*D17/E17,"") | J17: =IF(AND(ISNUMBER(F17),ISNUMBER(I17)),I17-F17,"")
F18: =IF(AND(ISNUMBER(B18),ISNUMBER(C18)),100*B18/C18,"") | G18: =IF(ISNUMBER(F18),100*IF(B18=0,0,BETAINV(0.025,B18,C18-B18+1)),"") | H18: =IF(ISNUMBER(F18),100*IF(B18=C18,1,BETAINV(0.975,B18+1,C18-B18)),"") | I18: =IF(AND(ISNUMBER(D18),ISNUMBER(E18)),100*D18/E18,"") | J18: =IF(AND(ISNUMBER(F18),ISNUMBER(I18)),I18-F18,"")
... F21: =IF(AND(ISNUMBER(B21),ISNUMBER(C21)),100*B21/C21,"") | G21: =IF(ISNUMBER(F21),100*IF(B21=0,0,BETAINV(0.025,B21,C21-B21+1)),"") | H21: =IF(ISNUMBER(F21),100*IF(B21=C21,1,BETAINV(0.975,B21+1,C21-B21)),"") | I21: =IF(AND(ISNUMBER(D21),ISNUMBER(E21)),100*D21/E21,"") | J21: =IF(AND(ISNUMBER(F21),ISNUMBER(I21)),I21-F21,"")
A24: 2. Thick films
A25: Slide | B25: Parasites (observer A) | C25: White cells counted (A) | D25: Parasites (observer B) | E25: White cells counted (B) | F25: A: per microlitre | G25: B: per microlitre
A26: T1 | B26: 30 | C26: 200 | D26: 26 | E26: 200
F27: =IF(AND(ISNUMBER(B27),ISNUMBER(C27)),B27/C27*Results!$C$5,"") | G27: =IF(AND(ISNUMBER(D27),ISNUMBER(E27)),D27/E27*Results!$C$5,"")
F28: =IF(AND(ISNUMBER(B28),ISNUMBER(C28)),B28/C28*Results!$C$5,"") | G28: =IF(AND(ISNUMBER(D28),ISNUMBER(E28)),D28/E28*Results!$C$5,"")
F29: =IF(AND(ISNUMBER(B29),ISNUMBER(C29)),B29/C29*Results!$C$5,"") | G29: =IF(AND(ISNUMBER(D29),ISNUMBER(E29)),D29/E29*Results!$C$5,"")
F30: =IF(AND(ISNUMBER(B30),ISNUMBER(C30)),B30/C30*Results!$C$5,"") | G30: =IF(AND(ISNUMBER(D30),ISNUMBER(E30)),D30/E30*Results!$C$5,"")
F31: =IF(AND(ISNUMBER(B31),ISNUMBER(C31)),B31/C31*Results!$C$5,"") | G31: =IF(AND(ISNUMBER(D31),ISNUMBER(E31)),D31/E31*Results!$C$5,"")
F32: =IF(AND(ISNUMBER(B32),ISNUMBER(C32)),B32/C32*Results!$C$5,"") | G32: =IF(AND(ISNUMBER(D32),ISNUMBER(E32)),D32/E32*Results!$C$5,"")
F33: =IF(AND(ISNUMBER(B33),ISNUMBER(C33)),B33/C33*Results!$C$5,"") | G33: =IF(AND(ISNUMBER(D33),ISNUMBER(E33)),D33/E33*Results!$C$5,"")
F34: =IF(AND(ISNUMBER(B34),ISNUMBER(C34)),B34/C34*Results!$C$5,"") | G34: =IF(AND(ISNUMBER(D34),ISNUMBER(E34)),D34/E34*Results!$C$5,"")
F35: =IF(AND(ISNUMBER(B35),ISNUMBER(C35)),B35/C35*Results!$C$5,"") | G35: =IF(AND(ISNUMBER(D35),ISNUMBER(E35)),D35/E35*Results!$C$5,"")
F36: =IF(AND(ISNUMBER(B36),ISNUMBER(C36)),B36/C36*Results!$C$5,"") | G36: =IF(AND(ISNUMBER(D36),ISNUMBER(E36)),D36/E36*Results!$C$5,"")

Sheet Results
B1: Results
B2: Everything on this sheet is calculated. Change only the yellow settings.
B4: Settings
B5: Assumed white cells per microlitre | C5: 8000
B7: Observer agreement on thin-film parasitemia (Bland-Altman)
B8: Slides read by both | C8: =IFERROR(COUNT('Enter data'!$J$7:$J$21),"") -> 0
B9: Mean difference, B minus A (percentage points) | C9: =IFERROR(AVERAGE('Enter data'!$J$7:$J$21),"")
B10: Standard deviation | C10: =IFERROR(STDEV('Enter data'!$J$7:$J$21),"")
B11: 95% limit of agreement, lower | C11: =IFERROR($C$9-1.96*$C$10,"")
B12: 95% limit of agreement, upper | C12: =IFERROR($C$9+1.96*$C$10,"")
B13: Correlation | C13: =IFERROR(CORREL('Enter data'!$F$7:$F$21,'Enter data'!$I$7:$I$21),"")
B15: How many red cells to count? Exact 95% interval for a true 2% parasitemia
B16: Red cells counted | C16: Parasitized | D16: Parasitemia (%) | E16: Lower (%) | F16: Upper (%)
B17: 100 | C17: 2 | D17: =IFERROR(100*2/100,"") -> 2 | E17: =IFERROR(100*IF(2=0,0,BETAINV(0.025,2,100-2+1)),"") -> 0.24313368 | F17: =IFERROR(100*IF(2=100,1,BETAINV(0.975,2+1,100-2)),"") -> 7.0383932
B18: 200 | C18: 4 | D18: =IFERROR(100*4/200,"") -> 2 | E18: =IFERROR(100*IF(4=0,0,BETAINV(0.025,4,200-4+1)),"") -> 0.54755659 | F18: =IFERROR(100*IF(4=200,1,BETAINV(0.975,4+1,200-4)),"") -> 5.0413609
B19: 500 | C19: 10 | D19: =IFERROR(100*10/500,"") -> 2 | E19: =IFERROR(100*IF(10=0,0,BETAINV(0.025,10,500-10+1)),"") -> 0.96314296 | F19: =IFERROR(100*IF(10=500,1,BETAINV(0.975,10+1,500-10)),"") -> 3.6472408
B20: 1000 | C20: 20 | D20: =IFERROR(100*20/1000,"") -> 2 | E20: =IFERROR(100*IF(20=0,0,BETAINV(0.025,20,1000-20+1)),"") -> 1.2258268 | F20: =IFERROR(100*IF(20=1000,1,BETAINV(0.975,20+1,1000-20)),"") -> 3.0720033
B21: 2000 | C21: 40 | D21: =IFERROR(100*40/2000,"") -> 2 | E21: =IFERROR(100*IF(40=0,0,BETAINV(0.025,40,2000-40+1)),"") -> 1.4325787 | F21: =IFERROR(100*IF(40=2000,1,BETAINV(0.975,40+1,2000-40)),"") -> 2.7135577
