Workbook

Sheet Start here
B1: PAR-03 Fish parasite survey: prevalence, intensity, abundance
B2: Excel version of the card. It does the same calculations as the R script par03_fish_parasites.R.
B4: How to use this workbook
B5: 1. Go to the 'Enter data' sheet. Type only in the yellow cells with blue text. Grey cells are calculated for you.
B6: 2. Fill the blocks that apply. Leave rows you did not use empty. The grey italic row above each table is an example of the format and is not used.
B7: 3. Open the 'Results' sheet. Everything there is calculated. Yellow cells on that sheet are settings you may change.
B9: What the colours mean
B10: Yellow cell, blue text: you type here.
B11: Grey cell: a formula. Sheets are protected without a password so formulas are not overwritten by accident (Review > Unprotect Sheet).
B13: Assumptions and sources
B14: Bush AO, Lafferty KD, Lotz JM, Shostak AW (1997) J Parasitol 83:575-583: prevalence = infected hosts / hosts examined; mean intensity = parasites / infected hosts; mean abundance = parasites / all hosts examined.
B15: The fish is the unit of replication. Enter 0 for a fish with no parasites. Never eat raw or undercooked fish.
... B22: Compiled by Emmanuel G. Lozano, Department of Biology, College of Arts and Sciences, Pampanga State University. Original material is licensed CC BY-NC 4.0: credit required, non-commercial use only.

Sheet Enter data
A1: Enter your data
A2: Type only in yellow cells. Leave unused rows empty.
A4: 1. Group names
A5: Group 1 | B5: Group 2
A6: market | B6: pond
A9: 2. Fish in group 1
A10: Fish | B10: Length (cm) | C10: Parasites counted (0 if none)
A11: F1 | B11: 15.2 | C11: 4
A12: F1 | B12: 24.1 | C12: 8
A13: F2 | B13: 11.9 | C13: 11
A14: F3 | B14: 22.6 | C14: 3
A15: F4 | B15: 17.3 | C15: 0
A16: F5 | B16: 15.3 | C16: 0
A17: F6 | B17: 20.6 | C17: 11
A18: F7 | B18: 20.2 | C18: 11
A19: F8 | B19: 11.9 | C19: 0
A20: F9 | B20: 20.1 | C20: 0
A21: F10 | B21: 11.5 | C21: 0
A22: F11 | B22: 19 | C22: 2
... A51: F40 | B51: 18.4 | C51: 0
A74: 3. Fish in group 2
A75: Fish | B75: Length (cm) | C75: Parasites counted (0 if none)
A76: F1 | B76: 15.2 | C76: 4
A77: F1 | B77: 11.9 | C77: 0
A78: F2 | B78: 13.6 | C78: 0
A79: F3 | B79: 14.2 | C79: 0
A80: F4 | B80: 15.3 | C80: 0
A81: F5 | B81: 14.5 | C81: 3
A82: F6 | B82: 13.3 | C82: 0
A83: F7 | B83: 15.6 | C83: 0
A84: F8 | B84: 12.6 | C84: 0
A85: F9 | B85: 21.9 | C85: 0
A86: F10 | B86: 15.4 | C86: 14
A87: F11 | B87: 18.6 | C87: 2
... A116: F40 | B116: 14.2 | C116: 0

Sheet Results
B1: Results
B2: Everything on this sheet is calculated. Change only the yellow settings.
B4: Infection measures by group
B5: Group | C5: Fish examined | D5: Infected | E5: Prevalence (%) | F5: 95% lower | G5: 95% upper | H5: Mean intensity | I5: Mean abundance | J5: Variance / mean | K5: Correlation of parasites with length
B6: =IFERROR('Enter data'!$A$6,"") -> market | C6: =IFERROR(COUNT('Enter data'!$C$12:$C$71),"") -> 40 | D6: =IFERROR(COUNTIF('Enter data'!$C$12:$C$71,">0"),"") -> 21 | E6: =IFERROR(100*D6/C6,"") -> 52.5 | F6: =IFERROR(100*IF(D6=0,0,BETAINV(0.025,D6,C6-D6+1)),"") -> 36.128014 | G6: =IFERROR(100*IF(D6=C6,1,BETAINV(0.975,D6+1,C6-D6)),"") -> 68.488029 | H6: =IFERROR(SUM('Enter data'!$C$12:$C$71)/D6,"") -> 7.6666667 | I6: =IFERROR(AVERAGE('Enter data'!$C$12:$C$71),"") -> 4.025 | J6: =IFERROR(VAR('Enter data'!$C$12:$C$71)/AVERAGE('Enter data'!$C$12:$C$71),"") -> 9.0522376 | K6: =IFERROR(CORREL('Enter data'!$B$12:$B$71,'Enter data'!$C$12:$C$71),"") -> 0.022752718
B7: =IFERROR('Enter data'!$B$6,"") -> pond | C7: =IFERROR(COUNT('Enter data'!$C$77:$C$136),"") -> 40 | D7: =IFERROR(COUNTIF('Enter data'!$C$77:$C$136,">0"),"") -> 16 | E7: =IFERROR(100*D7/C7,"") -> 40 | F7: =IFERROR(100*IF(D7=0,0,BETAINV(0.025,D7,C7-D7+1)),"") -> 24.864999 | G7: =IFERROR(100*IF(D7=C7,1,BETAINV(0.975,D7+1,C7-D7)),"") -> 56.673295 | H7: =IFERROR(SUM('Enter data'!$C$77:$C$136)/D7,"") -> 3.25 | I7: =IFERROR(AVERAGE('Enter data'!$C$77:$C$136),"") -> 1.3 | J7: =IFERROR(VAR('Enter data'!$C$77:$C$136)/AVERAGE('Enter data'!$C$77:$C$136),"") -> 5.6489152 | K7: =IFERROR(CORREL('Enter data'!$B$77:$B$136,'Enter data'!$C$77:$C$136),"") -> -0.0052008095
B10: Prevalence, group 1 against group 2 (chi-square)
B11: Chi-square (1 df) | C11: =IFERROR((($C$6+$C$7)*($D$6*($C$7-$D$7)-$D$7*($C$6-$D$6))^2)/(($D$6+$D$7)*($C$6+$C$7-$D$6-$D$7)*$C$6*$C$7),"") -> 1.257071
B12: p value (approximate) | C12: =IFERROR(CHIDIST($C$11,1),"") -> 0.26220623
B14: Definitions check: 20 infected of 40 fish, 120 parasites in total
B15: Prevalence (%) | C15: =IFERROR(100*20/40,"") -> 50
B16: Mean intensity | C16: =IFERROR(120/20,"") -> 6
B17: Mean abundance | C17: =IFERROR(120/40,"") -> 3
