Workbook

Sheet Start here
B1: PAR-04 Mosquito larval survey: house, container and Breteau indices
B2: Excel version of the card. It does the same calculations as the R script par04_larval_indices.R.
B4: How to use this workbook
B5: 1. Go to the 'Enter data' sheet. Type only in the yellow cells with blue text. Grey cells are calculated for you.
B6: 2. Fill the blocks that apply. Leave rows you did not use empty. The grey italic row above each table is an example of the format and is not used.
B7: 3. Open the 'Results' sheet. Everything there is calculated. Yellow cells on that sheet are settings you may change.
B9: What the colours mean
B10: Yellow cell, blue text: you type here.
B11: Grey cell: a formula. Sheets are protected without a password so formulas are not overwritten by accident (Review > Unprotect Sheet).
B13: Assumptions and sources
B14: World Health Organization definitions: house index = houses with at least one positive container / houses inspected x 100; container index = positive containers / containers holding water x 100; Breteau index = positive containers per 100 houses.
B15: Enter one row per water-holding or dry container. Enter 1 or 0 for 'has water' and 'positive' (larvae or pupae present). Use a house code that is the same for every container in that house.
... B22: Compiled by Emmanuel G. Lozano, Department of Biology, College of Arts and Sciences, Pampanga State University. Original material is licensed CC BY-NC 4.0: credit required, non-commercial use only.

Sheet Enter data
A1: Enter your data
A2: Type only in yellow cells. Leave unused rows empty.
A4: 1. Area names and container types
A5: Area 1 | B5: Area 2 | C5: Type 1 | D5: Type 2 | E5: Type 3 | F5: Type 4 | G5: Type 5 | H5: Type 6
A9: 2. Containers in area 1
A10: House | B10: Container type | C10: Holds water (1 or 0) | D10: Larvae or pupae present (1 or 0) | E10: First container of this house | F10: First positive container of this house
A11: H1 | B11: bucket | C11: 1 | D11: 0
E12: =IF(A12<>"",IF(COUNTIF(A$12:A12,A12)=1,1,0),0) -> 0 | F12: =IF(AND(A12<>"",D12=1,C12=1),IF(COUNTIFS(A$12:A12,A12,D$12:D12,1,C$12:C12,1)=1,1,0),0) -> 0
E13: =IF(A13<>"",IF(COUNTIF(A$12:A13,A13)=1,1,0),0) -> 0 | F13: =IF(AND(A13<>"",D13=1,C13=1),IF(COUNTIFS(A$12:A13,A13,D$12:D13,1,C$12:C13,1)=1,1,0),0) -> 0
E14: =IF(A14<>"",IF(COUNTIF(A$12:A14,A14)=1,1,0),0) -> 0 | F14: =IF(AND(A14<>"",D14=1,C14=1),IF(COUNTIFS(A$12:A14,A14,D$12:D14,1,C$12:C14,1)=1,1,0),0) -> 0
E15: =IF(A15<>"",IF(COUNTIF(A$12:A15,A15)=1,1,0),0) -> 0 | F15: =IF(AND(A15<>"",D15=1,C15=1),IF(COUNTIFS(A$12:A15,A15,D$12:D15,1,C$12:C15,1)=1,1,0),0) -> 0
E16: =IF(A16<>"",IF(COUNTIF(A$12:A16,A16)=1,1,0),0) -> 0 | F16: =IF(AND(A16<>"",D16=1,C16=1),IF(COUNTIFS(A$12:A16,A16,D$12:D16,1,C$12:C16,1)=1,1,0),0) -> 0
E17: =IF(A17<>"",IF(COUNTIF(A$12:A17,A17)=1,1,0),0) -> 0 | F17: =IF(AND(A17<>"",D17=1,C17=1),IF(COUNTIFS(A$12:A17,A17,D$12:D17,1,C$12:C17,1)=1,1,0),0) -> 0
E18: =IF(A18<>"",IF(COUNTIF(A$12:A18,A18)=1,1,0),0) -> 0 | F18: =IF(AND(A18<>"",D18=1,C18=1),IF(COUNTIFS(A$12:A18,A18,D$12:D18,1,C$12:C18,1)=1,1,0),0) -> 0
E19: =IF(A19<>"",IF(COUNTIF(A$12:A19,A19)=1,1,0),0) -> 0 | F19: =IF(AND(A19<>"",D19=1,C19=1),IF(COUNTIFS(A$12:A19,A19,D$12:D19,1,C$12:C19,1)=1,1,0),0) -> 0
E20: =IF(A20<>"",IF(COUNTIF(A$12:A20,A20)=1,1,0),0) -> 0 | F20: =IF(AND(A20<>"",D20=1,C20=1),IF(COUNTIFS(A$12:A20,A20,D$12:D20,1,C$12:C20,1)=1,1,0),0) -> 0
E21: =IF(A21<>"",IF(COUNTIF(A$12:A21,A21)=1,1,0),0) -> 0 | F21: =IF(AND(A21<>"",D21=1,C21=1),IF(COUNTIFS(A$12:A21,A21,D$12:D21,1,C$12:C21,1)=1,1,0),0) -> 0
E22: =IF(A22<>"",IF(COUNTIF(A$12:A22,A22)=1,1,0),0) -> 0 | F22: =IF(AND(A22<>"",D22=1,C22=1),IF(COUNTIFS(A$12:A22,A22,D$12:D22,1,C$12:C22,1)=1,1,0),0) -> 0
E23: =IF(A23<>"",IF(COUNTIF(A$12:A23,A23)=1,1,0),0) -> 0 | F23: =IF(AND(A23<>"",D23=1,C23=1),IF(COUNTIFS(A$12:A23,A23,D$12:D23,1,C$12:C23,1)=1,1,0),0) -> 0
... E161: =IF(A161<>"",IF(COUNTIF(A$12:A161,A161)=1,1,0),0) -> 0 | F161: =IF(AND(A161<>"",D161=1,C161=1),IF(COUNTIFS(A$12:A161,A161,D$12:D161,1,C$12:C161,1)=1,1,0),0) -> 0
A164: 3. Containers in area 2
A165: House | B165: Container type | C165: Holds water (1 or 0) | D165: Larvae or pupae present (1 or 0) | E165: First container of this house | F165: First positive container of this house
A166: H1 | B166: bucket | C166: 1 | D166: 0
E167: =IF(A167<>"",IF(COUNTIF(A$167:A167,A167)=1,1,0),0) -> 0 | F167: =IF(AND(A167<>"",D167=1,C167=1),IF(COUNTIFS(A$167:A167,A167,D$167:D167,1,C$167:C167,1)=1,1,0),0) -> 0
E168: =IF(A168<>"",IF(COUNTIF(A$167:A168,A168)=1,1,0),0) -> 0 | F168: =IF(AND(A168<>"",D168=1,C168=1),IF(COUNTIFS(A$167:A168,A168,D$167:D168,1,C$167:C168,1)=1,1,0),0) -> 0
E169: =IF(A169<>"",IF(COUNTIF(A$167:A169,A169)=1,1,0),0) -> 0 | F169: =IF(AND(A169<>"",D169=1,C169=1),IF(COUNTIFS(A$167:A169,A169,D$167:D169,1,C$167:C169,1)=1,1,0),0) -> 0
E170: =IF(A170<>"",IF(COUNTIF(A$167:A170,A170)=1,1,0),0) -> 0 | F170: =IF(AND(A170<>"",D170=1,C170=1),IF(COUNTIFS(A$167:A170,A170,D$167:D170,1,C$167:C170,1)=1,1,0),0) -> 0
E171: =IF(A171<>"",IF(COUNTIF(A$167:A171,A171)=1,1,0),0) -> 0 | F171: =IF(AND(A171<>"",D171=1,C171=1),IF(COUNTIFS(A$167:A171,A171,D$167:D171,1,C$167:C171,1)=1,1,0),0) -> 0
E172: =IF(A172<>"",IF(COUNTIF(A$167:A172,A172)=1,1,0),0) -> 0 | F172: =IF(AND(A172<>"",D172=1,C172=1),IF(COUNTIFS(A$167:A172,A172,D$167:D172,1,C$167:C172,1)=1,1,0),0) -> 0
E173: =IF(A173<>"",IF(COUNTIF(A$167:A173,A173)=1,1,0),0) -> 0 | F173: =IF(AND(A173<>"",D173=1,C173=1),IF(COUNTIFS(A$167:A173,A173,D$167:D173,1,C$167:C173,1)=1,1,0),0) -> 0
E174: =IF(A174<>"",IF(COUNTIF(A$167:A174,A174)=1,1,0),0) -> 0 | F174: =IF(AND(A174<>"",D174=1,C174=1),IF(COUNTIFS(A$167:A174,A174,D$167:D174,1,C$167:C174,1)=1,1,0),0) -> 0
E175: =IF(A175<>"",IF(COUNTIF(A$167:A175,A175)=1,1,0),0) -> 0 | F175: =IF(AND(A175<>"",D175=1,C175=1),IF(COUNTIFS(A$167:A175,A175,D$167:D175,1,C$167:C175,1)=1,1,0),0) -> 0
E176: =IF(A176<>"",IF(COUNTIF(A$167:A176,A176)=1,1,0),0) -> 0 | F176: =IF(AND(A176<>"",D176=1,C176=1),IF(COUNTIFS(A$167:A176,A176,D$167:D176,1,C$167:C176,1)=1,1,0),0) -> 0
E177: =IF(A177<>"",IF(COUNTIF(A$167:A177,A177)=1,1,0),0) -> 0 | F177: =IF(AND(A177<>"",D177=1,C177=1),IF(COUNTIFS(A$167:A177,A177,D$167:D177,1,C$167:C177,1)=1,1,0),0) -> 0
E178: =IF(A178<>"",IF(COUNTIF(A$167:A178,A178)=1,1,0),0) -> 0 | F178: =IF(AND(A178<>"",D178=1,C178=1),IF(COUNTIFS(A$167:A178,A178,D$167:D178,1,C$167:C178,1)=1,1,0),0) -> 0
... E316: =IF(A316<>"",IF(COUNTIF(A$167:A316,A316)=1,1,0),0) -> 0 | F316: =IF(AND(A316<>"",D316=1,C316=1),IF(COUNTIFS(A$167:A316,A316,D$167:D316,1,C$167:C316,1)=1,1,0),0) -> 0

Sheet Results
B1: Results
B2: Everything on this sheet is calculated. Change only the yellow settings.
B4: Indices by area
B5: Area | C5: Houses inspected | D5: Containers with water | E5: Positive containers | F5: House index | G5: Container index | H5: Breteau index | I5: Container index 95% lower | J5: Container index 95% upper
B6: =IFERROR('Enter data'!$A$6,"") -> 0 | C6: =IFERROR(SUM('Enter data'!$E$12:$E$161),"") -> 0 | D6: =IFERROR(COUNTIF('Enter data'!$C$12:$C$161,1),"") -> 0 | E6: =IFERROR(COUNTIFS('Enter data'!$C$12:$C$161,1,'Enter data'!$D$12:$D$161,1),"") -> 0 | F6: =IFERROR(100*SUM('Enter data'!$F$12:$F$161)/C6,"") | G6: =IFERROR(100*E6/D6,"") | H6: =IFERROR(100*E6/C6,"") | I6: =IFERROR(100*IF(E6=0,0,BETAINV(0.025,E6,D6-E6+1)),"") -> 0 | J6: =IFERROR(100*IF(E6=D6,1,BETAINV(0.975,E6+1,D6-E6)),"") -> 100
B7: =IFERROR('Enter data'!$B$6,"") -> 0 | C7: =IFERROR(SUM('Enter data'!$E$167:$E$316),"") -> 0 | D7: =IFERROR(COUNTIF('Enter data'!$C$167:$C$316,1),"") -> 0 | E7: =IFERROR(COUNTIFS('Enter data'!$C$167:$C$316,1,'Enter data'!$D$167:$D$316,1),"") -> 0 | F7: =IFERROR(100*SUM('Enter data'!$F$167:$F$316)/C7,"") | G7: =IFERROR(100*E7/D7,"") | H7: =IFERROR(100*E7/C7,"") | I7: =IFERROR(100*IF(E7=0,0,BETAINV(0.025,E7,D7-E7+1)),"") -> 0 | J7: =IFERROR(100*IF(E7=D7,1,BETAINV(0.975,E7+1,D7-E7)),"") -> 100
B10: Container positivity, area 1 against area 2 (chi-square)
B11: Chi-square (1 df) | C11: =IFERROR((($D$6+$D$7)*($E$6*($D$7-$E$7)-$E$7*($D$6-$E$6))^2)/(($E$6+$E$7)*($D$6+$D$7-$E$6-$E$7)*$D$6*$D$7),"")
B12: p value (approximate) | C12: =IFERROR(CHIDIST($C$11,1),"")
B14: Container types (both areas)
B15: Type | C15: With water | D15: Positive | E15: Positive (%)
B16: =IFERROR(IF('Enter data'!$C$6="","",'Enter data'!$C$6),"") | C16: =IFERROR(COUNTIFS('Enter data'!$B$12:$B$161,'Enter data'!$C$6,'Enter data'!$C$12:$C$161,1)+COUNTIFS('Enter data'!$B$167:$B$316,'Enter data'!$C$6,'Enter data'!$C$167:$C$316,1),"") -> 0 | D16: =IFERROR(COUNTIFS('Enter data'!$B$12:$B$161,'Enter data'!$C$6,'Enter data'!$C$12:$C$161,1,'Enter data'!$D$12:$D$161,1)+COUNTIFS('Enter data'!$B$167:$B$316,'Enter data'!$C$6,'Enter data'!$C$167:$C$316,1,'Enter data'!$D$167:$D$316,1),"") -> 0 | E16: =IFERROR(IF(C16>0,100*D16/C16,""),"")
B17: =IFERROR(IF('Enter data'!$D$6="","",'Enter data'!$D$6),"") | C17: =IFERROR(COUNTIFS('Enter data'!$B$12:$B$161,'Enter data'!$D$6,'Enter data'!$C$12:$C$161,1)+COUNTIFS('Enter data'!$B$167:$B$316,'Enter data'!$D$6,'Enter data'!$C$167:$C$316,1),"") -> 0 | D17: =IFERROR(COUNTIFS('Enter data'!$B$12:$B$161,'Enter data'!$D$6,'Enter data'!$C$12:$C$161,1,'Enter data'!$D$12:$D$161,1)+COUNTIFS('Enter data'!$B$167:$B$316,'Enter data'!$D$6,'Enter data'!$C$167:$C$316,1,'Enter data'!$D$167:$D$316,1),"") -> 0 | E17: =IFERROR(IF(C17>0,100*D17/C17,""),"")
B18: =IFERROR(IF('Enter data'!$E$6="","",'Enter data'!$E$6),"") | C18: =IFERROR(COUNTIFS('Enter data'!$B$12:$B$161,'Enter data'!$E$6,'Enter data'!$C$12:$C$161,1)+COUNTIFS('Enter data'!$B$167:$B$316,'Enter data'!$E$6,'Enter data'!$C$167:$C$316,1),"") -> 0 | D18: =IFERROR(COUNTIFS('Enter data'!$B$12:$B$161,'Enter data'!$E$6,'Enter data'!$C$12:$C$161,1,'Enter data'!$D$12:$D$161,1)+COUNTIFS('Enter data'!$B$167:$B$316,'Enter data'!$E$6,'Enter data'!$C$167:$C$316,1,'Enter data'!$D$167:$D$316,1),"") -> 0 | E18: =IFERROR(IF(C18>0,100*D18/C18,""),"")
B19: =IFERROR(IF('Enter data'!$F$6="","",'Enter data'!$F$6),"") | C19: =IFERROR(COUNTIFS('Enter data'!$B$12:$B$161,'Enter data'!$F$6,'Enter data'!$C$12:$C$161,1)+COUNTIFS('Enter data'!$B$167:$B$316,'Enter data'!$F$6,'Enter data'!$C$167:$C$316,1),"") -> 0 | D19: =IFERROR(COUNTIFS('Enter data'!$B$12:$B$161,'Enter data'!$F$6,'Enter data'!$C$12:$C$161,1,'Enter data'!$D$12:$D$161,1)+COUNTIFS('Enter data'!$B$167:$B$316,'Enter data'!$F$6,'Enter data'!$C$167:$C$316,1,'Enter data'!$D$167:$D$316,1),"") -> 0 | E19: =IFERROR(IF(C19>0,100*D19/C19,""),"")
B20: =IFERROR(IF('Enter data'!$G$6="","",'Enter data'!$G$6),"") | C20: =IFERROR(COUNTIFS('Enter data'!$B$12:$B$161,'Enter data'!$G$6,'Enter data'!$C$12:$C$161,1)+COUNTIFS('Enter data'!$B$167:$B$316,'Enter data'!$G$6,'Enter data'!$C$167:$C$316,1),"") -> 0 | D20: =IFERROR(COUNTIFS('Enter data'!$B$12:$B$161,'Enter data'!$G$6,'Enter data'!$C$12:$C$161,1,'Enter data'!$D$12:$D$161,1)+COUNTIFS('Enter data'!$B$167:$B$316,'Enter data'!$G$6,'Enter data'!$C$167:$C$316,1,'Enter data'!$D$167:$D$316,1),"") -> 0 | E20: =IFERROR(IF(C20>0,100*D20/C20,""),"")
B21: =IFERROR(IF('Enter data'!$H$6="","",'Enter data'!$H$6),"") | C21: =IFERROR(COUNTIFS('Enter data'!$B$12:$B$161,'Enter data'!$H$6,'Enter data'!$C$12:$C$161,1)+COUNTIFS('Enter data'!$B$167:$B$316,'Enter data'!$H$6,'Enter data'!$C$167:$C$316,1),"") -> 0 | D21: =IFERROR(COUNTIFS('Enter data'!$B$12:$B$161,'Enter data'!$H$6,'Enter data'!$C$12:$C$161,1,'Enter data'!$D$12:$D$161,1)+COUNTIFS('Enter data'!$B$167:$B$316,'Enter data'!$H$6,'Enter data'!$C$167:$C$316,1,'Enter data'!$D$167:$D$316,1),"") -> 0 | E21: =IFERROR(IF(C21>0,100*D21/C21,""),"")
B24: Definitions check
B25: 8 positive houses of 40: house index | C25: =IFERROR(100*8/40,"") -> 20
B26: 10 positive of 50 wet containers: container index | C26: =IFERROR(100*10/50,"") -> 20
B27: 10 positive containers in 40 houses: Breteau index | C27: =IFERROR(100*10/40,"") -> 25
