Workbook

Sheet Start here
B1: ZOO-06 / CVA-05 Scaling: log-log regression of a trait on body mass
B2: Excel version of the cards ZOO-06 and CVA-05. It does the same calculations as the R script zoo06_allometry.R.
B4: How to use this workbook
B5: 1. Go to the 'Enter data' sheet. Type only in the yellow cells with blue text. Grey cells are calculated for you.
B6: 2. Fill the blocks that apply. Leave rows you did not use empty. The grey italic row above each table is an example of the format and is not used.
B7: 3. Open the 'Results' sheet. Everything there is calculated. Yellow cells on that sheet are settings you may change.
B9: What the colours mean
B10: Yellow cell, blue text: you type here.
B11: Grey cell: a formula. Sheets are protected without a password so formulas are not overwritten by accident (Review > Unprotect Sheet).
B13: Assumptions and sources
B14: log10(trait) = log10(a) + b x log10(mass). The slope b is the scaling exponent. Use one consistent unit for mass and one for the trait.
B15: The standardized major axis slope is sign(r) x sd(y) / sd(x). Species are not independent data points (shared ancestry), so intervals are too narrow.
... B23: Compiled by Emmanuel G. Lozano, Department of Biology, College of Arts and Sciences, Pampanga State University. Original material is licensed CC BY-NC 4.0: credit required, non-commercial use only.

Sheet Enter data
A1: Enter your data
A2: Type only in yellow cells. Leave unused rows empty.
A4: 1. Species
A5: Species | B5: Body mass | C5: Trait value | D5: log10 mass | E5: log10 trait | F5: Standardized residual
A6: Mus musculus | B6: 20 | C6: 5.1
D7: =IF(AND(ISNUMBER(B7),ISNUMBER(C7)),LOG10(B7),"") | E7: =IF(AND(ISNUMBER(B7),ISNUMBER(C7)),LOG10(C7),"") | F7: =IF(ISNUMBER(D7),(E7-(Results!$C$11+Results!$C$10*D7))/Results!$C$13,"")
D8: =IF(AND(ISNUMBER(B8),ISNUMBER(C8)),LOG10(B8),"") | E8: =IF(AND(ISNUMBER(B8),ISNUMBER(C8)),LOG10(C8),"") | F8: =IF(ISNUMBER(D8),(E8-(Results!$C$11+Results!$C$10*D8))/Results!$C$13,"")
D9: =IF(AND(ISNUMBER(B9),ISNUMBER(C9)),LOG10(B9),"") | E9: =IF(AND(ISNUMBER(B9),ISNUMBER(C9)),LOG10(C9),"") | F9: =IF(ISNUMBER(D9),(E9-(Results!$C$11+Results!$C$10*D9))/Results!$C$13,"")
D10: =IF(AND(ISNUMBER(B10),ISNUMBER(C10)),LOG10(B10),"") | E10: =IF(AND(ISNUMBER(B10),ISNUMBER(C10)),LOG10(C10),"") | F10: =IF(ISNUMBER(D10),(E10-(Results!$C$11+Results!$C$10*D10))/Results!$C$13,"")
D11: =IF(AND(ISNUMBER(B11),ISNUMBER(C11)),LOG10(B11),"") | E11: =IF(AND(ISNUMBER(B11),ISNUMBER(C11)),LOG10(C11),"") | F11: =IF(ISNUMBER(D11),(E11-(Results!$C$11+Results!$C$10*D11))/Results!$C$13,"")
D12: =IF(AND(ISNUMBER(B12),ISNUMBER(C12)),LOG10(B12),"") | E12: =IF(AND(ISNUMBER(B12),ISNUMBER(C12)),LOG10(C12),"") | F12: =IF(ISNUMBER(D12),(E12-(Results!$C$11+Results!$C$10*D12))/Results!$C$13,"")
D13: =IF(AND(ISNUMBER(B13),ISNUMBER(C13)),LOG10(B13),"") | E13: =IF(AND(ISNUMBER(B13),ISNUMBER(C13)),LOG10(C13),"") | F13: =IF(ISNUMBER(D13),(E13-(Results!$C$11+Results!$C$10*D13))/Results!$C$13,"")
D14: =IF(AND(ISNUMBER(B14),ISNUMBER(C14)),LOG10(B14),"") | E14: =IF(AND(ISNUMBER(B14),ISNUMBER(C14)),LOG10(C14),"") | F14: =IF(ISNUMBER(D14),(E14-(Results!$C$11+Results!$C$10*D14))/Results!$C$13,"")
D15: =IF(AND(ISNUMBER(B15),ISNUMBER(C15)),LOG10(B15),"") | E15: =IF(AND(ISNUMBER(B15),ISNUMBER(C15)),LOG10(C15),"") | F15: =IF(ISNUMBER(D15),(E15-(Results!$C$11+Results!$C$10*D15))/Results!$C$13,"")
D16: =IF(AND(ISNUMBER(B16),ISNUMBER(C16)),LOG10(B16),"") | E16: =IF(AND(ISNUMBER(B16),ISNUMBER(C16)),LOG10(C16),"") | F16: =IF(ISNUMBER(D16),(E16-(Results!$C$11+Results!$C$10*D16))/Results!$C$13,"")
D17: =IF(AND(ISNUMBER(B17),ISNUMBER(C17)),LOG10(B17),"") | E17: =IF(AND(ISNUMBER(B17),ISNUMBER(C17)),LOG10(C17),"") | F17: =IF(ISNUMBER(D17),(E17-(Results!$C$11+Results!$C$10*D17))/Results!$C$13,"")
D18: =IF(AND(ISNUMBER(B18),ISNUMBER(C18)),LOG10(B18),"") | E18: =IF(AND(ISNUMBER(B18),ISNUMBER(C18)),LOG10(C18),"") | F18: =IF(ISNUMBER(D18),(E18-(Results!$C$11+Results!$C$10*D18))/Results!$C$13,"")
... D106: =IF(AND(ISNUMBER(B106),ISNUMBER(C106)),LOG10(B106),"") | E106: =IF(AND(ISNUMBER(B106),ISNUMBER(C106)),LOG10(C106),"") | F106: =IF(ISNUMBER(D106),(E106-(Results!$C$11+Results!$C$10*D106))/Results!$C$13,"")

Sheet Results
B1: Results
B2: Everything on this sheet is calculated. Change only the yellow settings.
B4: Settings
B5: Expected exponent 1 | C5: 0.75 | D5: For example 3/4 for metabolic rate.
B6: Expected exponent 2 | C6: 0.6667 | D6: For example 2/3 for surface scaling.
B8: Regression of log10 trait on log10 mass
B9: Points used | C9: =IFERROR(SUMPRODUCT(--ISNUMBER('Enter data'!$D$7:$D$106),--ISNUMBER('Enter data'!$E$7:$E$106)),"") -> 0
B10: Slope (the scaling exponent) | C10: =IFERROR(SLOPE('Enter data'!$E$7:$E$106,'Enter data'!$D$7:$D$106),"")
B11: Intercept (the scaling exponent) | C11: =IFERROR(INTERCEPT('Enter data'!$E$7:$E$106,'Enter data'!$D$7:$D$106),"")
B12: R squared | C12: =IFERROR(RSQ('Enter data'!$E$7:$E$106,'Enter data'!$D$7:$D$106),"")
B13: Residual standard deviation | C13: =IFERROR(STEYX('Enter data'!$E$7:$E$106,'Enter data'!$D$7:$D$106),"")
B14: Standard error of the slope | C14: =IFERROR($C$13/SQRT(DEVSQ('Enter data'!$D$7:$D$106)),"")
B15: 95% interval for the slope, lower | C15: =IFERROR($C$10-TINV(0.05,$C$9-2)*$C$14,"")
B16: 95% interval for the slope, upper | C16: =IFERROR($C$10+TINV(0.05,$C$9-2)*$C$14,"")
B17: Standardized major axis slope | C17: =IFERROR(SIGN(CORREL('Enter data'!$D$7:$D$106,'Enter data'!$E$7:$E$106))*STDEV('Enter data'!$E$7:$E$106)/STDEV('Enter data'!$D$7:$D$106),"")
B18: log10(a) = intercept, so a = | C18: =IFERROR(10^$C$11,"")
B20: Tests of the slope against the expected exponents
B21: t against expected exponent 1 | C21: =IFERROR(($C$10-Results!$C$5)/$C$14,"")
B22: p value | C22: =IFERROR(TDIST(ABS($C$21),$C$9-2,2),"")
B23: t against expected exponent 2 | C23: =IFERROR(($C$10-Results!$C$6)/$C$14,"")
B24: p value | C24: =IFERROR(TDIST(ABS($C$23),$C$9-2,2),"")
B26: Outliers
B27: Species with |standardized residual| above 2 | C27: =IFERROR(SUMPRODUCT(--(ABS(IF(ISNUMBER('Enter data'!$F$7:$F$106),'Enter data'!$F$7:$F$106,0))>2)),"") -> 0 | D27: See the grey column in the table.
