Workbook

Sheet Start here
B1: ZOO-01 Comparative body plans: character matrix and agreement
B2: Excel version of the card. It does the same calculations as the R script zoo01_body_plan_matrix.R.
B4: How to use this workbook
B5: 1. Go to the 'Enter data' sheet. Type only in the yellow cells with blue text. Grey cells are calculated for you.
B6: 2. Fill the blocks that apply. Leave rows you did not use empty. The grey italic row above each table is an example of the format and is not used.
B7: 3. Open the 'Results' sheet. Everything there is calculated. Yellow cells on that sheet are settings you may change.
B9: What the colours mean
B10: Yellow cell, blue text: you type here.
B11: Grey cell: a formula. Sheets are protected without a password so formulas are not overwritten by accident (Review > Unprotect Sheet).
B13: Assumptions and sources
B14: Score each character 1 (present) or 0 (absent) for each animal you examined. Type the animal names in column 1 and the character names in the yellow header cells.
B15: The distance between two animals is the number of characters in which they differ. Similarity mixes shared ancestry with convergence: it is not a tree.
... B22: Compiled by Emmanuel G. Lozano, Department of Biology, College of Arts and Sciences, Pampanga State University. Original material is licensed CC BY-NC 4.0: credit required, non-commercial use only.

Sheet Enter data
A1: Enter your data
A2: Type only in yellow cells. Leave unused rows empty.
A4: 1. Character matrix (1 or 0). Type the character names in the header cells.
A5: Animal | B5: bilateral symmetry | C5: external segmentation | D5: jointed appendages | E5: chitinous exoskeleton | F5: calcareous shell | G5: muscular foot | H5: mantle | I5: radula | J5: closed circulatory system | K5: extensive true coelom | L5: ventral nerve cord | M5: complete digestive tract
A6: earthworm | B6: 1 | C6: 1 | D6: 0 | E6: 0 | F6: 0 | G6: 0 | H6: 0 | I6: 0 | J6: 1 | K6: 1 | L6: 1 | M6: 1
A17: 2. Two scorers score the same animal (1 or 0 per character)
A18: Character | B18: Scorer A | C18: Scorer B
A19: segmentation | B19: 1 | C19: 1

Sheet Results
B1: Results
B2: Everything on this sheet is calculated. Change only the yellow settings.
B4: Number of characters that differ between each pair of animals
B5: Animal | C5: vs animal 1 | D5: vs animal 2 | E5: vs animal 3 | F5: vs animal 4 | G5: vs animal 5 | H5: vs animal 6 | I5: vs animal 7 | J5: vs animal 8
B6: =IFERROR(IF('Enter data'!$A$7="","",'Enter data'!$A$7),"") | C6: =IFERROR(IF(OR('Enter data'!$A$7="",'Enter data'!$A$7=""),"",SUMPRODUCT(ABS('Enter data'!$B$7:$M$7-'Enter data'!$B$7:$M$7))),"") | D6: =IFERROR(IF(OR('Enter data'!$A$7="",'Enter data'!$A$8=""),"",SUMPRODUCT(ABS('Enter data'!$B$7:$M$7-'Enter data'!$B$8:$M$8))),"") | E6: =IFERROR(IF(OR('Enter data'!$A$7="",'Enter data'!$A$9=""),"",SUMPRODUCT(ABS('Enter data'!$B$7:$M$7-'Enter data'!$B$9:$M$9))),"") | F6: =IFERROR(IF(OR('Enter data'!$A$7="",'Enter data'!$A$10=""),"",SUMPRODUCT(ABS('Enter data'!$B$7:$M$7-'Enter data'!$B$10:$M$10))),"") | G6: =IFERROR(IF(OR('Enter data'!$A$7="",'Enter data'!$A$11=""),"",SUMPRODUCT(ABS('Enter data'!$B$7:$M$7-'Enter data'!$B$11:$M$11))),"") | H6: =IFERROR(IF(OR('Enter data'!$A$7="",'Enter data'!$A$12=""),"",SUMPRODUCT(ABS('Enter data'!$B$7:$M$7-'Enter data'!$B$12:$M$12))),"") | I6: =IFERROR(IF(OR('Enter data'!$A$7="",'Enter data'!$A$13=""),"",SUMPRODUCT(ABS('Enter data'!$B$7:$M$7-'Enter data'!$B$13:$M$13))),"") | J6: =IFERROR(IF(OR('Enter data'!$A$7="",'Enter data'!$A$14=""),"",SUMPRODUCT(ABS('Enter data'!$B$7:$M$7-'Enter data'!$B$14:$M$14))),"")
B7: =IFERROR(IF('Enter data'!$A$8="","",'Enter data'!$A$8),"") | C7: =IFERROR(IF(OR('Enter data'!$A$8="",'Enter data'!$A$7=""),"",SUMPRODUCT(ABS('Enter data'!$B$8:$M$8-'Enter data'!$B$7:$M$7))),"") | D7: =IFERROR(IF(OR('Enter data'!$A$8="",'Enter data'!$A$8=""),"",SUMPRODUCT(ABS('Enter data'!$B$8:$M$8-'Enter data'!$B$8:$M$8))),"") | E7: =IFERROR(IF(OR('Enter data'!$A$8="",'Enter data'!$A$9=""),"",SUMPRODUCT(ABS('Enter data'!$B$8:$M$8-'Enter data'!$B$9:$M$9))),"") | F7: =IFERROR(IF(OR('Enter data'!$A$8="",'Enter data'!$A$10=""),"",SUMPRODUCT(ABS('Enter data'!$B$8:$M$8-'Enter data'!$B$10:$M$10))),"") | G7: =IFERROR(IF(OR('Enter data'!$A$8="",'Enter data'!$A$11=""),"",SUMPRODUCT(ABS('Enter data'!$B$8:$M$8-'Enter data'!$B$11:$M$11))),"") | H7: =IFERROR(IF(OR('Enter data'!$A$8="",'Enter data'!$A$12=""),"",SUMPRODUCT(ABS('Enter data'!$B$8:$M$8-'Enter data'!$B$12:$M$12))),"") | I7: =IFERROR(IF(OR('Enter data'!$A$8="",'Enter data'!$A$13=""),"",SUMPRODUCT(ABS('Enter data'!$B$8:$M$8-'Enter data'!$B$13:$M$13))),"") | J7: =IFERROR(IF(OR('Enter data'!$A$8="",'Enter data'!$A$14=""),"",SUMPRODUCT(ABS('Enter data'!$B$8:$M$8-'Enter data'!$B$14:$M$14))),"")
B8: =IFERROR(IF('Enter data'!$A$9="","",'Enter data'!$A$9),"") | C8: =IFERROR(IF(OR('Enter data'!$A$9="",'Enter data'!$A$7=""),"",SUMPRODUCT(ABS('Enter data'!$B$9:$M$9-'Enter data'!$B$7:$M$7))),"") | D8: =IFERROR(IF(OR('Enter data'!$A$9="",'Enter data'!$A$8=""),"",SUMPRODUCT(ABS('Enter data'!$B$9:$M$9-'Enter data'!$B$8:$M$8))),"") | E8: =IFERROR(IF(OR('Enter data'!$A$9="",'Enter data'!$A$9=""),"",SUMPRODUCT(ABS('Enter data'!$B$9:$M$9-'Enter data'!$B$9:$M$9))),"") | F8: =IFERROR(IF(OR('Enter data'!$A$9="",'Enter data'!$A$10=""),"",SUMPRODUCT(ABS('Enter data'!$B$9:$M$9-'Enter data'!$B$10:$M$10))),"") | G8: =IFERROR(IF(OR('Enter data'!$A$9="",'Enter data'!$A$11=""),"",SUMPRODUCT(ABS('Enter data'!$B$9:$M$9-'Enter data'!$B$11:$M$11))),"") | H8: =IFERROR(IF(OR('Enter data'!$A$9="",'Enter data'!$A$12=""),"",SUMPRODUCT(ABS('Enter data'!$B$9:$M$9-'Enter data'!$B$12:$M$12))),"") | I8: =IFERROR(IF(OR('Enter data'!$A$9="",'Enter data'!$A$13=""),"",SUMPRODUCT(ABS('Enter data'!$B$9:$M$9-'Enter data'!$B$13:$M$13))),"") | J8: =IFERROR(IF(OR('Enter data'!$A$9="",'Enter data'!$A$14=""),"",SUMPRODUCT(ABS('Enter data'!$B$9:$M$9-'Enter data'!$B$14:$M$14))),"")
B9: =IFERROR(IF('Enter data'!$A$10="","",'Enter data'!$A$10),"") | C9: =IFERROR(IF(OR('Enter data'!$A$10="",'Enter data'!$A$7=""),"",SUMPRODUCT(ABS('Enter data'!$B$10:$M$10-'Enter data'!$B$7:$M$7))),"") | D9: =IFERROR(IF(OR('Enter data'!$A$10="",'Enter data'!$A$8=""),"",SUMPRODUCT(ABS('Enter data'!$B$10:$M$10-'Enter data'!$B$8:$M$8))),"") | E9: =IFERROR(IF(OR('Enter data'!$A$10="",'Enter data'!$A$9=""),"",SUMPRODUCT(ABS('Enter data'!$B$10:$M$10-'Enter data'!$B$9:$M$9))),"") | F9: =IFERROR(IF(OR('Enter data'!$A$10="",'Enter data'!$A$10=""),"",SUMPRODUCT(ABS('Enter data'!$B$10:$M$10-'Enter data'!$B$10:$M$10))),"") | G9: =IFERROR(IF(OR('Enter data'!$A$10="",'Enter data'!$A$11=""),"",SUMPRODUCT(ABS('Enter data'!$B$10:$M$10-'Enter data'!$B$11:$M$11))),"") | H9: =IFERROR(IF(OR('Enter data'!$A$10="",'Enter data'!$A$12=""),"",SUMPRODUCT(ABS('Enter data'!$B$10:$M$10-'Enter data'!$B$12:$M$12))),"") | I9: =IFERROR(IF(OR('Enter data'!$A$10="",'Enter data'!$A$13=""),"",SUMPRODUCT(ABS('Enter data'!$B$10:$M$10-'Enter data'!$B$13:$M$13))),"") | J9: =IFERROR(IF(OR('Enter data'!$A$10="",'Enter data'!$A$14=""),"",SUMPRODUCT(ABS('Enter data'!$B$10:$M$10-'Enter data'!$B$14:$M$14))),"")
B10: =IFERROR(IF('Enter data'!$A$11="","",'Enter data'!$A$11),"") | C10: =IFERROR(IF(OR('Enter data'!$A$11="",'Enter data'!$A$7=""),"",SUMPRODUCT(ABS('Enter data'!$B$11:$M$11-'Enter data'!$B$7:$M$7))),"") | D10: =IFERROR(IF(OR('Enter data'!$A$11="",'Enter data'!$A$8=""),"",SUMPRODUCT(ABS('Enter data'!$B$11:$M$11-'Enter data'!$B$8:$M$8))),"") | E10: =IFERROR(IF(OR('Enter data'!$A$11="",'Enter data'!$A$9=""),"",SUMPRODUCT(ABS('Enter data'!$B$11:$M$11-'Enter data'!$B$9:$M$9))),"") | F10: =IFERROR(IF(OR('Enter data'!$A$11="",'Enter data'!$A$10=""),"",SUMPRODUCT(ABS('Enter data'!$B$11:$M$11-'Enter data'!$B$10:$M$10))),"") | G10: =IFERROR(IF(OR('Enter data'!$A$11="",'Enter data'!$A$11=""),"",SUMPRODUCT(ABS('Enter data'!$B$11:$M$11-'Enter data'!$B$11:$M$11))),"") | H10: =IFERROR(IF(OR('Enter data'!$A$11="",'Enter data'!$A$12=""),"",SUMPRODUCT(ABS('Enter data'!$B$11:$M$11-'Enter data'!$B$12:$M$12))),"") | I10: =IFERROR(IF(OR('Enter data'!$A$11="",'Enter data'!$A$13=""),"",SUMPRODUCT(ABS('Enter data'!$B$11:$M$11-'Enter data'!$B$13:$M$13))),"") | J10: =IFERROR(IF(OR('Enter data'!$A$11="",'Enter data'!$A$14=""),"",SUMPRODUCT(ABS('Enter data'!$B$11:$M$11-'Enter data'!$B$14:$M$14))),"")
B11: =IFERROR(IF('Enter data'!$A$12="","",'Enter data'!$A$12),"") | C11: =IFERROR(IF(OR('Enter data'!$A$12="",'Enter data'!$A$7=""),"",SUMPRODUCT(ABS('Enter data'!$B$12:$M$12-'Enter data'!$B$7:$M$7))),"") | D11: =IFERROR(IF(OR('Enter data'!$A$12="",'Enter data'!$A$8=""),"",SUMPRODUCT(ABS('Enter data'!$B$12:$M$12-'Enter data'!$B$8:$M$8))),"") | E11: =IFERROR(IF(OR('Enter data'!$A$12="",'Enter data'!$A$9=""),"",SUMPRODUCT(ABS('Enter data'!$B$12:$M$12-'Enter data'!$B$9:$M$9))),"") | F11: =IFERROR(IF(OR('Enter data'!$A$12="",'Enter data'!$A$10=""),"",SUMPRODUCT(ABS('Enter data'!$B$12:$M$12-'Enter data'!$B$10:$M$10))),"") | G11: =IFERROR(IF(OR('Enter data'!$A$12="",'Enter data'!$A$11=""),"",SUMPRODUCT(ABS('Enter data'!$B$12:$M$12-'Enter data'!$B$11:$M$11))),"") | H11: =IFERROR(IF(OR('Enter data'!$A$12="",'Enter data'!$A$12=""),"",SUMPRODUCT(ABS('Enter data'!$B$12:$M$12-'Enter data'!$B$12:$M$12))),"") | I11: =IFERROR(IF(OR('Enter data'!$A$12="",'Enter data'!$A$13=""),"",SUMPRODUCT(ABS('Enter data'!$B$12:$M$12-'Enter data'!$B$13:$M$13))),"") | J11: =IFERROR(IF(OR('Enter data'!$A$12="",'Enter data'!$A$14=""),"",SUMPRODUCT(ABS('Enter data'!$B$12:$M$12-'Enter data'!$B$14:$M$14))),"")
B12: =IFERROR(IF('Enter data'!$A$13="","",'Enter data'!$A$13),"") | C12: =IFERROR(IF(OR('Enter data'!$A$13="",'Enter data'!$A$7=""),"",SUMPRODUCT(ABS('Enter data'!$B$13:$M$13-'Enter data'!$B$7:$M$7))),"") | D12: =IFERROR(IF(OR('Enter data'!$A$13="",'Enter data'!$A$8=""),"",SUMPRODUCT(ABS('Enter data'!$B$13:$M$13-'Enter data'!$B$8:$M$8))),"") | E12: =IFERROR(IF(OR('Enter data'!$A$13="",'Enter data'!$A$9=""),"",SUMPRODUCT(ABS('Enter data'!$B$13:$M$13-'Enter data'!$B$9:$M$9))),"") | F12: =IFERROR(IF(OR('Enter data'!$A$13="",'Enter data'!$A$10=""),"",SUMPRODUCT(ABS('Enter data'!$B$13:$M$13-'Enter data'!$B$10:$M$10))),"") | G12: =IFERROR(IF(OR('Enter data'!$A$13="",'Enter data'!$A$11=""),"",SUMPRODUCT(ABS('Enter data'!$B$13:$M$13-'Enter data'!$B$11:$M$11))),"") | H12: =IFERROR(IF(OR('Enter data'!$A$13="",'Enter data'!$A$12=""),"",SUMPRODUCT(ABS('Enter data'!$B$13:$M$13-'Enter data'!$B$12:$M$12))),"") | I12: =IFERROR(IF(OR('Enter data'!$A$13="",'Enter data'!$A$13=""),"",SUMPRODUCT(ABS('Enter data'!$B$13:$M$13-'Enter data'!$B$13:$M$13))),"") | J12: =IFERROR(IF(OR('Enter data'!$A$13="",'Enter data'!$A$14=""),"",SUMPRODUCT(ABS('Enter data'!$B$13:$M$13-'Enter data'!$B$14:$M$14))),"")
B13: =IFERROR(IF('Enter data'!$A$14="","",'Enter data'!$A$14),"") | C13: =IFERROR(IF(OR('Enter data'!$A$14="",'Enter data'!$A$7=""),"",SUMPRODUCT(ABS('Enter data'!$B$14:$M$14-'Enter data'!$B$7:$M$7))),"") | D13: =IFERROR(IF(OR('Enter data'!$A$14="",'Enter data'!$A$8=""),"",SUMPRODUCT(ABS('Enter data'!$B$14:$M$14-'Enter data'!$B$8:$M$8))),"") | E13: =IFERROR(IF(OR('Enter data'!$A$14="",'Enter data'!$A$9=""),"",SUMPRODUCT(ABS('Enter data'!$B$14:$M$14-'Enter data'!$B$9:$M$9))),"") | F13: =IFERROR(IF(OR('Enter data'!$A$14="",'Enter data'!$A$10=""),"",SUMPRODUCT(ABS('Enter data'!$B$14:$M$14-'Enter data'!$B$10:$M$10))),"") | G13: =IFERROR(IF(OR('Enter data'!$A$14="",'Enter data'!$A$11=""),"",SUMPRODUCT(ABS('Enter data'!$B$14:$M$14-'Enter data'!$B$11:$M$11))),"") | H13: =IFERROR(IF(OR('Enter data'!$A$14="",'Enter data'!$A$12=""),"",SUMPRODUCT(ABS('Enter data'!$B$14:$M$14-'Enter data'!$B$12:$M$12))),"") | I13: =IFERROR(IF(OR('Enter data'!$A$14="",'Enter data'!$A$13=""),"",SUMPRODUCT(ABS('Enter data'!$B$14:$M$14-'Enter data'!$B$13:$M$13))),"") | J13: =IFERROR(IF(OR('Enter data'!$A$14="",'Enter data'!$A$14=""),"",SUMPRODUCT(ABS('Enter data'!$B$14:$M$14-'Enter data'!$B$14:$M$14))),"")
B16: Character classes
B17: Character | C17: Animals with it | D17: Class
B18: =IFERROR('Enter data'!$B$5,"") -> bilateral symmetry | C18: =IFERROR(SUM('Enter data'!$B$7:$B$14),"") -> 0 | D18: =IFERROR(IF(COUNTA('Enter data'!$A$7:$A$14)=0,"",IF(C18=COUNTA('Enter data'!$A$7:$A$14),"in every animal",IF(C18=0,"in none",IF(C18=1,"unique to one animal",IF(C18=2,"shared by exactly two","shared by several"))))),"")
B19: =IFERROR('Enter data'!$C$5,"") -> external segmentation | C19: =IFERROR(SUM('Enter data'!$C$7:$C$14),"") -> 0 | D19: =IFERROR(IF(COUNTA('Enter data'!$A$7:$A$14)=0,"",IF(C19=COUNTA('Enter data'!$A$7:$A$14),"in every animal",IF(C19=0,"in none",IF(C19=1,"unique to one animal",IF(C19=2,"shared by exactly two","shared by several"))))),"")
B20: =IFERROR('Enter data'!$D$5,"") -> jointed appendages | C20: =IFERROR(SUM('Enter data'!$D$7:$D$14),"") -> 0 | D20: =IFERROR(IF(COUNTA('Enter data'!$A$7:$A$14)=0,"",IF(C20=COUNTA('Enter data'!$A$7:$A$14),"in every animal",IF(C20=0,"in none",IF(C20=1,"unique to one animal",IF(C20=2,"shared by exactly two","shared by several"))))),"")
B21: =IFERROR('Enter data'!$E$5,"") -> chitinous exoskeleton | C21: =IFERROR(SUM('Enter data'!$E$7:$E$14),"") -> 0 | D21: =IFERROR(IF(COUNTA('Enter data'!$A$7:$A$14)=0,"",IF(C21=COUNTA('Enter data'!$A$7:$A$14),"in every animal",IF(C21=0,"in none",IF(C21=1,"unique to one animal",IF(C21=2,"shared by exactly two","shared by several"))))),"")
B22: =IFERROR('Enter data'!$F$5,"") -> calcareous shell | C22: =IFERROR(SUM('Enter data'!$F$7:$F$14),"") -> 0 | D22: =IFERROR(IF(COUNTA('Enter data'!$A$7:$A$14)=0,"",IF(C22=COUNTA('Enter data'!$A$7:$A$14),"in every animal",IF(C22=0,"in none",IF(C22=1,"unique to one animal",IF(C22=2,"shared by exactly two","shared by several"))))),"")
B23: =IFERROR('Enter data'!$G$5,"") -> muscular foot | C23: =IFERROR(SUM('Enter data'!$G$7:$G$14),"") -> 0 | D23: =IFERROR(IF(COUNTA('Enter data'!$A$7:$A$14)=0,"",IF(C23=COUNTA('Enter data'!$A$7:$A$14),"in every animal",IF(C23=0,"in none",IF(C23=1,"unique to one animal",IF(C23=2,"shared by exactly two","shared by several"))))),"")
B24: =IFERROR('Enter data'!$H$5,"") -> mantle | C24: =IFERROR(SUM('Enter data'!$H$7:$H$14),"") -> 0 | D24: =IFERROR(IF(COUNTA('Enter data'!$A$7:$A$14)=0,"",IF(C24=COUNTA('Enter data'!$A$7:$A$14),"in every animal",IF(C24=0,"in none",IF(C24=1,"unique to one animal",IF(C24=2,"shared by exactly two","shared by several"))))),"")
B25: =IFERROR('Enter data'!$I$5,"") -> radula | C25: =IFERROR(SUM('Enter data'!$I$7:$I$14),"") -> 0 | D25: =IFERROR(IF(COUNTA('Enter data'!$A$7:$A$14)=0,"",IF(C25=COUNTA('Enter data'!$A$7:$A$14),"in every animal",IF(C25=0,"in none",IF(C25=1,"unique to one animal",IF(C25=2,"shared by exactly two","shared by several"))))),"")
B26: =IFERROR('Enter data'!$J$5,"") -> closed circulatory system | C26: =IFERROR(SUM('Enter data'!$J$7:$J$14),"") -> 0 | D26: =IFERROR(IF(COUNTA('Enter data'!$A$7:$A$14)=0,"",IF(C26=COUNTA('Enter data'!$A$7:$A$14),"in every animal",IF(C26=0,"in none",IF(C26=1,"unique to one animal",IF(C26=2,"shared by exactly two","shared by several"))))),"")
B27: =IFERROR('Enter data'!$K$5,"") -> extensive true coelom | C27: =IFERROR(SUM('Enter data'!$K$7:$K$14),"") -> 0 | D27: =IFERROR(IF(COUNTA('Enter data'!$A$7:$A$14)=0,"",IF(C27=COUNTA('Enter data'!$A$7:$A$14),"in every animal",IF(C27=0,"in none",IF(C27=1,"unique to one animal",IF(C27=2,"shared by exactly two","shared by several"))))),"")
B28: =IFERROR('Enter data'!$L$5,"") -> ventral nerve cord | C28: =IFERROR(SUM('Enter data'!$L$7:$L$14),"") -> 0 | D28: =IFERROR(IF(COUNTA('Enter data'!$A$7:$A$14)=0,"",IF(C28=COUNTA('Enter data'!$A$7:$A$14),"in every animal",IF(C28=0,"in none",IF(C28=1,"unique to one animal",IF(C28=2,"shared by exactly two","shared by several"))))),"")
B29: =IFERROR('Enter data'!$M$5,"") -> complete digestive tract | C29: =IFERROR(SUM('Enter data'!$M$7:$M$14),"") -> 0 | D29: =IFERROR(IF(COUNTA('Enter data'!$A$7:$A$14)=0,"",IF(C29=COUNTA('Enter data'!$A$7:$A$14),"in every animal",IF(C29=0,"in none",IF(C29=1,"unique to one animal",IF(C29=2,"shared by exactly two","shared by several"))))),"")
B32: Scorer agreement (Cohen's kappa)
B33: Characters scored by both | C33: =IFERROR(COUNTIFS('Enter data'!$B$20:$B$31,1,'Enter data'!$C$20:$C$31,1)+COUNTIFS('Enter data'!$B$20:$B$31,1,'Enter data'!$C$20:$C$31,0)+COUNTIFS('Enter data'!$B$20:$B$31,0,'Enter data'!$C$20:$C$31,1)+COUNTIFS('Enter data'!$B$20:$B$31,0,'Enter data'!$C$20:$C$31,0),"") -> 0
B34: Simple agreement | C34: =IFERROR((COUNTIFS('Enter data'!$B$20:$B$31,1,'Enter data'!$C$20:$C$31,1)+COUNTIFS('Enter data'!$B$20:$B$31,0,'Enter data'!$C$20:$C$31,0))/$C$33,"")
B35: Agreement expected by chance | C35: =IFERROR(((COUNTIFS('Enter data'!$B$20:$B$31,1,'Enter data'!$C$20:$C$31,1)+COUNTIFS('Enter data'!$B$20:$B$31,1,'Enter data'!$C$20:$C$31,0))*(COUNTIFS('Enter data'!$B$20:$B$31,1,'Enter data'!$C$20:$C$31,1)+COUNTIFS('Enter data'!$B$20:$B$31,0,'Enter data'!$C$20:$C$31,1))+(COUNTIFS('Enter data'!$B$20:$B$31,0,'Enter data'!$C$20:$C$31,1)+COUNTIFS('Enter data'!$B$20:$B$31,0,'Enter data'!$C$20:$C$31,0))*(COUNTIFS('Enter data'!$B$20:$B$31,1,'Enter data'!$C$20:$C$31,0)+COUNTIFS('Enter data'!$B$20:$B$31,0,'Enter data'!$C$20:$C$31,0)))/$C$33^2,"")
B36: Cohen's kappa | C36: =IFERROR(($C$34-$C$35)/(1-$C$35),"")
