Workbook

Sheet Start here
B1: ZOO-04 Heart rate and temperature in Daphnia: Q10
B2: Excel version of the card. It does the same calculations as the R script daphnia_q10.R.
B4: How to use this workbook
B5: 1. Go to the 'Enter data' sheet. Type only in the yellow cells with blue text. Grey cells are calculated for you.
B6: 2. Fill the blocks that apply. Leave rows you did not use empty. The grey italic row above each table is an example of the format and is not used.
B7: 3. Open the 'Results' sheet. Everything there is calculated. Yellow cells on that sheet are settings you may change.
B9: What the colours mean
B10: Yellow cell, blue text: you type here.
B11: Grey cell: a formula. Sheets are protected without a password so formulas are not overwritten by accident (Review > Unprotect Sheet).
B13: Assumptions and sources
B14: Rate (beats per minute) = mean of the two counts / seconds x 60. Q10 from all the data uses ln(rate) against temperature with each animal as its own block: the slope is calculated from deviations from each animal's own means. Q10 = exp(10 x slope).
B15: Q10 between two temperatures = (R2 / R1)^(10 / (T2 - T1)). Limit the water temperature to 30 C or below.
... B19: Compiled by Emmanuel G. Lozano, Department of Biology, College of Arts and Sciences, Pampanga State University. Original material is licensed CC BY-NC 4.0: credit required, non-commercial use only.

Sheet Enter data
A1: Enter your data
A2: Type only in yellow cells. Leave unused rows empty.
A4: 1. Counts (one row per animal and temperature)
A5: Animal number | B5: Temperature (C) | C5: Beats, count 1 | D5: Beats, count 2 | E5: Seconds counted | F5: Rate (beats per minute) | G5: ln(rate) | H5: ln(rate) minus animal mean | I5: First row of this animal | J5: Temperature minus animal mean
A6: 1 | B6: 20 | C6: 50 | D6: 51 | E6: 15
A7: 1 | B7: 10.1 | C7: 23 | D7: 21 | E7: 15 | F7: =IF(AND(ISNUMBER(C7),ISNUMBER(D7),ISNUMBER(E7)),(C7+D7)/2/E7*60,0) -> 88 | G7: =IF(F7>0,LN(F7),0) -> 4.4773368 | H7: =IF(F7>0,G7-SUMIFS(G$7:G$66,A$7:A$66,A7,F$7:F$66,">0")/COUNTIFS(A$7:A$66,A7,F$7:F$66,">0"),0) -> -0.74481667 | I7: =IF(F7>0,IF(COUNTIFS(A$7:A7,A7,F$7:F7,">0")=1,1,0),0) -> 1 | J7: =IF(F7>0,B7-SUMIFS(B$7:B$66,A$7:A$66,A7,F$7:F$66,">0")/COUNTIFS(A$7:A$66,A7,F$7:F$66,">0"),0) -> -10.02
A8: 1 | B8: 15 | C8: 36 | D8: 35 | E8: 15 | F8: =IF(AND(ISNUMBER(C8),ISNUMBER(D8),ISNUMBER(E8)),(C8+D8)/2/E8*60,0) -> 142 | G8: =IF(F8>0,LN(F8),0) -> 4.9558271 | H8: =IF(F8>0,G8-SUMIFS(G$7:G$66,A$7:A$66,A8,F$7:F$66,">0")/COUNTIFS(A$7:A$66,A8,F$7:F$66,">0"),0) -> -0.26632643 | I8: =IF(F8>0,IF(COUNTIFS(A$7:A8,A8,F$7:F8,">0")=1,1,0),0) -> 0 | J8: =IF(F8>0,B8-SUMIFS(B$7:B$66,A$7:A$66,A8,F$7:F$66,">0")/COUNTIFS(A$7:A$66,A8,F$7:F$66,">0"),0) -> -5.12
A9: 1 | B9: 20.5 | C9: 43 | D9: 53 | E9: 15 | F9: =IF(AND(ISNUMBER(C9),ISNUMBER(D9),ISNUMBER(E9)),(C9+D9)/2/E9*60,0) -> 192 | G9: =IF(F9>0,LN(F9),0) -> 5.2574954 | H9: =IF(F9>0,G9-SUMIFS(G$7:G$66,A$7:A$66,A9,F$7:F$66,">0")/COUNTIFS(A$7:A$66,A9,F$7:F$66,">0"),0) -> 0.035341888 | I9: =IF(F9>0,IF(COUNTIFS(A$7:A9,A9,F$7:F9,">0")=1,1,0),0) -> 0 | J9: =IF(F9>0,B9-SUMIFS(B$7:B$66,A$7:A$66,A9,F$7:F$66,">0")/COUNTIFS(A$7:A$66,A9,F$7:F$66,">0"),0) -> 0.38
A10: 1 | B10: 25.2 | C10: 56 | D10: 72 | E10: 15 | F10: =IF(AND(ISNUMBER(C10),ISNUMBER(D10),ISNUMBER(E10)),(C10+D10)/2/E10*60,0) -> 256 | G10: =IF(F10>0,LN(F10),0) -> 5.5451774 | H10: =IF(F10>0,G10-SUMIFS(G$7:G$66,A$7:A$66,A10,F$7:F$66,">0")/COUNTIFS(A$7:A$66,A10,F$7:F$66,">0"),0) -> 0.32302396 | I10: =IF(F10>0,IF(COUNTIFS(A$7:A10,A10,F$7:F10,">0")=1,1,0),0) -> 0 | J10: =IF(F10>0,B10-SUMIFS(B$7:B$66,A$7:A$66,A10,F$7:F$66,">0")/COUNTIFS(A$7:A$66,A10,F$7:F$66,">0"),0) -> 5.08
A11: 1 | B11: 29.8 | C11: 91 | D11: 87 | E11: 15 | F11: =IF(AND(ISNUMBER(C11),ISNUMBER(D11),ISNUMBER(E11)),(C11+D11)/2/E11*60,0) -> 356 | G11: =IF(F11>0,LN(F11),0) -> 5.8749307 | H11: =IF(F11>0,G11-SUMIFS(G$7:G$66,A$7:A$66,A11,F$7:F$66,">0")/COUNTIFS(A$7:A$66,A11,F$7:F$66,">0"),0) -> 0.65277725 | I11: =IF(F11>0,IF(COUNTIFS(A$7:A11,A11,F$7:F11,">0")=1,1,0),0) -> 0 | J11: =IF(F11>0,B11-SUMIFS(B$7:B$66,A$7:A$66,A11,F$7:F$66,">0")/COUNTIFS(A$7:A$66,A11,F$7:F$66,">0"),0) -> 9.68
A12: 2 | B12: 10.3 | C12: 28 | D12: 32 | E12: 15 | F12: =IF(AND(ISNUMBER(C12),ISNUMBER(D12),ISNUMBER(E12)),(C12+D12)/2/E12*60,0) -> 120 | G12: =IF(F12>0,LN(F12),0) -> 4.7874917 | H12: =IF(F12>0,G12-SUMIFS(G$7:G$66,A$7:A$66,A12,F$7:F$66,">0")/COUNTIFS(A$7:A$66,A12,F$7:F$66,">0"),0) -> -0.55539093 | I12: =IF(F12>0,IF(COUNTIFS(A$7:A12,A12,F$7:F12,">0")=1,1,0),0) -> 1 | J12: =IF(F12>0,B12-SUMIFS(B$7:B$66,A$7:A$66,A12,F$7:F$66,">0")/COUNTIFS(A$7:A$66,A12,F$7:F$66,">0"),0) -> -9.84
A13: 2 | B13: 14.8 | C13: 27 | D13: 35 | E13: 15 | F13: =IF(AND(ISNUMBER(C13),ISNUMBER(D13),ISNUMBER(E13)),(C13+D13)/2/E13*60,0) -> 124 | G13: =IF(F13>0,LN(F13),0) -> 4.8202816 | H13: =IF(F13>0,G13-SUMIFS(G$7:G$66,A$7:A$66,A13,F$7:F$66,">0")/COUNTIFS(A$7:A$66,A13,F$7:F$66,">0"),0) -> -0.52260111 | I13: =IF(F13>0,IF(COUNTIFS(A$7:A13,A13,F$7:F13,">0")=1,1,0),0) -> 0 | J13: =IF(F13>0,B13-SUMIFS(B$7:B$66,A$7:A$66,A13,F$7:F$66,">0")/COUNTIFS(A$7:A$66,A13,F$7:F$66,">0"),0) -> -5.34
A14: 2 | B14: 20.2 | C14: 57 | D14: 58 | E14: 15 | F14: =IF(AND(ISNUMBER(C14),ISNUMBER(D14),ISNUMBER(E14)),(C14+D14)/2/E14*60,0) -> 230 | G14: =IF(F14>0,LN(F14),0) -> 5.4380793 | H14: =IF(F14>0,G14-SUMIFS(G$7:G$66,A$7:A$66,A14,F$7:F$66,">0")/COUNTIFS(A$7:A$66,A14,F$7:F$66,">0"),0) -> 0.095196634 | I14: =IF(F14>0,IF(COUNTIFS(A$7:A14,A14,F$7:F14,">0")=1,1,0),0) -> 0 | J14: =IF(F14>0,B14-SUMIFS(B$7:B$66,A$7:A$66,A14,F$7:F$66,">0")/COUNTIFS(A$7:A$66,A14,F$7:F$66,">0"),0) -> 0.06
A15: 2 | B15: 25.3 | C15: 60 | D15: 67 | E15: 15 | F15: =IF(AND(ISNUMBER(C15),ISNUMBER(D15),ISNUMBER(E15)),(C15+D15)/2/E15*60,0) -> 254 | G15: =IF(F15>0,LN(F15),0) -> 5.5373343 | H15: =IF(F15>0,G15-SUMIFS(G$7:G$66,A$7:A$66,A15,F$7:F$66,">0")/COUNTIFS(A$7:A$66,A15,F$7:F$66,">0"),0) -> 0.19445159 | I15: =IF(F15>0,IF(COUNTIFS(A$7:A15,A15,F$7:F15,">0")=1,1,0),0) -> 0 | J15: =IF(F15>0,B15-SUMIFS(B$7:B$66,A$7:A$66,A15,F$7:F$66,">0")/COUNTIFS(A$7:A$66,A15,F$7:F$66,">0"),0) -> 5.16
A16: 2 | B16: 30.1 | C16: 115 | D16: 115 | E16: 15 | F16: =IF(AND(ISNUMBER(C16),ISNUMBER(D16),ISNUMBER(E16)),(C16+D16)/2/E16*60,0) -> 460 | G16: =IF(F16>0,LN(F16),0) -> 6.1312265 | H16: =IF(F16>0,G16-SUMIFS(G$7:G$66,A$7:A$66,A16,F$7:F$66,">0")/COUNTIFS(A$7:A$66,A16,F$7:F$66,">0"),0) -> 0.78834381 | I16: =IF(F16>0,IF(COUNTIFS(A$7:A16,A16,F$7:F16,">0")=1,1,0),0) -> 0 | J16: =IF(F16>0,B16-SUMIFS(B$7:B$66,A$7:A$66,A16,F$7:F$66,">0")/COUNTIFS(A$7:A$66,A16,F$7:F$66,">0"),0) -> 9.96
A17: 3 | B17: 9.9 | C17: 19 | D17: 15 | E17: 15 | F17: =IF(AND(ISNUMBER(C17),ISNUMBER(D17),ISNUMBER(E17)),(C17+D17)/2/E17*60,0) -> 68 | G17: =IF(F17>0,LN(F17),0) -> 4.2195077 | H17: =IF(F17>0,G17-SUMIFS(G$7:G$66,A$7:A$66,A17,F$7:F$66,">0")/COUNTIFS(A$7:A$66,A17,F$7:F$66,">0"),0) -> -0.98208088 | I17: =IF(F17>0,IF(COUNTIFS(A$7:A17,A17,F$7:F17,">0")=1,1,0),0) -> 1 | J17: =IF(F17>0,B17-SUMIFS(B$7:B$66,A$7:A$66,A17,F$7:F$66,">0")/COUNTIFS(A$7:A$66,A17,F$7:F$66,">0"),0) -> -9.92
A18: 3 | B18: 14.5 | C18: 35 | D18: 31 | E18: 15 | F18: =IF(AND(ISNUMBER(C18),ISNUMBER(D18),ISNUMBER(E18)),(C18+D18)/2/E18*60,0) -> 132 | G18: =IF(F18>0,LN(F18),0) -> 4.8828019 | H18: =IF(F18>0,G18-SUMIFS(G$7:G$66,A$7:A$66,A18,F$7:F$66,">0")/COUNTIFS(A$7:A$66,A18,F$7:F$66,">0"),0) -> -0.31878667 | I18: =IF(F18>0,IF(COUNTIFS(A$7:A18,A18,F$7:F18,">0")=1,1,0),0) -> 0 | J18: =IF(F18>0,B18-SUMIFS(B$7:B$66,A$7:A$66,A18,F$7:F$66,">0")/COUNTIFS(A$7:A$66,A18,F$7:F$66,">0"),0) -> -5.32
... A46: 8 | B46: 30 | C46: 109 | D46: 117 | E46: 15 | F46: =IF(AND(ISNUMBER(C46),ISNUMBER(D46),ISNUMBER(E46)),(C46+D46)/2/E46*60,0) -> 452 | G46: =IF(F46>0,LN(F46),0) -> 6.1136822 | H46: =IF(F46>0,G46-SUMIFS(G$7:G$66,A$7:A$66,A46,F$7:F$66,">0")/COUNTIFS(A$7:A$66,A46,F$7:F$66,">0"),0) -> 0.89959105 | I46: =IF(F46>0,IF(COUNTIFS(A$7:A46,A46,F$7:F46,">0")=1,1,0),0) -> 0 | J46: =IF(F46>0,B46-SUMIFS(B$7:B$66,A$7:A$66,A46,F$7:F$66,">0")/COUNTIFS(A$7:A$66,A46,F$7:F$66,">0"),0) -> 10.02
F47: =IF(AND(ISNUMBER(C47),ISNUMBER(D47),ISNUMBER(E47)),(C47+D47)/2/E47*60,0) -> 0 | G47: =IF(F47>0,LN(F47),0) -> 0 | H47: =IF(F47>0,G47-SUMIFS(G$7:G$66,A$7:A$66,A47,F$7:F$66,">0")/COUNTIFS(A$7:A$66,A47,F$7:F$66,">0"),0) -> 0 | I47: =IF(F47>0,IF(COUNTIFS(A$7:A47,A47,F$7:F47,">0")=1,1,0),0) -> 0 | J47: =IF(F47>0,B47-SUMIFS(B$7:B$66,A$7:A$66,A47,F$7:F$66,">0")/COUNTIFS(A$7:A$66,A47,F$7:F$66,">0"),0) -> 0
F48: =IF(AND(ISNUMBER(C48),ISNUMBER(D48),ISNUMBER(E48)),(C48+D48)/2/E48*60,0) -> 0 | G48: =IF(F48>0,LN(F48),0) -> 0 | H48: =IF(F48>0,G48-SUMIFS(G$7:G$66,A$7:A$66,A48,F$7:F$66,">0")/COUNTIFS(A$7:A$66,A48,F$7:F$66,">0"),0) -> 0 | I48: =IF(F48>0,IF(COUNTIFS(A$7:A48,A48,F$7:F48,">0")=1,1,0),0) -> 0 | J48: =IF(F48>0,B48-SUMIFS(B$7:B$66,A$7:A$66,A48,F$7:F$66,">0")/COUNTIFS(A$7:A$66,A48,F$7:F$66,">0"),0) -> 0
F49: =IF(AND(ISNUMBER(C49),ISNUMBER(D49),ISNUMBER(E49)),(C49+D49)/2/E49*60,0) -> 0 | G49: =IF(F49>0,LN(F49),0) -> 0 | H49: =IF(F49>0,G49-SUMIFS(G$7:G$66,A$7:A$66,A49,F$7:F$66,">0")/COUNTIFS(A$7:A$66,A49,F$7:F$66,">0"),0) -> 0 | I49: =IF(F49>0,IF(COUNTIFS(A$7:A49,A49,F$7:F49,">0")=1,1,0),0) -> 0 | J49: =IF(F49>0,B49-SUMIFS(B$7:B$66,A$7:A$66,A49,F$7:F$66,">0")/COUNTIFS(A$7:A$66,A49,F$7:F$66,">0"),0) -> 0
F50: =IF(AND(ISNUMBER(C50),ISNUMBER(D50),ISNUMBER(E50)),(C50+D50)/2/E50*60,0) -> 0 | G50: =IF(F50>0,LN(F50),0) -> 0 | H50: =IF(F50>0,G50-SUMIFS(G$7:G$66,A$7:A$66,A50,F$7:F$66,">0")/COUNTIFS(A$7:A$66,A50,F$7:F$66,">0"),0) -> 0 | I50: =IF(F50>0,IF(COUNTIFS(A$7:A50,A50,F$7:F50,">0")=1,1,0),0) -> 0 | J50: =IF(F50>0,B50-SUMIFS(B$7:B$66,A$7:A$66,A50,F$7:F$66,">0")/COUNTIFS(A$7:A$66,A50,F$7:F$66,">0"),0) -> 0
F51: =IF(AND(ISNUMBER(C51),ISNUMBER(D51),ISNUMBER(E51)),(C51+D51)/2/E51*60,0) -> 0 | G51: =IF(F51>0,LN(F51),0) -> 0 | H51: =IF(F51>0,G51-SUMIFS(G$7:G$66,A$7:A$66,A51,F$7:F$66,">0")/COUNTIFS(A$7:A$66,A51,F$7:F$66,">0"),0) -> 0 | I51: =IF(F51>0,IF(COUNTIFS(A$7:A51,A51,F$7:F51,">0")=1,1,0),0) -> 0 | J51: =IF(F51>0,B51-SUMIFS(B$7:B$66,A$7:A$66,A51,F$7:F$66,">0")/COUNTIFS(A$7:A$66,A51,F$7:F$66,">0"),0) -> 0
F52: =IF(AND(ISNUMBER(C52),ISNUMBER(D52),ISNUMBER(E52)),(C52+D52)/2/E52*60,0) -> 0 | G52: =IF(F52>0,LN(F52),0) -> 0 | H52: =IF(F52>0,G52-SUMIFS(G$7:G$66,A$7:A$66,A52,F$7:F$66,">0")/COUNTIFS(A$7:A$66,A52,F$7:F$66,">0"),0) -> 0 | I52: =IF(F52>0,IF(COUNTIFS(A$7:A52,A52,F$7:F52,">0")=1,1,0),0) -> 0 | J52: =IF(F52>0,B52-SUMIFS(B$7:B$66,A$7:A$66,A52,F$7:F$66,">0")/COUNTIFS(A$7:A$66,A52,F$7:F$66,">0"),0) -> 0
F53: =IF(AND(ISNUMBER(C53),ISNUMBER(D53),ISNUMBER(E53)),(C53+D53)/2/E53*60,0) -> 0 | G53: =IF(F53>0,LN(F53),0) -> 0 | H53: =IF(F53>0,G53-SUMIFS(G$7:G$66,A$7:A$66,A53,F$7:F$66,">0")/COUNTIFS(A$7:A$66,A53,F$7:F$66,">0"),0) -> 0 | I53: =IF(F53>0,IF(COUNTIFS(A$7:A53,A53,F$7:F53,">0")=1,1,0),0) -> 0 | J53: =IF(F53>0,B53-SUMIFS(B$7:B$66,A$7:A$66,A53,F$7:F$66,">0")/COUNTIFS(A$7:A$66,A53,F$7:F$66,">0"),0) -> 0
F54: =IF(AND(ISNUMBER(C54),ISNUMBER(D54),ISNUMBER(E54)),(C54+D54)/2/E54*60,0) -> 0 | G54: =IF(F54>0,LN(F54),0) -> 0 | H54: =IF(F54>0,G54-SUMIFS(G$7:G$66,A$7:A$66,A54,F$7:F$66,">0")/COUNTIFS(A$7:A$66,A54,F$7:F$66,">0"),0) -> 0 | I54: =IF(F54>0,IF(COUNTIFS(A$7:A54,A54,F$7:F54,">0")=1,1,0),0) -> 0 | J54: =IF(F54>0,B54-SUMIFS(B$7:B$66,A$7:A$66,A54,F$7:F$66,">0")/COUNTIFS(A$7:A$66,A54,F$7:F$66,">0"),0) -> 0
F55: =IF(AND(ISNUMBER(C55),ISNUMBER(D55),ISNUMBER(E55)),(C55+D55)/2/E55*60,0) -> 0 | G55: =IF(F55>0,LN(F55),0) -> 0 | H55: =IF(F55>0,G55-SUMIFS(G$7:G$66,A$7:A$66,A55,F$7:F$66,">0")/COUNTIFS(A$7:A$66,A55,F$7:F$66,">0"),0) -> 0 | I55: =IF(F55>0,IF(COUNTIFS(A$7:A55,A55,F$7:F55,">0")=1,1,0),0) -> 0 | J55: =IF(F55>0,B55-SUMIFS(B$7:B$66,A$7:A$66,A55,F$7:F$66,">0")/COUNTIFS(A$7:A$66,A55,F$7:F$66,">0"),0) -> 0
F56: =IF(AND(ISNUMBER(C56),ISNUMBER(D56),ISNUMBER(E56)),(C56+D56)/2/E56*60,0) -> 0 | G56: =IF(F56>0,LN(F56),0) -> 0 | H56: =IF(F56>0,G56-SUMIFS(G$7:G$66,A$7:A$66,A56,F$7:F$66,">0")/COUNTIFS(A$7:A$66,A56,F$7:F$66,">0"),0) -> 0 | I56: =IF(F56>0,IF(COUNTIFS(A$7:A56,A56,F$7:F56,">0")=1,1,0),0) -> 0 | J56: =IF(F56>0,B56-SUMIFS(B$7:B$66,A$7:A$66,A56,F$7:F$66,">0")/COUNTIFS(A$7:A$66,A56,F$7:F$66,">0"),0) -> 0
F57: =IF(AND(ISNUMBER(C57),ISNUMBER(D57),ISNUMBER(E57)),(C57+D57)/2/E57*60,0) -> 0 | G57: =IF(F57>0,LN(F57),0) -> 0 | H57: =IF(F57>0,G57-SUMIFS(G$7:G$66,A$7:A$66,A57,F$7:F$66,">0")/COUNTIFS(A$7:A$66,A57,F$7:F$66,">0"),0) -> 0 | I57: =IF(F57>0,IF(COUNTIFS(A$7:A57,A57,F$7:F57,">0")=1,1,0),0) -> 0 | J57: =IF(F57>0,B57-SUMIFS(B$7:B$66,A$7:A$66,A57,F$7:F$66,">0")/COUNTIFS(A$7:A$66,A57,F$7:F$66,">0"),0) -> 0
F58: =IF(AND(ISNUMBER(C58),ISNUMBER(D58),ISNUMBER(E58)),(C58+D58)/2/E58*60,0) -> 0 | G58: =IF(F58>0,LN(F58),0) -> 0 | H58: =IF(F58>0,G58-SUMIFS(G$7:G$66,A$7:A$66,A58,F$7:F$66,">0")/COUNTIFS(A$7:A$66,A58,F$7:F$66,">0"),0) -> 0 | I58: =IF(F58>0,IF(COUNTIFS(A$7:A58,A58,F$7:F58,">0")=1,1,0),0) -> 0 | J58: =IF(F58>0,B58-SUMIFS(B$7:B$66,A$7:A$66,A58,F$7:F$66,">0")/COUNTIFS(A$7:A$66,A58,F$7:F$66,">0"),0) -> 0
... F66: =IF(AND(ISNUMBER(C66),ISNUMBER(D66),ISNUMBER(E66)),(C66+D66)/2/E66*60,0) -> 0 | G66: =IF(F66>0,LN(F66),0) -> 0 | H66: =IF(F66>0,G66-SUMIFS(G$7:G$66,A$7:A$66,A66,F$7:F$66,">0")/COUNTIFS(A$7:A$66,A66,F$7:F$66,">0"),0) -> 0 | I66: =IF(F66>0,IF(COUNTIFS(A$7:A66,A66,F$7:F66,">0")=1,1,0),0) -> 0 | J66: =IF(F66>0,B66-SUMIFS(B$7:B$66,A$7:A$66,A66,F$7:F$66,">0")/COUNTIFS(A$7:A$66,A66,F$7:F$66,">0"),0) -> 0

Sheet Results
B1: Results
B2: Everything on this sheet is calculated. Change only the yellow settings.
B4: Q10 from all the data (animal as a block)
B5: Measurements used | C5: =IFERROR(COUNTIF('Enter data'!$F$7:$F$66,">0"),"") -> 40
B6: Animals | C6: =IFERROR(SUM('Enter data'!$I$7:$I$66),"") -> 8 | D6: Number of different animal numbers.
B7: Slope of ln(rate) on temperature (per C) | C7: =IFERROR(SUMPRODUCT('Enter data'!$J$7:$J$66,'Enter data'!$H$7:$H$66)/SUMSQ('Enter data'!$J$7:$J$66),"") -> 0.07944381
B8: Residual sum of squares | C8: =IFERROR(SUMSQ('Enter data'!$H$7:$H$66)-$C$7^2*SUMSQ('Enter data'!$J$7:$J$66),"") -> 0.33285555
B9: Standard error of the slope | C9: =IFERROR(SQRT($C$8/($C$5-$C$6-1)/SUMSQ('Enter data'!$J$7:$J$66)),"") -> 0.0023209323
B10: Q10 | C10: =IFERROR(EXP(10*$C$7),"") -> 2.2131971
B11: Q10, 95% interval lower | C11: =IFERROR(EXP(10*($C$7-TINV(0.05,$C$5-$C$6-1)*$C$9)),"") -> 2.1108746
B12: Q10, 95% interval upper | C12: =IFERROR(EXP(10*($C$7+TINV(0.05,$C$5-$C$6-1)*$C$9)),"") -> 2.3204795
B14: Q10 from two temperatures (worked example: 150 bpm at 15 C and 300 bpm at 25 C)
B15: Q10 | C15: =IFERROR((300/150)^(10/(25-15)),"") -> 2
